ID,returned
38683,0
64939,0
3954,0
120374,0
172861,0
149303,0
111626,0
164553,0
55779,0
141990,0
176728,0
22049,0
77431,0
111499,0
228764,0
29675,0
36726,0
75959,0
247465,0
128856,0
34524,0
114951,0
101078,0
209306,0
123691,0
120449,0
98055,0
198904,0
113368,0
15501,0
180179,0
111013,0
208704,0
138104,0
155476,0
60727,0
175429,0
24991,0
121661,0
42897,0
65707,0
24629,0
38489,0
43700,0
81627,0
103296,0
120291,0
6124,0
205283,0
14438,0
112758,0
155037,0
163613,0
168088,0
89085,0
178220,0
44622,0
181518,0
110182,0
236010,0
105083,0
15230,0
1189,0
155433,0
107704,0
111047,0
68067,0
100473,0
152019,0
199817,0
68528,0
124987,0
20281,0
160849,0
125905,0
93084,0
12670,0
233662,0
71254,0
12954,0
101822,0
95828,0
135247,0
26909,0
121176,0
72156,0
20621,0
80045,0
81275,0
161593,0
194245,0
167957,0
57524,0
210118,0
80721,0
156220,0
230115,0
114916,0
35692,0
139737,0
221840,0
69582,0
32923,0
230746,0
198761,0
169665,0
229619,0
13858,0
63093,0
176365,0
87568,0
125538,0
238783,0
45550,0
197861,0
201859,0
226609,0
44712,0
77887,0
111284,0
234144,0
207862,0
7158,0
44540,0
93832,0
99367,0
15156,0
24018,0
50731,0
195214,0
171592,0
36254,0
117580,0
113098,0
45961,0
238699,0
150967,0
137692,0
110561,0
66853,0
38971,0
142669,0
85239,0
136513,0
179822,0
29588,0
228035,0
36216,0
187120,0
37283,0
15272,0
86250,0
45339,0
236643,0
243561,0
215495,0
237150,0
155184,0
187248,0
157928,0
134935,0
62170,0
55181,0
117,0
11546,0
202033,0
127414,0
56137,0
108062,0
126807,0
215901,0
73122,0
197598,0
30157,0
133698,0
48288,0
79598,0
195561,0
200803,0
197737,0
181212,0
29208,0
34790,0
124863,0
238481,0
715,0
190432,0
104833,0
235719,0
157252,0
112663,0
106798,0
18563,0
50992,0
191416,0
169128,0
13694,0
125878,0
197499,0
242421,0
173300,0
127848,0
92552,0
46616,0
228548,0
197154,0
59549,0
80342,0
70425,0
72546,0
100002,0
71487,0
129629,0
2680,0
34794,0
180856,0
32249,0
88686,0
31170,0
16700,0
68331,0
167805,0
70004,0
51068,0
19953,0
156695,0
53681,0
229839,0
226451,0
221606,0
134289,0
101251,0
225726,0
57258,0
91445,0
177959,0
122212,0
14151,0
139721,0
158092,0
139469,0
33643,0
146060,0
108221,0
9489,0
49461,0
236326,0
213499,0
93933,0
243270,0
142040,0
127080,0
63008,0
98105,0
208047,0
8421,0
152114,0
80413,0
22066,0
18419,0
133288,0
74352,0
29774,0
130106,0
174306,0
181959,0
8839,0
188196,0
179896,0
216901,0
170435,0
131446,0
109455,0
221714,0
31889,0
239717,0
216882,0
22100,0
117924,0
90937,0
198483,0
44427,0
13955,0
48472,0
16006,0
167602,0
104853,0
68609,0
8052,0
71849,0
53650,0
242112,0
150467,0
10460,0
149973,0
192417,0
176913,0
165321,0
6274,0
5317,0
59573,0
83594,0
14533,0
114981,0
236306,0
17336,0
157802,0
180501,0
14519,0
61507,0
57236,0
215734,0
140574,0
121641,0
104740,0
42458,0
28573,0
132638,0
141515,0
80029,0
219251,0
113899,0
205367,0
230344,0
240149,0
63222,0
137185,0
221963,0
126650,0
132102,0
150982,0
129224,0
249716,0
45450,0
156704,0
205777,0
216061,0
28697,0
112295,0
132194,0
175689,0
148889,0
75473,0
177340,0
223133,0
102469,0
13649,0
237610,0
68104,0
234948,0
197704,0
169479,0
6943,0
149471,0
159603,0
30624,0
84417,0
234370,0
143050,0
85484,0
74621,0
79614,0
146518,0
128064,0
195040,0
111253,0
134510,0
206689,0
168698,0
45294,0
60672,0
113705,0
204762,0
85710,0
31752,0
219277,0
189701,0
187777,0
179570,0
159202,0
187527,0
37767,0
230730,0
58337,0
145203,0
40532,0
106092,0
187186,0
42888,0
80914,0
15395,0
166480,0
48348,0
4510,0
153051,0
186120,0
103773,0
160871,0
168764,0
222729,0
163113,0
184146,0
229285,0
90531,0
134075,0
49714,0
228359,0
167324,0
49311,0
39579,0
30381,0
243872,0
36851,0
248583,0
62047,0
60745,0
86584,0
216274,0
187860,0
124223,0
148175,0
138996,0
144804,0
226856,0
39646,0
11011,0
183211,0
25554,0
17978,0
70355,0
30967,0
109546,0
100862,0
178374,0
40793,0
127994,0
226513,0
52936,0
185669,0
16280,0
71452,0
227081,0
245061,0
39936,0
81228,0
198701,0
56255,0
191122,0
204708,0
140602,0
185329,0
167539,0
103783,0
87192,0
118218,0
85850,0
208364,0
107622,0
216293,0
6292,0
120999,0
54834,0
98242,0
70296,0
106241,0
204348,0
86282,0
224514,0
247286,0
93970,0
66400,0
174641,0
83579,0
91188,0
33203,0
192297,0
84308,0
23355,0
60647,0
164151,0
225969,0
213158,0
170375,0
77202,0
39259,0
225187,0
151501,0
73924,0
49120,0
182427,0
139584,0
106475,0
29413,0
137194,0
17706,0
10763,0
183322,0
15067,0
212267,0
132694,0
171082,0
241996,0
48654,0
14622,0
235700,0
233851,0
168127,0
234722,0
80326,0
20577,0
98855,0
145030,0
155281,0
139762,0
170244,0
153319,0
110411,0
155131,0
53329,0
209735,0
1197,0
223993,0
119669,0
43273,0
79640,0
55024,0
77297,0
127552,0
94388,0
90521,0
53617,0
179532,0
224637,0
217056,0
246425,0
113636,0
104367,0
241811,0
1499,0
240520,0
176249,0
112357,0
101011,0
144635,0
83465,0
146135,0
43530,0
201504,0
155772,0
53104,0
55624,0
223685,0
70267,0
50207,0
34481,0
236320,0
87997,0
205301,0
190800,0
194949,0
115339,0
166210,0
216330,0
173090,0
224284,0
196520,0
46347,0
177751,0
157744,0
73245,0
152675,0
144750,0
104098,0
27954,0
55970,0
27459,0
162561,0
179915,0
171607,0
79074,0
136316,0
16602,0
144694,0
99904,0
98449,0
206735,0
135152,0
216477,0
158798,0
174775,0
131770,0
58298,0
156652,0
25215,0
157898,0
120176,0
131958,0
130360,0
191730,0
40419,0
68060,0
230515,0
10438,0
74317,0
122724,0
55974,0
216674,0
91341,0
12169,0
245456,0
224544,0
148321,0
152597,0
65698,0
207739,0
245042,0
136022,0
126632,0
25768,0
13836,0
23317,0
35157,0
32434,0
140732,0
201242,0
244678,0
153586,0
190270,0
157460,0
16349,0
108699,0
92498,0
229441,0
109060,0
79695,0
240596,0
26043,0
67044,0
92101,0
54549,0
237242,0
164683,0
164499,0
23240,0
15125,0
246414,0
90495,0
119953,0
221507,0
34691,0
1185,0
39898,0
45554,0
39421,0
90398,0
244677,0
79081,0
66721,0
177728,0
135704,0
795,0
3694,0
128553,0
138412,0
84558,0
145902,0
216243,0
230928,0
26490,0
149976,0
78744,0
17967,0
53299,0
14708,0
178883,0
104910,0
109631,0
148939,0
46110,0
43457,0
95206,0
77443,0
249381,0
243238,0
36961,0
82858,0
70137,0
141997,0
55771,0
80423,0
18381,0
170858,0
115699,0
248407,0
28241,0
128107,0
96795,0
6576,0
8939,0
22733,0
60035,0
132461,0
135228,0
196387,0
75105,0
189844,0
1635,0
12118,0
161856,0
72208,0
141646,0
100240,0
242888,0
104682,0
46341,0
101573,0
256,0
150896,0
57358,0
235679,0
88057,0
225996,0
134231,0
244433,0
94885,0
42781,0
62547,0
232369,0
247504,0
156531,0
231893,0
55302,0
130211,0
193549,0
227363,0
100379,0
43687,0
173719,0
153980,0
188071,0
248026,0
55391,0
104943,0
244038,0
191300,0
204136,0
81018,0
196975,0
70900,0
92314,0
50550,0
182027,0
148221,0
162662,0
246471,0
52030,0
29464,0
49405,0
157436,0
204496,0
122739,0
80371,0
122598,0
193037,0
169969,0
170626,0
51513,0
5799,0
142175,0
10049,0
1116,0
132552,0
53910,0
41447,0
184941,0
1398,0
14430,0
114735,0
205029,0
158104,0
66325,0
153740,0
150135,0
69508,0
36578,0
86910,0
214985,0
59352,0
26629,0
3915,0
46476,0
35828,0
60462,0
148624,0
185275,0
230553,0
104022,0
86933,0
169597,0
203978,0
9254,0
22324,0
27900,0
13662,0
81373,0
197884,0
1543,0
185739,0
83867,0
154826,0
107580,0
223036,0
9481,0
21609,0
152167,0
100202,0
139510,0
132428,0
187612,0
43017,0
205575,0
27261,0
76649,0
217352,0
58815,0
56351,0
237092,0
221881,0
52948,0
157379,0
185139,0
193961,0
78330,0
34406,0
32440,0
134453,0
229005,0
146469,0
71653,0
146885,0
117481,0
72376,0
44354,0
52974,0
122959,0
94693,0
88226,0
81289,0
225381,0
183061,0
105001,0
240486,0
16894,0
35979,0
108198,0
221827,0
790,0
173798,0
113622,0
203205,0
198797,0
58128,0
75005,0
67941,0
143883,0
238617,0
102514,0
200922,0
192108,0
249251,0
84504,0
226492,0
75659,0
60786,0
34507,0
97401,0
18597,0
216055,0
115280,0
206788,0
76558,0
9017,0
86438,0
15973,0
122363,0
14053,0
211355,0
90434,0
63374,0
212601,0
138758,0
35144,0
47844,0
68074,0
34090,0
141789,0
239439,0
64035,0
40598,0
218703,0
105323,0
81620,0
232126,0
163420,0
195795,0
105379,0
166740,0
50595,0
77452,0
201731,0
79848,0
133981,0
190928,0
40554,0
205177,0
181906,0
206522,0
60813,0
75488,0
229949,0
213841,0
174627,0
133466,0
203549,0
236337,0
102872,0
70139,0
218720,0
97652,0
232110,0
6660,0
19837,0
8325,0
179639,0
195897,0
189381,0
49327,0
120442,0
45426,0
34438,0
230963,0
85408,0
93977,0
60960,0
45274,0
230065,0
144069,0
58237,0
161744,0
14556,0
160127,0
203437,0
25468,0
167269,0
21295,0
196622,0
129574,0
226086,0
244224,0
5810,0
2193,0
99946,0
43918,0
218761,0
227871,0
190085,0
96938,0
50215,0
117258,0
173299,0
54027,0
197903,0
99479,0
179687,0
11267,0
247140,0
78063,0
109029,0
198662,0
167043,0
94570,0
13279,0
234813,0
178937,0
181537,0
197712,0
229145,0
128774,0
65172,0
181076,0
101949,0
51787,0
148707,0
97280,0
44446,0
3963,0
79890,0
15295,0
218373,0
165697,0
67321,0
167593,0
141101,0
146349,0
195562,0
139652,0
88896,0
156634,0
213653,0
87839,0
5567,0
12077,0
39472,0
238987,0
85064,0
187757,0
162063,0
230779,0
54200,0
161981,0
181050,0
74515,0
220186,0
227207,0
213529,0
66934,0
181060,0
156265,0
140161,0
136251,0
87928,0
146458,0
174198,0
39180,0
235146,0
171745,0
195184,0
137350,0
41997,0
60025,0
222956,0
138293,0
82077,0
170168,0
132553,0
203746,0
233019,0
208018,0
27071,0
5314,0
41398,0
21375,0
239304,0
201073,0
180844,0
7429,0
112503,0
218234,0
127132,0
26148,0
229197,0
190639,0
240998,0
101687,0
48047,0
242913,0
119582,0
192293,0
28320,0
74987,0
118329,0
41439,0
188029,0
207737,0
116289,0
129214,0
186487,0
152974,0
50979,0
24480,0
108983,0
76858,0
243284,0
208468,0
197524,0
173815,0
95486,0
223147,0
15943,0
28447,0
108226,0
181848,0
42074,0
188257,0
56311,0
223048,0
97133,0
189024,0
17765,0
78314,0
235065,0
73584,0
201530,0
43730,0
170633,0
119,0
82575,0
171924,0
209366,0
43414,0
13817,0
186349,0
12621,0
172047,0
209919,0
94060,0
134719,0
157903,0
196372,0
56606,0
93639,0
105883,0
31439,0
234292,0
218963,0
228540,0
208752,0
9901,0
168396,0
8282,0
76423,0
107208,0
160501,0
13522,0
146668,0
13551,0
48395,0
167879,0
223708,0
4361,0
16340,0
201515,0
12814,0
196215,0
187351,0
171611,0
245709,0
157159,0
114308,0
248483,0
182052,0
138587,0
99638,0
124794,0
93494,0
130277,0
92990,0
135985,0
27689,0
59409,0
166861,0
146303,0
152521,0
77953,0
137120,0
118736,0
34913,0
229499,0
41116,0
167559,0
39076,0
207666,0
88689,0
86632,0
117955,0
208325,0
139739,0
52039,0
161075,0
194470,0
118905,0
85429,0
16798,0
210940,0
44955,0
90119,0
70838,0
153716,0
103387,0
209817,0
34426,0
195760,0
7524,0
141915,0
141772,0
172968,0
24549,0
13795,0
58446,0
206405,0
93559,0
214251,0
95816,0
63145,0
11868,0
234747,0
149558,0
198781,0
121586,0
195155,0
101232,0
206964,0
216658,0
246232,0
207394,0
164222,0
174309,0
96407,0
230358,0
79715,0
234908,0
216563,0
1054,0
82090,0
30210,0
134001,0
40998,0
13327,0
55723,0
223214,0
71604,0
163160,0
237244,0
209632,0
200790,0
21411,0
64158,0
94604,0
106248,0
6248,0
199072,0
189477,0
222836,0
184504,0
222458,0
67226,0
113365,0
134088,0
81909,0
177077,0
31837,0
226919,0
39852,0
200434,0
110014,0
212812,0
81907,0
125986,0
73225,0
154683,0
172789,0
36658,0
186083,0
197961,0
82776,0
41518,0
30231,0
237859,0
114256,0
144131,0
180662,0
97390,0
233059,0
74075,0
78679,0
142948,0
173287,0
62084,0
127932,0
194527,0
17024,0
232068,0
232137,0
181038,0
101036,0
200046,0
242588,0
162513,0
53417,0
183966,0
228443,0
217924,0
126717,0
50556,0
174042,0
238167,0
199905,0
133725,0
130002,0
234829,0
5090,0
63097,0
239099,0
32266,0
226312,0
21163,0
46490,0
95058,0
57116,0
49977,0
152751,0
82975,0
112592,0
8687,0
139242,0
236944,0
97416,0
207494,0
13083,0
139008,0
91135,0
241097,0
88287,0
127003,0
56180,0
11043,0
249586,0
99981,0
189154,0
120142,0
28862,0
30076,0
211556,0
56367,0
215999,0
106964,0
118011,0
197668,0
236607,0
198368,0
247202,0
243660,0
226954,0
146005,0
186026,0
150826,0
51335,0
217166,0
52490,0
208255,0
14342,0
123857,0
125353,0
117873,0
110637,0
219617,0
64437,0
13066,0
215720,0
150994,0
137755,0
162694,0
180505,0
33483,0
105304,0
23883,0
134269,0
112614,0
64072,0
107625,0
244328,0
90459,0
218854,0
234143,0
208109,0
108276,0
147348,0
52516,0
81063,0
195827,0
184467,0
121050,0
196634,0
234842,0
179831,0
232616,0
10613,0
227321,0
160323,0
233536,0
54420,0
188697,0
243848,0
223405,0
96337,0
242074,0
150508,0
165557,0
97856,0
208019,0
175960,0
70534,0
121068,0
221997,0
101441,0
141179,0
196040,0
165214,0
27433,0
122922,0
150183,0
102069,0
135670,0
159549,0
132778,0
158852,0
135861,0
232043,0
92257,0
54519,0
57181,0
239007,0
20802,0
142015,0
71130,0
131021,0
34338,0
248463,0
56979,0
130286,0
40331,0
20629,0
40820,0
25705,0
219189,0
165684,0
129838,0
8213,0
118326,0
50736,0
4082,0
123288,0
45315,0
166120,0
43646,0
5297,0
241369,0
236529,0
128184,0
66378,0
217762,0
19926,0
72674,0
108149,0
63873,0
52933,0
64788,0
163134,0
65931,0
167409,0
56511,0
37204,0
170486,0
159339,0
51808,0
28628,0
207762,0
29485,0
228883,0
33664,0
12491,0
237856,0
190935,0
176175,0
119628,0
135435,0
73804,0
148816,0
10752,0
78693,0
41,0
152940,0
185717,0
206088,0
28278,0
163501,0
188714,0
128482,0
126985,0
207823,0
122820,0
169436,0
74817,0
23459,0
186926,0
58578,0
116267,0
84046,0
220228,0
77844,0
227854,0
66824,0
3491,0
166673,0
93235,0
231356,0
64969,0
65757,0
92826,0
108404,0
6500,0
218946,0
36293,0
64257,0
62462,0
210516,0
103479,0
94842,0
16754,0
228361,0
226198,0
59008,0
27970,0
82724,0
182729,0
41040,0
60902,0
201096,0
40389,0
235665,0
172487,0
132460,0
67502,0
163416,0
238396,0
194820,0
118873,0
192695,0
113731,0
147916,0
233618,0
171432,0
110999,0
35711,0
11235,0
170437,0
20947,0
113273,0
172755,0
223765,0
39010,0
52704,0
165076,0
146686,0
221609,0
239510,0
117647,0
234617,0
99000,0
239570,0
56244,0
224979,0
59035,0
232620,0
163732,0
141388,0
31791,0
66585,0
137827,0
182121,0
93625,0
99321,0
241336,0
91243,0
92772,0
42268,0
116092,0
37898,0
239377,0
114278,0
219265,0
210538,0
124114,0
111565,0
160535,0
229399,0
40410,0
100312,0
238139,0
130253,0
150074,0
31235,0
86953,0
229244,0
53706,0
83563,0
14911,0
45255,0
142989,0
160848,0
132178,0
13753,0
136963,0
167025,0
36749,0
118829,0
214227,0
243543,0
118100,0
236520,0
103615,0
227779,0
79879,0
178649,0
166582,0
66329,0
27367,0
216131,0
182706,0
83116,0
195762,0
132769,0
90062,0
220679,0
31777,0
5902,0
215401,0
223482,0
111434,0
220539,0
248651,0
161176,0
197280,0
49154,0
15158,0
217095,0
123285,0
156715,0
191875,0
84552,0
245846,0
48244,0
92029,0
204506,0
203718,0
108140,0
204272,0
78750,0
20534,0
218248,0
98410,0
131683,0
65609,0
20225,0
235546,0
223798,0
129536,0
22057,0
233967,0
230334,0
224097,0
206189,0
74626,0
51145,0
52912,0
167436,0
12528,0
208075,0
142850,0
39432,0
16505,0
29159,0
232337,0
195660,0
211597,0
146423,0
104667,0
221150,0
67149,0
148714,0
24469,0
14298,0
43913,0
133580,0
158409,0
85892,0
119535,0
218979,0
99040,0
208846,0
42807,0
118669,0
130331,0
130931,0
36296,0
221090,0
27823,0
100603,0
167785,0
209157,0
51110,0
232898,0
70073,0
200118,0
234380,0
178216,0
3669,0
175940,0
97609,0
230494,0
202633,0
139435,0
165437,0
181040,0
210682,0
232466,0
231166,0
126856,0
140407,0
97923,0
137881,0
130267,0
208280,0
180825,0
32399,0
76472,0
15917,0
52418,0
174866,0
99544,0
208783,0
65854,0
116169,0
242746,0
151452,0
4095,0
96389,0
201191,0
244632,0
161500,0
46146,0
54903,0
156901,0
47251,0
162436,0
85780,0
236216,0
4362,0
31900,0
192191,0
243254,0
107629,0
207110,0
172282,0
97646,0
164861,0
212712,0
180606,0
91527,0
53108,0
40773,0
222118,0
87413,0
142791,0
157494,0
140520,0
154155,0
35437,0
138446,0
35111,0
203490,0
192923,0
112773,0
20810,0
214765,0
101327,0
132287,0
168358,0
106423,0
52043,0
61890,0
63771,0
64913,0
62866,0
169908,0
223237,0
87408,0
104039,0
172459,0
184509,0
204505,0
87894,0
231310,0
168341,0
134971,0
74012,0
151464,0
185184,0
154445,0
165327,0
113835,0
6783,0
187021,0
209535,0
201565,0
162790,0
22663,0
6000,0
202229,0
77094,0
155492,0
13136,0
173231,0
227535,0
23140,0
168689,0
130763,0
87068,0
244057,0
154425,0
58136,0
46033,0
52568,0
4884,0
64185,0
147572,0
34291,0
124216,0
195312,0
35011,0
244666,0
167989,0
153109,0
135433,0
224733,0
240142,0
196557,0
154695,0
165973,0
50399,0
237487,0
177776,0
25383,0
68238,0
220780,0
204846,0
210884,0
199764,0
164980,0
216307,0
160000,0
189960,0
80321,0
12091,0
74351,0
234403,0
96268,0
249191,0
160468,0
93541,0
216449,0
52056,0
110869,0
199881,0
201738,0
127512,0
174992,0
159935,0
126297,0
81915,0
224177,0
103359,0
22645,0
141795,0
144230,0
227480,0
78184,0
244086,0
166930,0
128808,0
209903,0
203794,0
40367,0
45270,0
210517,0
13154,0
231405,0
237489,0
225203,0
233222,0
109220,0
65905,0
171517,0
146897,0
172633,0
35604,0
122729,0
215325,0
30523,0
210767,0
131772,0
61814,0
24020,0
234638,0
97149,0
117242,0
14000,0
249449,0
35012,0
71965,0
114348,0
248267,0
12165,0
80261,0
64869,0
241816,0
152312,0
34601,0
54845,0
103995,0
207649,0
69584,0
186735,0
212853,0
161596,0
28510,0
123646,0
126246,0
222913,0
167962,0
167344,0
35566,0
50434,0
51284,0
10923,0
210790,0
175817,0
98164,0
108912,0
143756,0
202360,0
76295,0
193117,0
213938,0
39030,0
241498,0
25660,0
158206,0
7255,0
174669,0
137554,0
40827,0
155649,0
186209,0
197560,0
76686,0
164738,0
190032,0
248512,0
101203,0
66529,0
119000,0
68962,0
104837,0
224712,0
172899,0
248825,0
178092,0
212171,0
106494,0
17301,0
3737,0
179403,0
11537,0
146445,0
180545,0
141184,0
131519,0
200034,0
96860,0
191513,0
163173,0
100256,0
161461,0
235490,0
128181,0
241418,0
63034,0
171596,0
48579,0
152922,0
199654,0
180782,0
221475,0
193801,0
148664,0
71335,0
168250,0
217542,0
189195,0
10671,0
247702,0
68714,0
63298,0
7520,0
117055,0
1976,0
247150,0
80237,0
38085,0
133398,0
134539,0
190817,0
227322,0
108332,0
20466,0
126120,0
179821,0
158905,0
212464,0
93681,0
213494,0
210947,0
81800,0
148703,0
152065,0
36919,0
56530,0
14696,0
74094,0
193486,0
232471,0
176781,0
131944,0
17074,0
133393,0
191692,0
120619,0
6046,0
59158,0
80022,0
41913,0
18889,0
10841,0
161472,0
154612,0
192738,0
89458,0
6315,0
43097,0
125428,0
96152,0
93308,0
218732,0
3054,0
130477,0
175174,0
98668,0
37677,0
243143,0
10472,0
135532,0
19254,0
186276,0
219654,0
213293,0
227540,0
122420,0
5298,0
86714,0
228709,0
221496,0
107410,0
94181,0
227314,0
212275,0
190753,0
134705,0
223388,0
151930,0
209323,0
69768,0
214836,0
183932,0
148858,0
114648,0
204906,0
198090,0
141008,0
163752,0
26283,0
215776,0
221065,0
199696,0
160602,0
97536,0
124627,0
155291,0
177707,0
26563,0
196159,0
128786,0
149364,0
62007,0
153235,0
31692,0
146343,0
185155,0
8194,0
49122,0
161915,0
58401,0
2705,0
191415,0
184686,0
83803,0
146732,0
139074,0
55964,0
158369,0
209347,0
142078,0
13779,0
173436,0
4452,0
93151,0
34538,0
201136,0
29612,0
71989,0
202237,0
191298,0
129432,0
119793,0
75833,0
244602,0
216850,0
243272,0
123417,0
165724,0
11033,0
10898,0
157637,0
126430,0
62322,0
191522,0
67935,0
25771,0
221229,0
242501,0
74470,0
242269,0
222899,0
179910,0
3206,0
247248,0
51815,0
230522,0
32123,0
216968,0
188421,0
45700,0
143560,0
151648,0
122557,0
87250,0
153457,0
136875,0
181208,0
239917,0
33213,0
196695,0
8580,0
211713,0
186223,0
214074,0
65819,0
245361,0
73055,0
242153,0
87649,0
135643,0
244578,0
121030,0
1941,0
159569,0
111601,0
165730,0
66488,0
61708,0
84374,0
191612,0
72472,0
165118,0
164848,0
69448,0
4613,0
55418,0
167497,0
166814,0
243232,0
152113,0
74720,0
64574,0
121744,0
159181,0
144570,0
130968,0
195794,0
928,0
121183,0
147938,0
228798,0
241607,0
114580,0
167343,0
117582,0
190793,0
7112,0
32247,0
12789,0
168802,0
44,0
113230,0
121630,0
14106,0
26792,0
96890,0
208731,0
33015,0
112347,0
156261,0
159993,0
165778,0
142547,0
131618,0
56924,0
220478,0
26390,0
158648,0
207088,0
240081,0
199716,0
33168,0
65028,0
128172,0
59675,0
61647,0
122695,0
104072,0
189457,0
21948,0
75912,0
95850,0
18928,0
222117,0
168415,0
150477,0
119372,0
198631,0
179581,0
74879,0
122029,0
218077,0
124816,0
138392,0
159731,0
105778,0
232935,0
220592,0
102066,0
125523,0
22519,0
243015,0
167221,0
182328,0
144605,0
16707,0
26168,0
30855,0
203565,0
55976,0
35729,0
66564,0
164987,0
220188,0
185566,0
204630,0
91711,0
220624,0
29358,0
202198,0
217088,0
232546,0
170368,0
72502,0
193031,0
205806,0
81975,0
127347,0
166870,0
208179,0
115426,0
44748,0
130699,0
119578,0
83689,0
82395,0
149726,0
178774,0
220096,0
90048,0
70985,0
207057,0
147415,0
15278,0
82156,0
220312,0
102896,0
55577,0
31423,0
48275,0
64114,0
132621,0
172824,0
12439,0
166714,0
44719,0
113743,0
139071,0
22707,0
158836,0
214535,0
34100,0
156455,0
124239,0
218745,0
180843,0
144308,0
228698,0
138208,0
176654,0
72963,0
134452,0
69433,0
235118,0
106402,0
237000,0
151481,0
58506,0
1027,0
54343,0
149313,0
14894,0
203071,0
145237,0
222043,0
188157,0
116046,0
109510,0
110097,0
122825,0
186161,0
86041,0
29161,0
132652,0
161045,0
96021,0
132925,0
207654,0
92499,0
192119,0
249923,0
247768,0
45912,0
148180,0
194720,0
119434,0
184182,0
225908,0
138786,0
87540,0
77188,0
244335,0
99504,0
19513,0
212154,0
131542,0
111493,0
132150,0
78787,0
17749,0
70832,0
33141,0
202341,0
20218,0
391,0
133980,0
200729,0
143106,0
177194,0
100119,0
196032,0
84026,0
196834,0
233651,0
226580,0
63955,0
85797,0
182606,0
42633,0
28952,0
62028,0
141684,0
59416,0
206249,0
242653,0
25684,0
162452,0
2138,0
190584,0
247318,0
239620,0
10016,0
209164,0
194931,0
121749,0
86238,0
97369,0
179247,0
9883,0
160385,0
203505,0
43005,0
158488,0
182731,0
34445,0
122398,0
39234,0
108121,0
193658,0
76959,0
181331,0
88321,0
206087,0
129699,0
233718,0
228512,0
247046,0
216672,0
133818,0
15570,0
165349,0
217616,0
157592,0
48126,0
169973,0
126541,0
191975,0
3324,0
215707,0
243780,0
129949,0
124039,0
11688,0
240511,0
202770,0
225083,0
193888,0
203365,0
131457,0
184002,0
234826,0
241963,0
98929,0
190320,0
99232,0
55137,0
86626,0
71409,0
169832,0
143507,0
223436,0
186971,0
77663,0
173414,0
38626,0
59114,0
169580,0
52110,0
226852,0
212140,0
180932,0
6628,0
68824,0
159953,0
159608,0
142014,0
63244,0
164655,0
146569,0
200825,0
212623,0
208549,0
96086,0
13702,0
55819,0
215768,0
6313,0
150256,0
27449,0
120982,0
77843,0
201842,0
197360,0
35197,0
107709,0
33880,0
241859,0
158370,0
73835,0
155473,0
85385,0
190480,0
108054,0
156711,0
89293,0
39700,0
55527,0
63487,0
78476,0
66010,0
29849,0
166678,0
244450,0
66649,0
198496,0
56553,0
140899,0
123755,0
188672,0
156532,0
174947,0
20027,0
97048,0
161740,0
166130,0
223887,0
49694,0
24227,0
194655,0
50432,0
12913,0
118652,0
57507,0
233668,0
181170,0
102463,0
17282,0
14689,0
83367,0
67991,0
158507,0
6393,0
103791,0
63300,0
203126,0
158054,0
203922,0
177062,0
125972,0
64184,0
221547,0
34274,0
139417,0
45338,0
153558,0
32027,0
182146,0
175687,0
11673,0
186910,0
24111,0
114228,0
159976,0
45492,0
954,0
186784,0
102392,0
111078,0
47161,0
149625,0
17042,0
79323,0
66977,0
187207,0
117601,0
184892,0
37451,0
111424,0
37968,0
126704,0
180563,0
105890,0
205528,0
118274,0
228336,0
105215,0
203601,0
130642,0
166542,0
244760,0
114684,0
208931,0
224271,0
162638,0
105516,0
97350,0
179324,0
168378,0
28116,0
38647,0
101902,0
153128,0
187484,0
233281,0
3959,0
207164,0
107969,0
218899,0
249764,0
69104,0
38340,0
212156,0
190849,0
30689,0
247900,0
192085,0
197015,0
193424,0
221517,0
216581,0
160450,0
136250,0
62518,0
71844,0
105089,0
81738,0
239447,0
139679,0
240708,0
192359,0
240389,0
218386,0
40433,0
30532,0
110584,0
61375,0
14819,0
246340,0
74464,0
55906,0
209718,0
195602,0
178987,0
11256,0
230085,0
200805,0
186648,0
135471,0
166358,0
64647,0
93461,0
40749,0
17386,0
16638,0
191633,0
23609,0
198448,0
58080,0
176671,0
132952,0
176236,0
66864,0
125964,0
179334,0
61301,0
115992,0
174038,0
144502,0
208580,0
49128,0
36004,0
175038,0
90824,0
211773,0
104067,0
211903,0
39822,0
137793,0
70161,0
105286,0
211491,0
208317,0
1853,0
147124,0
70468,0
130255,0
219509,0
59873,0
57515,0
25694,0
229548,0
43515,0
30517,0
39189,0
46223,0
121264,0
96977,0
146368,0
109547,0
148755,0
23256,0
31255,0
221138,0
176178,0
94519,0
218645,0
224565,0
93583,0
227831,0
218668,0
88076,0
105880,0
178631,0
158715,0
61211,0
124164,0
197531,0
35593,0
135272,0
220002,0
149995,0
129455,0
88678,0
208659,0
220015,0
119907,0
104590,0
219448,0
67658,0
231046,0
123455,0
150093,0
106474,0
62715,0
3016,0
165170,0
34614,0
103943,0
77537,0
87845,0
93154,0
1109,0
169204,0
230961,0
223742,0
218815,0
60077,0
45553,0
158828,0
64341,0
40586,0
34948,0
102325,0
233582,0
245674,0
128252,0
46801,0
132443,0
24927,0
8836,0
207165,0
165725,0
35962,0
164544,0
209274,0
234954,0
233921,0
246828,0
88866,0
219463,0
239989,0
68321,0
139441,0
179156,0
131719,0
119120,0
55827,0
143972,0
32333,0
184459,0
168811,0
77048,0
160352,0
148856,0
40069,0
51830,0
216840,0
62848,0
236896,0
1704,0
13445,0
72489,0
174593,0
60509,0
78539,0
125029,0
15196,0
213366,0
248778,0
245540,0
149027,0
242358,0
204861,0
8105,0
104926,0
246961,0
90863,0
190954,0
51471,0
82275,0
201176,0
145645,0
163350,0
28540,0
227605,0
247765,0
216862,0
158860,0
147429,0
34130,0
82108,0
169703,0
178919,0
79388,0
159768,0
187423,0
204254,0
244786,0
98106,0
39672,0
175526,0
234421,0
17318,0
156500,0
107244,0
44385,0
206155,0
239621,0
18216,0
226303,0
18341,0
33932,0
134570,0
25529,0
206432,0
12927,0
96908,0
143903,0
114202,0
110148,0
169843,0
184919,0
44343,0
129767,0
188805,0
245611,0
186248,0
195756,0
83072,0
41169,0
20783,0
122867,0
83365,0
96820,0
63931,0
135499,0
131906,0
137106,0
190390,0
60180,0
113325,0
24681,0
103386,0
224668,0
185532,0
13508,0
113593,0
176049,0
189476,0
100075,0
17096,0
199681,0
79333,0
247061,0
18131,0
40669,0
173956,0
84103,0
237947,0
87038,0
158827,0
216554,0
17008,0
88237,0
74052,0
107198,0
9655,0
82827,0
154844,0
138233,0
33612,0
208583,0
148428,0
156141,0
228115,0
175122,0
2235,0
86376,0
63760,0
84187,0
154677,0
87279,0
70584,0
86277,0
83973,0
42221,0
112093,0
125881,0
59897,0
115476,0
180974,0
175026,0
59077,0
116142,0
154909,0
54462,0
137731,0
78264,0
176143,0
68424,0
219539,0
243948,0
222658,0
31508,0
225238,0
127563,0
186173,0
2563,0
181663,0
174864,0
38696,0
186698,0
164923,0
81611,0
238335,0
177131,0
30235,0
242217,0
13572,0
237976,0
195626,0
53718,0
131133,0
249593,0
130810,0
164383,0
240786,0
197482,0
156529,0
130693,0
182807,0
96186,0
213127,0
36334,0
15562,0
164862,0
45179,0
233403,0
182161,0
171622,0
198749,0
176799,0
41526,0
8558,0
239273,0
243416,0
91250,0
190362,0
65722,0
236797,0
128473,0
144996,0
77799,0
204610,0
207371,0
177437,0
23910,0
86926,0
132392,0
47297,0
41653,0
175704,0
188008,0
42733,0
88877,0
21286,0
64732,0
247340,0
214404,0
76339,0
58943,0
38979,0
67424,0
186149,0
160502,0
243634,0
11512,0
92208,0
61630,0
84589,0
135516,0
60031,0
94532,0
205871,0
95054,0
48349,0
175391,0
119018,0
49399,0
138065,0
116290,0
126219,0
112901,0
167766,0
156094,0
54910,0
59685,0
161515,0
226270,0
72487,0
66183,0
115354,0
33246,0
217480,0
200670,0
58685,0
45141,0
31065,0
68417,0
107968,0
81692,0
110054,0
231192,0
130244,0
3560,0
119054,0
81027,0
45861,0
33110,0
26454,0
241142,0
211822,0
13049,0
231621,0
133601,0
149508,0
36675,0
85168,0
135474,0
172285,0
112730,0
241334,0
135340,0
176500,0
118688,0
12180,0
47026,0
13130,0
94061,0
151471,0
103635,0
90819,0
124930,0
151362,0
230846,0
35190,0
1696,0
15429,0
35683,0
195577,0
226281,0
167373,0
29478,0
68816,0
1994,0
19835,0
154851,0
14237,0
184723,0
200356,0
155692,0
192350,0
228676,0
37526,0
6469,0
80347,0
175981,0
127320,0
127256,0
193727,0
139846,0
147741,0
147721,0
131253,0
4622,0
12445,0
11943,0
226307,0
226540,0
58909,0
172205,0
217150,0
204472,0
48633,0
75486,0
224754,0
165772,0
28113,0
42843,0
39581,0
83154,0
118455,0
24117,0
44250,0
175972,0
108600,0
94709,0
126710,0
85907,0
33642,0
75618,0
134126,0
217799,0
246518,0
105961,0
69290,0
172928,0
180691,0
80548,0
222108,0
131289,0
132539,0
94603,0
200574,0
187267,0
33544,0
69956,0
8306,0
247025,0
115841,0
157469,0
154248,0
101475,0
7294,0
73341,0
69815,0
162095,0
93259,0
126815,0
14112,0
179640,0
128643,0
58575,0
174429,0
42906,0
114760,0
82407,0
226928,0
77706,0
228829,0
158233,0
136851,0
102064,0
18683,0
45467,0
167675,0
249115,0
179490,0
171118,0
123253,0
143942,0
243338,0
218573,0
235721,0
125399,0
217932,0
125011,0
205928,0
230504,0
1411,0
228484,0
58262,0
235380,0
351,0
113266,0
39539,0
152068,0
171826,0
62920,0
193578,0
232941,0
133340,0
91959,0
241181,0
225514,0
123065,0
194581,0
110753,0
152005,0
2712,0
221876,0
133741,0
241024,0
237574,0
139394,0
26167,0
110173,0
128749,0
215927,0
204345,0
134050,0
5015,0
168693,0
245262,0
142886,0
73077,0
232845,0
192873,0
216693,0
83376,0
201285,0
12772,0
197520,0
169824,0
183891,0
222280,0
60024,0
170072,0
145647,0
156890,0
183973,0
30570,0
188550,0
243683,0
159539,0
171629,0
14542,0
153976,0
32177,0
167633,0
222954,0
174240,0
198977,0
166510,0
185428,0
43458,0
77689,0
88962,0
65336,0
27996,0
248920,0
234595,0
83960,0
127246,0
80001,0
231688,0
38144,0
9813,0
142644,0
34757,0
44612,0
27285,0
196950,0
246983,0
146440,0
52654,0
14841,0
114276,0
121546,0
23189,0
207103,0
200057,0
36114,0
127396,0
67589,0
136102,0
141200,0
179523,0
79455,0
209672,0
17930,0
151380,0
90232,0
212191,0
145142,0
135961,0
102672,0
143806,0
116080,0
39610,0
26590,0
147504,0
209355,0
220403,0
215893,0
69234,0
167768,0
190909,0
24913,0
210699,0
78081,0
82602,0
173065,0
231865,0
79065,0
170442,0
116203,0
208869,0
153693,0
183756,0
162066,0
1416,0
123527,0
242808,0
63218,0
247774,0
125876,0
153628,0
222527,0
175246,0
234740,0
139067,0
176894,0
118625,0
57058,0
83573,0
248293,0
137543,0
7162,0
244291,0
235280,0
124212,0
111567,0
230759,0
30402,0
65474,0
205295,0
5394,0
217137,0
49846,0
135897,0
147418,0
148685,0
158976,0
163919,0
147768,0
180791,0
235934,0
104121,0
35660,0
217832,0
27936,0
5324,0
72612,0
116822,0
67796,0
42655,0
240388,0
203808,0
164830,0
28868,0
19714,0
158599,0
222285,0
109170,0
132361,0
96598,0
4488,0
76210,0
144257,0
64310,0
198312,0
223117,0
95445,0
193713,0
144216,0
224882,0
14745,0
116365,0
93417,0
206218,0
79020,0
209668,0
93609,0
229866,0
165359,0
102527,0
240849,0
21117,0
25828,0
226651,0
16317,0
158639,0
60314,0
80087,0
233512,0
155627,0
70896,0
198027,0
182679,0
75136,0
56384,0
207876,0
22899,0
44786,0
44641,0
223160,0
111719,0
136853,0
64171,0
131548,0
89637,0
23223,0
240063,0
5625,0
67212,0
194064,0
17086,0
225753,0
134282,0
50309,0
168343,0
321,0
58153,0
71338,0
17469,0
239018,0
56324,0
39872,0
176864,0
230059,0
161196,0
23582,0
188562,0
9199,0
11119,0
31878,0
235083,0
86212,0
124393,0
207515,0
137628,0
198585,0
44111,0
79262,0
66801,0
117433,0
104516,0
18552,0
74912,0
220583,0
59698,0
212795,0
115674,0
141961,0
209786,0
237687,0
179191,0
56336,0
8425,0
133120,0
103895,0
85032,0
102752,0
147399,0
104054,0
94106,0
219817,0
34203,0
103029,0
217448,0
10221,0
106224,0
118977,0
78302,0
189324,0
16686,0
6931,0
147442,0
233505,0
131055,0
243493,0
236220,0
142325,0
73431,0
175454,0
68669,0
27855,0
788,0
2316,0
28974,0
63009,0
206805,0
83909,0
30234,0
69533,0
133969,0
100858,0
159800,0
157521,0
74009,0
52643,0
148184,0
150687,0
247869,0
163527,0
160004,0
44963,0
38335,0
12479,0
193560,0
160156,0
42796,0
177530,0
95175,0
191203,0
174319,0
145769,0
101992,0
139281,0
30601,0
139659,0
131674,0
212973,0
103802,0
177336,0
53899,0
69495,0
215960,0
185266,0
176534,0
165326,0
149946,0
100110,0
29807,0
32538,0
68989,0
212190,0
206461,0
167196,0
58352,0
8747,0
114150,0
27895,0
145155,0
31924,0
165122,0
64298,0
102028,0
5930,0
212177,0
33601,0
237941,0
113391,0
30283,0
210365,0
109492,0
120851,0
42627,0
188582,0
72129,0
40060,0
150456,0
118726,0
5066,0
239002,0
19753,0
218058,0
166825,0
14117,0
176723,0
98659,0
188242,0
190051,0
10206,0
3291,0
70149,0
146707,0
121748,0
108839,0
200346,0
164188,0
53401,0
157790,0
231569,0
5985,0
23125,0
40471,0
136027,0
81881,0
176985,0
246944,0
175708,0
32775,0
30376,0
28904,0
79042,0
150498,0
196345,0
8322,0
138602,0
123725,0
208492,0
123471,0
55592,0
78767,0
90616,0
51250,0
201199,0
248998,0
163098,0
106582,0
118701,0
96323,0
148512,0
32056,0
184670,0
222513,0
40445,0
230216,0
40483,0
2815,0
148034,0
87371,0
79470,0
175852,0
121612,0
44496,0
35973,0
181373,0
41135,0
119092,0
179050,0
37298,0
245437,0
106987,0
46412,0
91870,0
227717,0
14564,0
178535,0
176959,0
174384,0
105990,0
164073,0
101865,0
95478,0
42055,0
197954,0
145757,0
155497,0
45121,0
246149,0
10655,0
231550,0
132866,0
130220,0
87934,0
65142,0
3930,0
49829,0
13981,0
140368,0
8699,0
52950,0
197565,0
192678,0
45073,0
36752,0
47492,0
2340,0
148806,0
222479,0
205366,0
237070,0
59869,0
80180,0
238914,0
157055,0
10656,0
169097,0
21903,0
91824,0
178492,0
156196,0
245409,0
227543,0
197513,0
154579,0
77574,0
133960,0
121579,0
227185,0
49092,0
161533,0
233197,0
99090,0
14420,0
88736,0
16429,0
2376,0
116229,0
13931,0
201324,0
195501,0
67098,0
150443,0
234137,0
30679,0
59062,0
246322,0
123977,0
99888,0
60888,0
163720,0
12944,0
65141,0
62065,0
38497,0
183277,0
58092,0
134881,0
185635,0
209103,0
100295,0
125965,0
139125,0
4256,0
176200,0
198339,0
140044,0
127202,0
34784,0
138434,0
184465,0
160218,0
240191,0
224968,0
41258,0
128132,0
249068,0
35818,0
119450,0
18054,0
177621,0
65114,0
144541,0
121578,0
28144,0
196122,0
149900,0
55191,0
214165,0
247070,0
83876,0
197274,0
209287,0
176639,0
155316,0
157393,0
12663,0
199033,0
20206,0
231535,0
185555,0
233087,0
205917,0
85608,0
239372,0
66311,0
231074,0
120096,0
212081,0
164431,0
205306,0
142006,0
83019,0
18015,0
91519,0
21128,0
235109,0
16140,0
169445,0
131757,0
103795,0
65986,0
38159,0
175345,0
121791,0
192577,0
202484,0
104307,0
190024,0
244462,0
143335,0
50925,0
44079,0
26963,0
8479,0
212209,0
91443,0
39036,0
92648,0
106821,0
193472,0
66971,0
198994,0
136946,0
1101,0
936,0
157951,0
186718,0
35628,0
40371,0
49309,0
223726,0
161348,0
243909,0
219107,0
209671,0
164066,0
21564,0
33228,0
11648,0
128170,0
33614,0
171561,0
135621,0
189200,0
175373,0
17795,0
170898,0
51888,0
180646,0
202395,0
109526,0
221460,0
66027,0
20332,0
163470,0
186358,0
5127,0
30829,0
2913,0
131654,0
187681,0
160653,0
142849,0
135768,0
29771,0
145165,0
235630,0
72766,0
52209,0
2157,0
221347,0
42097,0
227375,0
144885,0
150463,0
228619,0
220001,0
212335,0
120182,0
173712,0
99886,0
171497,0
99253,0
96837,0
154858,0
14801,0
124532,0
149482,0
142280,0
181538,0
50944,0
51009,0
12886,0
75200,0
6987,0
123727,0
144020,0
60466,0
244269,0
132365,0
70213,0
195483,0
113030,0
247048,0
218832,0
8807,0
243300,0
81566,0
142360,0
214887,0
170362,0
140804,0
138100,0
124706,0
7623,0
146771,0
96473,0
137154,0
49473,0
230462,0
188821,0
85626,0
141945,0
200200,0
223859,0
217316,0
193025,0
25678,0
235622,0
97800,0
83714,0
179993,0
245906,0
237364,0
176716,0
67110,0
85885,0
57100,0
134620,0
156267,0
209722,0
123408,0
16507,0
140759,0
187843,0
192223,0
51163,0
97830,0
234683,0
112134,0
196725,0
99226,0
173727,0
91293,0
221394,0
244945,0
41087,0
197080,0
200131,0
57661,0
90891,0
177594,0
84290,0
66587,0
88941,0
98217,0
171542,0
11713,0
127456,0
238069,0
197607,0
249239,0
242947,0
29313,0
209297,0
16563,0
156436,0
243073,0
235769,0
5977,0
20072,0
152819,0
167845,0
220588,0
86904,0
114336,0
189562,0
36743,0
77446,0
151429,0
146774,0
10320,0
30588,0
36805,0
50438,0
192709,0
77762,0
138762,0
211407,0
168928,0
228784,0
83447,0
180951,0
199590,0
83881,0
78317,0
80405,0
119857,0
173127,0
139569,0
243988,0
191481,0
109026,0
169504,0
13069,0
214409,0
213133,0
202505,0
191368,0
235120,0
112204,0
205321,0
64559,0
127779,0
142508,0
211023,0
116752,0
72787,0
122158,0
152684,0
126568,0
69689,0
214875,0
50351,0
224439,0
240913,0
73543,0
99050,0
141813,0
131953,0
91358,0
126670,0
56930,0
54407,0
190838,0
8639,0
166062,0
116616,0
55650,0
107688,0
6343,0
10887,0
243844,0
115472,0
16831,0
37609,0
31299,0
90862,0
234630,0
108735,0
21098,0
238499,0
5439,0
115408,0
56483,0
184738,0
7960,0
41937,0
53474,0
138351,0
118235,0
136598,0
12678,0
121768,0
181123,0
167166,0
13566,0
230385,0
19152,0
155274,0
160643,0
218196,0
248549,0
37053,0
111949,0
128382,0
118759,0
38940,0
95189,0
237695,0
121125,0
42328,0
249646,0
148241,0
224548,0
26847,0
78124,0
195968,0
123643,0
43119,0
1182,0
122108,0
101802,0
171221,0
12314,0
128475,0
137147,0
24494,0
128378,0
205183,0
164305,0
90390,0
245327,0
21453,0
240211,0
227524,0
102343,0
43533,0
187110,0
56474,0
97663,0
143694,0
191230,0
234326,0
210297,0
243448,0
87637,0
244790,0
153645,0
124285,0
153800,0
225725,0
150802,0
199794,0
71788,0
190452,0
130176,0
100456,0
31978,0
84938,0
96376,0
120407,0
50776,0
84307,0
158204,0
222674,0
234560,0
191772,0
151971,0
16075,0
72880,0
56778,0
223072,0
50582,0
197743,0
25719,0
45212,0
23712,0
40207,0
52821,0
118001,0
216922,0
248419,0
224724,0
59769,0
82489,0
104611,0
130162,0
96882,0
166921,0
15593,0
199335,0
207430,0
17990,0
135926,0
51618,0
31291,0
157520,0
195088,0
220151,0
131503,0
120691,0
235370,0
143163,0
243826,0
148976,0
27876,0
4605,0
183667,0
179853,0
68062,0
238427,0
116339,0
160248,0
44708,0
148263,0
114871,0
240450,0
131334,0
168846,0
78758,0
108360,0
113830,0
25043,0
88526,0
181488,0
112368,0
130380,0
161868,0
112248,0
236641,0
39551,0
75657,0
143476,0
194576,0
112679,0
242569,0
241231,0
182321,0
45265,0
19319,0
133134,0
74105,0
55920,0
44376,0
60223,0
30035,0
112728,0
84440,0
90013,0
242448,0
246625,0
36562,0
30759,0
21894,0
68196,0
111387,0
114666,0
133871,0
102711,0
97230,0
172353,0
145695,0
51898,0
87852,0
163888,0
37222,0
59517,0
89323,0
62944,0
60473,0
180430,0
211359,0
222818,0
225388,0
198413,0
101392,0
217812,0
183570,0
239408,0
57591,0
233474,0
21915,0
235467,0
98720,0
84495,0
192269,0
238933,0
143559,0
119702,0
47921,0
28355,0
243582,0
212265,0
47814,0
111995,0
180329,0
122687,0
113407,0
128292,0
30720,0
121351,0
170763,0
26886,0
235745,0
35290,0
117839,0
179147,0
73485,0
163053,0
91839,0
82467,0
64871,0
128409,0
122716,0
2341,0
125752,0
49423,0
223397,0
8522,0
237384,0
110458,0
196699,0
191674,0
72380,0
158561,0
67460,0
81832,0
203677,0
108166,0
171600,0
13502,0
213874,0
114566,0
57710,0
35379,0
101403,0
112639,0
42274,0
111853,0
111726,0
200311,0
162571,0
175908,0
88983,0
85855,0
87782,0
73956,0
59686,0
76137,0
89961,0
157281,0
158688,0
20075,0
33362,0
203165,0
114385,0
7355,0
31865,0
188084,0
101618,0
82920,0
193995,0
47714,0
233293,0
54984,0
158493,0
84740,0
34516,0
46041,0
175809,0
167668,0
66047,0
43778,0
28189,0
96023,0
147934,0
95255,0
26940,0
42303,0
236837,0
48860,0
146592,0
124951,0
71809,0
105905,0
221175,0
81706,0
85020,0
217833,0
88694,0
223909,0
203170,0
113245,0
24775,0
238618,0
151401,0
71749,0
1560,0
25085,0
246874,0
23642,0
38559,0
240042,0
247676,0
103122,0
205468,0
63726,0
156774,0
75079,0
68668,0
168707,0
84660,0
18106,0
223331,0
31603,0
221672,0
31182,0
175269,0
129150,0
36371,0
133277,0
4598,0
216220,0
216751,0
134862,0
871,0
111456,0
73036,0
19765,0
249768,0
201493,0
140636,0
204158,0
56286,0
117264,0
232863,0
199815,0
179849,0
133588,0
110818,0
159389,0
215145,0
233679,0
46731,0
180468,0
60507,0
220968,0
240284,0
136915,0
100548,0
52548,0
194778,0
25621,0
37867,0
44309,0
90448,0
2695,0
73544,0
86618,0
94421,0
13383,0
183967,0
199004,0
191679,0
41264,0
133514,0
13520,0
23210,0
188264,0
2648,0
223288,0
177354,0
222427,0
224981,0
65825,0
111660,0
65878,0
93365,0
181239,0
170711,0
247547,0
112800,0
110190,0
100928,0
192161,0
82182,0
31258,0
215629,0
31091,0
60906,0
78862,0
143072,0
145124,0
91930,0
217331,0
212733,0
84491,0
70701,0
16131,0
152268,0
131826,0
235801,0
189776,0
63763,0
197483,0
87031,0
95656,0
227063,0
115147,0
105537,0
176564,0
48369,0
190038,0
45293,0
211,0
126288,0
230538,0
234330,0
153328,0
128141,0
54202,0
143742,0
221914,0
47503,0
122973,0
107515,0
108633,0
135308,0
209207,0
195635,0
232485,0
88455,0
201633,0
72464,0
138252,0
179900,0
51593,0
149064,0
171707,0
195105,0
183368,0
169519,0
28104,0
46846,0
2724,0
79422,0
32451,0
238257,0
52303,0
229103,0
6669,0
135539,0
53208,0
24679,0
91624,0
84807,0
112704,0
149238,0
79760,0
4039,0
48840,0
22069,0
46424,0
48206,0
209724,0
228040,0
186379,0
182813,0
199327,0
190159,0
17436,0
92796,0
27942,0
41252,0
212439,0
121189,0
170269,0
114513,0
67166,0
194116,0
204359,0
231433,0
79277,0
92327,0
118599,0
83686,0
86519,0
134106,0
75452,0
149968,0
196952,0
30818,0
44075,0
130853,0
113928,0
22257,0
12924,0
110963,0
204265,0
86116,0
20617,0
37651,0
166279,0
223898,0
32302,0
175147,0
6188,0
174974,0
76175,0
26829,0
147833,0
46393,0
131254,0
210232,0
34289,0
125259,0
22982,0
223948,0
223476,0
223759,0
192284,0
54403,0
72282,0
164012,0
102006,0
243815,0
78087,0
72971,0
240842,0
92579,0
32103,0
172814,0
174444,0
90178,0
6059,0
57576,0
83631,0
130108,0
230459,0
35226,0
196837,0
133244,0
12577,0
168667,0
167801,0
178511,0
14379,0
82796,0
177451,0
127296,0
239411,0
32342,0
106713,0
11214,0
171021,0
188079,0
85235,0
67115,0
239745,0
96986,0
194246,0
47710,0
191942,0
193623,0
224243,0
170900,0
69198,0
329,0
195469,0
152327,0
222421,0
103491,0
144731,0
213592,0
69316,0
125249,0
194513,0
211414,0
84929,0
113255,0
240351,0
202129,0
20280,0
85727,0
68846,0
139329,0
122101,0
248913,0
147101,0
214953,0
37561,0
116864,0
186808,0
213018,0
26087,0
164686,0
59034,0
177280,0
10493,0
91300,0
66444,0
205171,0
225512,0
158960,0
173417,0
138725,0
241884,0
208199,0
149094,0
3049,0
233502,0
185489,0
186089,0
74930,0
4065,0
136182,0
209426,0
182131,0
16634,0
46530,0
56412,0
62488,0
153338,0
8546,0
162576,0
228505,0
104483,0
130175,0
140358,0
159643,0
43589,0
233046,0
184288,0
59039,0
82204,0
199565,0
27054,0
189050,0
180894,0
197255,0
102595,0
191345,0
19609,0
20516,0
102131,0
248120,0
110221,0
88730,0
198502,0
56504,0
964,0
28330,0
178505,0
53585,0
61809,0
202112,0
108101,0
166456,0
39588,0
30596,0
64604,0
223443,0
50205,0
81055,0
113213,0
213394,0
191854,0
243630,0
61835,0
128968,0
2842,0
105203,0
44083,0
229292,0
149045,0
73966,0
151849,0
162861,0
242887,0
195401,0
56392,0
178585,0
137974,0
27021,0
40044,0
248432,0
62004,0
90324,0
163565,0
227312,0
167398,0
141654,0
114537,0
5713,0
127194,0
123181,0
244795,0
193770,0
231200,0
55768,0
76541,0
135016,0
95575,0
36724,0
5425,0
248070,0
114217,0
96926,0
130133,0
158943,0
185049,0
400,0
152781,0
182716,0
34158,0
141229,0
195787,0
103163,0
90829,0
25359,0
135923,0
92679,0
125678,0
161454,0
65960,0
172012,0
174095,0
24356,0
78954,0
198479,0
7398,0
149799,0
244273,0
77286,0
49881,0
182094,0
56459,0
221292,0
149560,0
188624,0
9568,0
32075,0
111162,0
196347,0
89801,0
208037,0
34126,0
194539,0
95004,0
225502,0
217015,0
207387,0
248175,0
57933,0
160694,0
138500,0
226149,0
94787,0
204377,0
49038,0
163943,0
96290,0
83520,0
111190,0
62490,0
213660,0
63792,0
40943,0
84954,0
54844,0
45931,0
233922,0
189280,0
150284,0
181054,0
2502,0
161646,0
140409,0
169321,0
184896,0
198386,0
132078,0
74537,0
17242,0
21772,0
56693,0
238954,0
75725,0
93713,0
102938,0
10874,0
195465,0
212538,0
80395,0
190645,0
137144,0
166181,0
113663,0
152879,0
199495,0
127172,0
162785,0
234773,0
158129,0
135620,0
126429,0
122242,0
68608,0
40195,0
4946,0
14392,0
103562,0
236839,0
4093,0
219230,0
144698,0
36461,0
201705,0
92418,0
55510,0
159464,0
143096,0
204277,0
113348,0
30148,0
188047,0
107057,0
89475,0
51603,0
185601,0
72066,0
110187,0
118850,0
51314,0
237636,0
239873,0
196130,0
179562,0
170401,0
195733,0
156839,0
122530,0
26224,0
173057,0
57908,0
137254,0
28263,0
65660,0
248242,0
194747,0
61143,0
134691,0
216863,0
15687,0
35345,0
178387,0
143585,0
154400,0
111037,0
159473,0
172212,0
16403,0
177205,0
168985,0
154613,0
169646,0
143296,0
54749,0
98666,0
231706,0
182906,0
205974,0
12466,0
43690,0
176064,0
240902,0
200233,0
203661,0
175182,0
182950,0
36269,0
73896,0
55660,0
80933,0
165550,0
151120,0
152810,0
36611,0
48835,0
115121,0
181968,0
207307,0
75881,0
16561,0
96519,0
94736,0
155164,0
153334,0
22984,0
122570,0
73769,0
179226,0
190230,0
152880,0
134662,0
50796,0
176222,0
159919,0
35204,0
246384,0
142971,0
50190,0
70983,0
143958,0
60885,0
139353,0
51037,0
207873,0
176715,0
183099,0
116179,0
143729,0
24852,0
163778,0
203944,0
193284,0
111772,0
80120,0
93442,0
229440,0
226548,0
239218,0
160507,0
3063,0
143962,0
131463,0
130897,0
172190,0
107495,0
53339,0
208754,0
157626,0
170254,0
150741,0
12502,0
102930,0
181376,0
35359,0
184519,0
161021,0
191213,0
29525,0
85598,0
15525,0
204550,0
227245,0
53992,0
208557,0
56192,0
75245,0
47225,0
45840,0
22473,0
140526,0
191580,0
9954,0
241546,0
27995,0
226201,0
103484,0
31114,0
108858,0
2268,0
116984,0
6633,0
107973,0
207146,0
61558,0
144618,0
33560,0
58559,0
30594,0
16914,0
97765,0
29075,0
241509,0
99131,0
44654,0
91521,0
6849,0
43636,0
85356,0
172143,0
152356,0
102250,0
1183,0
62669,0
60000,0
170768,0
202539,0
206275,0
51152,0
215465,0
88004,0
232230,0
86788,0
175003,0
113527,0
119197,0
119260,0
6784,0
107442,0
174964,0
81183,0
8921,0
161560,0
145069,0
11936,0
104745,0
81369,0
6542,0
220637,0
200871,0
91988,0
179404,0
137650,0
109629,0
188385,0
243709,0
182818,0
130239,0
39841,0
78782,0
229843,0
118122,0
113075,0
82210,0
186704,0
24770,0
233031,0
16314,0
245518,0
105110,0
1090,0
197242,0
232581,0
57395,0
177290,0
38896,0
243438,0
113813,0
150509,0
127565,0
69637,0
249159,0
246495,0
233117,0
97659,0
60935,0
137712,0
208977,0
121570,0
133187,0
122446,0
130348,0
119154,0
109132,0
228588,0
159231,0
223052,0
78582,0
177795,0
52599,0
109993,0
15821,0
231379,0
18291,0
243673,0
223994,0
224433,0
104782,0
38363,0
87949,0
197733,0
98636,0
174500,0
155624,0
174434,0
64837,0
65311,0
241405,0
32239,0
246590,0
123470,0
101662,0
73939,0
108526,0
15596,0
54878,0
12290,0
178014,0
142896,0
44336,0
31184,0
124491,0
163417,0
38276,0
244195,0
126441,0
29167,0
91273,0
16085,0
208186,0
216819,0
17911,0
172742,0
15062,0
21290,0
171758,0
174400,0
187603,0
208880,0
235508,0
51367,0
161966,0
38762,0
89061,0
218834,0
160041,0
231298,0
153000,0
227383,0
66591,0
120838,0
79144,0
249974,0
231058,0
172435,0
52700,0
61886,0
17389,0
177566,0
183390,0
185435,0
131211,0
160432,0
242366,0
27906,0
64255,0
3749,0
10508,0
41900,0
195745,0
113599,0
115483,0
114052,0
102245,0
121970,0
6537,0
141004,0
5241,0
46928,0
133205,0
219227,0
205282,0
16247,0
65189,0
9843,0
228895,0
211547,0
20129,0
168057,0
37353,0
240206,0
161797,0
198145,0
19017,0
77149,0
114323,0
40490,0
64491,0
161001,0
41832,0
213043,0
57250,0
106783,0
227251,0
100372,0
7351,0
228503,0
172227,0
175688,0
129865,0
141343,0
210465,0
227007,0
107241,0
82123,0
72185,0
193765,0
214394,0
20678,0
121119,0
238445,0
182160,0
92233,0
106345,0
214045,0
224735,0
96477,0
239420,0
101455,0
23177,0
220886,0
172229,0
180820,0
128225,0
89366,0
190996,0
211669,0
214037,0
134543,0
142152,0
168387,0
144019,0
180120,0
82393,0
135014,0
167615,0
113991,0
65809,0
28618,0
176032,0
218409,0
20340,0
9237,0
26781,0
241201,0
113375,0
3414,0
117759,0
62588,0
237797,0
222507,0
215916,0
109088,0
22848,0
162443,0
124904,0
21851,0
109583,0
23693,0
210182,0
238327,0
84145,0
153151,0
94170,0
48482,0
33122,0
156909,0
116355,0
143517,0
88142,0
20381,0
139862,0
77382,0
122479,0
169715,0
43462,0
52722,0
224371,0
80334,0
84071,0
85921,0
49990,0
244025,0
64226,0
185120,0
191800,0
8067,0
208151,0
64330,0
182534,0
184019,0
62489,0
178255,0
113138,0
30773,0
3066,0
43979,0
72763,0
43861,0
150844,0
182767,0
90489,0
141209,0
156899,0
1519,0
148562,0
14893,0
197982,0
219392,0
178921,0
211309,0
175897,0
100377,0
101720,0
38755,0
14203,0
9521,0
132809,0
219377,0
244210,0
151036,0
142699,0
229850,0
241306,0
249552,0
109286,0
100739,0
184901,0
125961,0
206270,0
194012,0
46267,0
45723,0
224325,0
42348,0
74897,0
209526,0
29656,0
163089,0
112081,0
180142,0
115038,0
175711,0
39549,0
35854,0
149644,0
157644,0
147439,0
165249,0
229086,0
65899,0
244259,0
181529,0
88344,0
47667,0
126382,0
30556,0
224364,0
216963,0
240622,0
19300,0
896,0
235575,0
173711,0
208499,0
41656,0
81675,0
166595,0
116002,0
221202,0
232607,0
149086,0
49088,0
102625,0
99739,0
215199,0
246585,0
187896,0
206922,0
224452,0
4272,0
217113,0
163960,0
248666,0
170299,0
123720,0
212644,0
68054,0
159130,0
194261,0
32455,0
81747,0
132899,0
92620,0
210474,0
50202,0
187040,0
71491,0
164375,0
14960,0
235387,0
130574,0
12865,0
49121,0
129811,0
173255,0
20774,0
238587,0
140123,0
60488,0
58585,0
103928,0
12189,0
175561,0
111752,0
127250,0
203629,0
216392,0
230491,0
128399,0
111224,0
63428,0
95510,0
137822,0
230764,0
7677,0
100953,0
150711,0
169133,0
169001,0
142358,0
39742,0
50672,0
113942,0
145407,0
130980,0
17049,0
194847,0
211354,0
84687,0
47122,0
88568,0
161051,0
48025,0
90796,0
233375,0
222743,0
115372,0
77002,0
10036,0
169017,0
211956,0
168725,0
196194,0
100742,0
216140,0
102197,0
212970,0
154854,0
131166,0
196270,0
26653,0
113740,0
62585,0
968,0
166473,0
20849,0
27363,0
161342,0
33820,0
17856,0
139564,0
192802,0
224660,0
128413,0
144657,0
103165,0
207319,0
234528,0
60119,0
153394,0
1059,0
129438,0
161038,0
208962,0
155667,0
235556,0
39046,0
63963,0
219887,0
59479,0
29261,0
128597,0
181086,0
64253,0
74862,0
37546,0
192519,0
108231,0
53708,0
107168,0
153360,0
42742,0
1068,0
47240,0
17590,0
43206,0
157844,0
41802,0
146318,0
46528,0
157338,0
217955,0
153496,0
60381,0
242499,0
133974,0
16243,0
83978,0
36591,0
80651,0
207347,0
41874,0
148238,0
197254,0
143061,0
78534,0
201976,0
126327,0
136175,0
215582,0
18574,0
77052,0
197931,0
192303,0
182405,0
37435,0
42784,0
185273,0
177520,0
79600,0
70689,0
87252,0
76534,0
78325,0
81953,0
145101,0
165138,0
168421,0
31886,0
69039,0
29333,0
58563,0
19415,0
6020,0
83212,0
208993,0
48834,0
246016,0
44096,0
102444,0
39982,0
93936,0
184096,0
146030,0
31523,0
108958,0
238456,0
64037,0
8601,0
13716,0
162910,0
68387,0
73314,0
231313,0
249150,0
81088,0
173907,0
174278,0
179495,0
228750,0
159299,0
46020,0
46570,0
145218,0
21328,0
179113,0
85769,0
18094,0
76326,0
75739,0
81195,0
2827,0
215931,0
226400,0
205307,0
8262,0
66428,0
68836,0
216610,0
157346,0
209697,0
30713,0
20606,0
225017,0
205316,0
89439,0
190973,0
71292,0
131485,0
219023,0
32770,0
126482,0
248707,0
161521,0
217658,0
94423,0
39571,0
219672,0
136245,0
141199,0
8924,0
229000,0
234557,0
170046,0
69288,0
37989,0
54652,0
239773,0
199032,0
120670,0
142687,0
156980,0
192060,0
169534,0
161239,0
6312,0
159521,0
10653,0
227412,0
65806,0
181325,0
227620,0
15749,0
108967,0
243500,0
238187,0
145835,0
249555,0
149052,0
237316,0
12615,0
73087,0
34165,0
11443,0
139309,0
115777,0
77862,0
225789,0
181884,0
104260,0
57770,0
226673,0
124054,0
118021,0
61199,0
203599,0
70617,0
248513,0
89802,0
91722,0
112511,0
199459,0
173397,0
175629,0
242980,0
93825,0
123752,0
110378,0
160234,0
218080,0
107558,0
215592,0
216256,0
121491,0
7137,0
59329,0
218902,0
147354,0
124136,0
53291,0
147618,0
27558,0
95258,0
163129,0
165143,0
176746,0
172601,0
184600,0
84542,0
3220,0
74494,0
25889,0
217639,0
164672,0
22964,0
56197,0
85561,0
193184,0
231796,0
74096,0
123350,0
187402,0
239077,0
27874,0
8931,0
149290,0
90667,0
211530,0
135725,0
35312,0
227091,0
89945,0
211806,0
7802,0
86806,0
52575,0
61654,0
238529,0
220733,0
201382,0
28475,0
124672,0
81031,0
56346,0
170454,0
66637,0
138033,0
147095,0
70127,0
193671,0
109261,0
209079,0
187421,0
101533,0
9733,0
46405,0
207660,0
23488,0
26941,0
235799,0
164061,0
13043,0
132458,0
73335,0
87,0
17174,0
166360,0
25034,0
190981,0
4688,0
200037,0
197320,0
80281,0
169553,0
121267,0
131880,0
131559,0
67390,0
83850,0
45715,0
76503,0
48034,0
239788,0
197181,0
11287,0
189496,0
58613,0
86828,0
65447,0
192422,0
36353,0
131561,0
132050,0
206306,0
248629,0
170321,0
216375,0
80549,0
68815,0
249845,0
122983,0
34050,0
87156,0
195253,0
125421,0
198593,0
185972,0
5858,0
43020,0
218949,0
145684,0
91382,0
61582,0
26220,0
165743,0
207143,0
214253,0
5292,0
142270,0
102947,0
172021,0
76753,0
148987,0
138461,0
74452,0
50858,0
18905,0
188407,0
210197,0
106846,0
20740,0
52475,0
82519,0
176786,0
114749,0
211461,0
103149,0
224191,0
32377,0
51204,0
232861,0
68403,0
87763,0
46203,0
41935,0
216092,0
169277,0
100391,0
214531,0
46430,0
164194,0
69723,0
154134,0
158800,0
230691,0
110796,0
41418,0
170461,0
175193,0
138484,0
20205,0
115621,0
100778,0
123080,0
62924,0
23044,0
78299,0
215322,0
1707,0
100046,0
20787,0
197382,0
243114,0
81266,0
126937,0
73487,0
164438,0
32625,0
210422,0
244316,0
122789,0
176299,0
18503,0
167969,0
211239,0
3711,0
34193,0
228786,0
159804,0
106503,0
59364,0
12881,0
237055,0
58514,0
168562,0
111008,0
156696,0
35965,0
136673,0
27471,0
133513,0
133110,0
49560,0
201951,0
171298,0
245585,0
98604,0
71216,0
88851,0
219956,0
232018,0
133568,0
140869,0
34802,0
150182,0
149693,0
224742,0
86294,0
242137,0
92659,0
242032,0
58995,0
135619,0
70374,0
111081,0
132484,0
22887,0
40368,0
17848,0
38041,0
91421,0
30722,0
141644,0
10481,0
37191,0
108175,0
163600,0
199626,0
76203,0
144945,0
85606,0
233386,0
193704,0
48341,0
7616,0
89895,0
195902,0
243364,0
133504,0
53985,0
59098,0
191042,0
20477,0
54461,0
82921,0
243452,0
109576,0
157390,0
204831,0
28121,0
192482,0
15061,0
185263,0
159145,0
140355,0
242152,0
39973,0
57650,0
172206,0
94211,0
55055,0
78010,0
127355,0
152686,0
199746,0
66563,0
175298,0
74476,0
187325,0
50431,0
229809,0
66163,0
239397,0
160913,0
115520,0
132594,0
53824,0
6448,0
152017,0
160983,0
125035,0
49608,0
106367,0
138552,0
15608,0
136473,0
64549,0
150247,0
248596,0
99346,0
199710,0
144632,0
18985,0
198349,0
39412,0
175415,0
1999,0
245771,0
154809,0
167305,0
62159,0
89894,0
210326,0
130735,0
85522,0
203665,0
162528,0
215949,0
179350,0
17646,0
50506,0
146908,0
33160,0
22799,0
173965,0
66246,0
244699,0
196298,0
200143,0
61435,0
83575,0
60408,0
137056,0
122756,0
179318,0
119621,0
23643,0
46416,0
2018,0
92503,0
233055,0
198790,0
22131,0
126431,0
49286,0
25751,0
117965,0
32636,0
152325,0
63066,0
27105,0
186859,0
37266,0
244503,0
31332,0
99223,0
27381,0
89107,0
24708,0
19961,0
61820,0
185290,0
236825,0
159977,0
1159,0
847,0
220590,0
119446,0
234892,0
55022,0
94078,0
106193,0
174176,0
92933,0
51187,0
115782,0
175684,0
13550,0
109641,0
234628,0
209839,0
129234,0
109764,0
83635,0
95955,0
214023,0
166767,0
89843,0
213081,0
128392,0
206765,0
165661,0
162810,0
187261,0
13398,0
199069,0
61862,0
2031,0
155707,0
188959,0
141648,0
179406,0
221791,0
242474,0
173046,0
134022,0
184683,0
144056,0
118579,0
196332,0
158006,0
100399,0
147554,0
199663,0
204779,0
65097,0
103207,0
169389,0
77016,0
144329,0
206806,0
17043,0
82442,0
143364,0
58129,0
108254,0
35730,0
84068,0
7962,0
155247,0
37752,0
221082,0
107802,0
211630,0
95015,0
226691,0
199182,0
61626,0
180792,0
43692,0
13761,0
64066,0
21703,0
37703,0
107944,0
116667,0
7354,0
459,0
127831,0
218376,0
49197,0
156286,0
83614,0
35024,0
201757,0
87471,0
190562,0
19950,0
225839,0
88037,0
147441,0
150505,0
161410,0
1687,0
31734,0
96823,0
96208,0
146008,0
39416,0
182034,0
197907,0
101556,0
145070,0
81109,0
90655,0
50630,0
194700,0
213949,0
132926,0
47154,0
139527,0
78749,0
175052,0
27251,0
61642,0
205290,0
187793,0
17832,0
120252,0
98489,0
134163,0
54079,0
68092,0
164819,0
212115,0
167047,0
151647,0
37973,0
207273,0
248542,0
42346,0
140727,0
76909,0
104285,0
45877,0
217003,0
168317,0
140591,0
85326,0
26888,0
36493,0
170555,0
38194,0
84610,0
146225,0
172714,0
137163,0
64010,0
47440,0
243049,0
42735,0
161286,0
49806,0
67995,0
47556,0
55290,0
49065,0
123171,0
151675,0
87141,0
13640,0
114442,0
176457,0
227099,0
79663,0
178107,0
181490,0
10791,0
43873,0
188531,0
70951,0
155733,0
22684,0
31833,0
111044,0
168743,0
82932,0
40690,0
173458,0
94707,0
206291,0
5756,0
178210,0
7278,0
133786,0
232508,0
147725,0
178829,0
70589,0
164042,0
150735,0
67732,0
199055,0
165806,0
208555,0
118832,0
134600,0
70802,0
95083,0
7628,0
165536,0
155598,0
110527,0
93412,0
179296,0
165394,0
192438,0
213283,0
181952,0
127623,0
176731,0
202328,0
123427,0
183156,0
217167,0
70280,0
63500,0
115692,0
189715,0
75862,0
192805,0
220376,0
55629,0
121468,0
156386,0
244730,0
81361,0
172863,0
222775,0
187988,0
108124,0
51841,0
2633,0
161000,0
242081,0
154803,0
175304,0
104852,0
97437,0
38905,0
111849,0
217382,0
134947,0
160828,0
213295,0
166953,0
60831,0
161221,0
19332,0
163983,0
18945,0
105382,0
92057,0
191467,0
242250,0
95433,0
25237,0
69071,0
175883,0
24237,0
194342,0
1943,0
60056,0
142895,0
32327,0
121120,0
117492,0
174862,0
26610,0
209499,0
47765,0
162972,0
242080,0
60440,0
58170,0
125236,0
80790,0
209325,0
233429,0
71946,0
246540,0
60391,0
22348,0
112121,0
161705,0
53582,0
161650,0
1007,0
239103,0
27725,0
117885,0
151102,0
193610,0
210918,0
130264,0
20118,0
206679,0
195053,0
140414,0
215570,0
225109,0
94007,0
108627,0
234108,0
35418,0
215304,0
111218,0
149113,0
111271,0
191982,0
33571,0
4560,0
213226,0
107199,0
189901,0
104011,0
219309,0
245976,0
192862,0
231679,0
61442,0
70569,0
20034,0
113820,0
151668,0
60550,0
58588,0
61780,0
1741,0
113292,0
248034,0
152730,0
150958,0
61615,0
234615,0
109509,0
196722,0
200328,0
174136,0
77824,0
164229,0
2999,0
165254,0
197222,0
80502,0
85636,0
110883,0
71209,0
37796,0
186618,0
131610,0
206208,0
159726,0
136043,0
130233,0
177667,0
64584,0
209494,0
159177,0
106409,0
103089,0
3287,0
201209,0
89296,0
71840,0
243013,0
128485,0
64576,0
130539,0
5922,0
84865,0
249358,0
247454,0
206243,0
86702,0
165726,0
35508,0
96580,0
156401,0
71290,0
38678,0
102797,0
111753,0
206544,0
120776,0
161747,0
51256,0
226276,0
79216,0
236954,0
113265,0
212982,0
42620,0
87785,0
217640,0
224026,0
93283,0
98763,0
240103,0
137971,0
223661,0
203302,0
19202,0
132244,0
1764,0
5393,0
203564,0
101344,0
116512,0
29660,0
24436,0
50963,0
122390,0
196878,0
145688,0
31211,0
232790,0
205686,0
141372,0
4607,0
134132,0
35839,0
229727,0
127683,0
233951,0
115291,0
73695,0
205024,0
108823,0
30626,0
102358,0
121706,0
134493,0
99119,0
121191,0
245484,0
82535,0
223779,0
214530,0
82369,0
47721,0
242123,0
158910,0
63434,0
4832,0
40781,0
117294,0
168179,0
154752,0
6098,0
55208,0
208449,0
106218,0
94716,0
150144,0
196113,0
182582,0
203542,0
69088,0
148494,0
56741,0
49719,0
62807,0
226679,0
33771,0
80115,0
158453,0
663,0
208515,0
174403,0
18797,0
201977,0
46230,0
99218,0
117320,0
43249,0
158241,0
166404,0
220697,0
90765,0
105328,0
186545,0
175947,0
163174,0
235961,0
122053,0
243069,0
203444,0
240319,0
85887,0
234230,0
23767,0
197676,0
859,0
151307,0
146989,0
25026,0
77635,0
130080,0
53278,0
208910,0
41676,0
125559,0
152205,0
203832,0
149953,0
121364,0
170051,0
212122,0
86555,0
3442,0
249156,0
141784,0
125095,0
101993,0
14874,0
216186,0
183265,0
199721,0
25890,0
161105,0
64542,0
147062,0
179118,0
168865,0
105394,0
4298,0
106143,0
235840,0
28192,0
230254,0
147040,0
31742,0
221055,0
148239,0
222389,0
216195,0
138965,0
193622,0
65253,0
92833,0
179256,0
98888,0
206543,0
245797,0
160858,0
120539,0
179797,0
247683,0
64260,0
135867,0
186913,0
19025,0
78017,0
183415,0
223181,0
180999,0
193134,0
18475,0
30464,0
90451,0
211097,0
159137,0
213266,0
237241,0
38843,0
241819,0
36870,0
51112,0
210896,0
211369,0
14121,0
125889,0
170220,0
227062,0
144469,0
8665,0
142698,0
66621,0
170175,0
149434,0
176166,0
25337,0
205672,0
94894,0
1328,0
60622,0
6607,0
208266,0
127886,0
18712,0
76941,0
12053,0
90028,0
2713,0
244996,0
9459,0
197161,0
244732,0
223514,0
109471,0
52183,0
86773,0
203579,0
224462,0
69628,0
170298,0
158078,0
96757,0
214428,0
41002,0
235914,0
232355,0
175076,0
168967,0
183439,0
21580,0
171847,0
61793,0
220820,0
19070,0
247924,0
221662,0
211720,0
228101,0
138576,0
97040,0
239081,0
219553,0
192480,0
193777,0
31376,0
85665,0
101283,0
183544,0
243979,0
191613,0
158620,0
122017,0
109746,0
169337,0
19102,0
56519,0
212827,0
127997,0
85792,0
159991,0
189549,0
77165,0
142113,0
150891,0
169111,0
190056,0
232645,0
133965,0
153433,0
148927,0
193473,0
126609,0
138607,0
223533,0
53403,0
230032,0
2863,0
208080,0
30490,0
206122,0
37103,0
157200,0
147116,0
107258,0
173294,0
172764,0
107264,0
119391,0
118467,0
172003,0
236913,0
235099,0
81936,0
202626,0
208314,0
7690,0
25666,0
105717,0
172578,0
19739,0
96165,0
49505,0
11686,0
47527,0
142018,0
73389,0
131309,0
125486,0
213623,0
40899,0
33021,0
42835,0
61366,0
173976,0
43945,0
212993,0
132087,0
129419,0
87291,0
156320,0
84746,0
82834,0
179225,0
76402,0
71984,0
109378,0
211921,0
219773,0
72165,0
119844,0
243104,0
124588,0
209856,0
52508,0
14179,0
123715,0
58421,0
104897,0
33570,0
10148,0
24540,0
114707,0
217692,0
47407,0
123278,0
108279,0
216969,0
249756,0
65678,0
190495,0
167827,0
124339,0
229302,0
219495,0
43842,0
155705,0
23920,0
62989,0
127998,0
19393,0
113155,0
131746,0
161329,0
238801,0
5748,0
233246,0
107072,0
82201,0
77494,0
50392,0
178236,0
103527,0
202744,0
86906,0
144518,0
99671,0
240183,0
228482,0
200901,0
164938,0
191564,0
204086,0
307,0
234760,0
85215,0
140218,0
176358,0
113734,0
79336,0
5693,0
42053,0
196490,0
75317,0
231882,0
188789,0
236069,0
66218,0
213157,0
43107,0
13889,0
27969,0
100407,0
128363,0
32897,0
61008,0
221737,0
213716,0
33400,0
248653,0
33579,0
86197,0
10214,0
192252,0
146348,0
4022,0
111256,0
122423,0
206242,0
54899,0
220428,0
75231,0
197640,0
215134,0
138471,0
246545,0
55212,0
159683,0
203459,0
231085,0
100195,0
28785,0
196477,0
122333,0
77274,0
97701,0
7443,0
119959,0
185203,0
22351,0
158909,0
103091,0
67807,0
142168,0
181545,0
71329,0
131312,0
37486,0
57256,0
189794,0
49482,0
155309,0
237525,0
186517,0
195252,0
117156,0
98832,0
206536,0
51799,0
213399,0
362,0
163994,0
98400,0
61112,0
55578,0
227567,0
25097,0
21196,0
37691,0
19713,0
152891,0
41027,0
221491,0
117785,0
88500,0
145732,0
5358,0
113223,0
131297,0
199838,0
31183,0
165410,0
165305,0
196891,0
40744,0
211675,0
42209,0
186549,0
169568,0
71661,0
136287,0
234210,0
100594,0
31427,0
213550,0
136925,0
188048,0
7141,0
127637,0
129484,0
13844,0
112554,0
195758,0
167815,0
82003,0
187592,0
215027,0
141360,0
222498,0
193964,0
103534,0
65278,0
84681,0
189455,0
111812,0
14820,0
103124,0
218366,0
140675,0
58504,0
235804,0
76648,0
219208,0
109411,0
22895,0
5980,0
29864,0
260,0
142092,0
179750,0
120735,0
95755,0
44902,0
23239,0
20514,0
112785,0
201851,0
193013,0
202606,0
154410,0
158891,0
194989,0
15906,0
59262,0
183117,0
72473,0
69816,0
96561,0
197441,0
204484,0
55756,0
69646,0
64721,0
243324,0
84323,0
36729,0
200170,0
127470,0
35016,0
221107,0
246320,0
56786,0
221540,0
210934,0
75247,0
86194,0
58347,0
126256,0
168626,0
102913,0
71418,0
65269,0
68366,0
245757,0
57057,0
8838,0
2113,0
235009,0
64416,0
196644,0
154769,0
188746,0
197007,0
46054,0
66439,0
210350,0
88637,0
111394,0
183676,0
136910,0
131963,0
201243,0
218689,0
139642,0
66928,0
96247,0
152787,0
151110,0
109536,0
68954,0
133130,0
147096,0
62045,0
58206,0
57750,0
150888,0
249055,0
80683,0
143625,0
207680,0
208932,0
28407,0
147190,0
156325,0
12044,0
82795,0
14603,0
208318,0
114784,0
228095,0
136049,0
210554,0
119651,0
212979,0
86357,0
237009,0
210189,0
132620,0
209179,0
68300,0
136676,0
58769,0
31620,0
117216,0
61621,0
218413,0
89,0
48438,0
184895,0
83281,0
51789,0
195978,0
242256,0
94725,0
4767,0
47157,0
127764,0
205433,0
96532,0
118856,0
247194,0
7251,0
71382,0
108528,0
243615,0
5326,0
67633,0
114802,0
84892,0
49083,0
31295,0
196969,0
221168,0
163848,0
219320,0
210490,0
140735,0
97513,0
68829,0
128060,0
149447,0
71881,0
185369,0
115926,0
182861,0
213120,0
108547,0
155856,0
233013,0
232476,0
9918,0
171109,0
241535,0
4129,0
38738,0
109603,0
94939,0
139285,0
227163,0
246708,0
240145,0
185083,0
215001,0
88193,0
66849,0
88894,0
243852,0
298,0
245663,0
140800,0
180255,0
69147,0
65010,0
98717,0
171861,0
147333,0
4795,0
245275,0
123094,0
146882,0
96981,0
149660,0
102448,0
53114,0
102957,0
40787,0
238563,0
41894,0
137544,0
177090,0
242727,0
99095,0
234358,0
182158,0
231922,0
65852,0
192559,0
227869,0
205556,0
57433,0
133050,0
23114,0
213523,0
196833,0
52417,0
108911,0
229759,0
193111,0
73868,0
140900,0
155485,0
11134,0
138097,0
33827,0
172966,0
32926,0
78470,0
660,0
205043,0
207975,0
247525,0
176732,0
173563,0
2683,0
68555,0
197264,0
131427,0
130391,0
56583,0
219307,0
227926,0
142214,0
65132,0
123686,0
226667,0
178360,0
134291,0
151070,0
75004,0
211893,0
159082,0
222657,0
107913,0
77343,0
30824,0
3982,0
1149,0
222552,0
197705,0
6738,0
83766,0
241439,0
37253,0
24314,0
202790,0
201066,0
47430,0
132435,0
70622,0
11072,0
170444,0
139633,0
167008,0
179755,0
56074,0
71438,0
70417,0
199958,0
117652,0
222617,0
196841,0
55339,0
108561,0
131145,0
106166,0
196660,0
242732,0
51339,0
193773,0
113297,0
106886,0
68330,0
188588,0
38324,0
125127,0
114264,0
86456,0
134157,0
130911,0
94703,0
152595,0
79463,0
43812,0
59731,0
148886,0
30321,0
195781,0
207050,0
40081,0
67175,0
46989,0
58281,0
181658,0
205724,0
166599,0
227370,0
16807,0
231360,0
51666,0
39611,0
146878,0
152789,0
93158,0
170640,0
88425,0
23145,0
115501,0
202208,0
148089,0
23743,0
6080,0
153168,0
243692,0
82679,0
144871,0
458,0
107894,0
32041,0
37576,0
201406,0
130789,0
96745,0
46439,0
211331,0
197563,0
110972,0
81316,0
41383,0
141348,0
33378,0
37922,0
70626,0
13840,0
219965,0
204710,0
34953,0
119161,0
81334,0
225914,0
137928,0
94770,0
183142,0
31666,0
81032,0
178867,0
100941,0
84426,0
94920,0
3490,0
81045,0
66791,0
208666,0
13404,0
94953,0
64920,0
60812,0
186646,0
127653,0
9743,0
234031,0
195338,0
211212,0
32792,0
24110,0
12245,0
19004,0
231204,0
238756,0
162625,0
120489,0
24443,0
61440,0
214497,0
194290,0
121210,0
160923,0
189271,0
144034,0
7320,0
146255,0
124743,0
105538,0
171341,0
127595,0
184781,0
9838,0
184934,0
170224,0
11710,0
17478,0
120406,0
155440,0
60153,0
209616,0
219604,0
197389,0
225892,0
228391,0
169915,0
116763,0
40018,0
196559,0
71931,0
219853,0
137171,0
31864,0
170140,0
172613,0
15229,0
114959,0
11504,0
115615,0
226530,0
107959,0
182197,0
142144,0
62152,0
92577,0
165940,0
131322,0
39040,0
122643,0
236021,0
64386,0
27863,0
33577,0
152927,0
177487,0
39124,0
93564,0
72929,0
248639,0
45093,0
1460,0
9330,0
46839,0
196659,0
242408,0
106953,0
166532,0
232407,0
140802,0
180868,0
188380,0
238342,0
81005,0
70197,0
27439,0
59071,0
249848,0
235832,0
177778,0
182578,0
177116,0
52441,0
11803,0
234282,0
242907,0
25668,0
247262,0
8576,0
37090,0
217038,0
178887,0
107004,0
216105,0
142413,0
245770,0
123996,0
198881,0
112243,0
194335,0
189041,0
25817,0
169523,0
195642,0
150283,0
215471,0
108479,0
201045,0
167500,0
232059,0
66194,0
159639,0
76429,0
122199,0
162826,0
235597,0
1807,0
45404,0
88685,0
151806,0
100486,0
58011,0
17995,0
238697,0
156440,0
41651,0
52883,0
237557,0
224856,0
242956,0
169638,0
178010,0
162000,0
17308,0
29121,0
217865,0
104870,0
215507,0
137402,0
157749,0
110028,0
242890,0
38606,0
138076,0
171320,0
158962,0
166038,0
56528,0
43486,0
131619,0
200980,0
130051,0
137879,0
35678,0
231565,0
29354,0
63633,0
199057,0
142447,0
188668,0
236255,0
25798,0
189625,0
183035,0
177679,0
215936,0
78056,0
148819,0
240803,0
84499,0
70402,0
3901,0
90508,0
239085,0
214414,0
158062,0
103580,0
151616,0
51340,0
119288,0
3112,0
13481,0
72094,0
123737,0
53236,0
98049,0
131122,0
54916,0
134900,0
150343,0
77883,0
197252,0
165021,0
247834,0
1643,0
180041,0
97398,0
83918,0
233596,0
177447,0
113666,0
88539,0
227373,0
70830,0
152165,0
115641,0
219234,0
101966,0
185475,0
133170,0
106921,0
138002,0
141404,0
192851,0
146884,0
22626,0
28580,0
247788,0
153161,0
59943,0
23285,0
65024,0
136055,0
192061,0
158956,0
12415,0
35858,0
53427,0
246276,0
183175,0
186939,0
54950,0
28892,0
92956,0
113493,0
20871,0
6639,0
117400,0
247578,0
103342,0
186995,0
5960,0
143922,0
116926,0
232168,0
11972,0
72139,0
212476,0
217373,0
112516,0
189155,0
133916,0
191950,0
127312,0
171514,0
128640,0
136380,0
240738,0
238824,0
43830,0
162078,0
90099,0
41664,0
204319,0
240169,0
22563,0
102950,0
54451,0
227692,0
236987,0
53259,0
64128,0
6322,0
154547,0
120939,0
39057,0
190600,0
241293,0
30712,0
45352,0
199916,0
24221,0
64999,0
69446,0
228366,0
197340,0
43370,0
44725,0
222164,0
124253,0
117900,0
249678,0
151123,0
241194,0
184890,0
107563,0
21708,0
189746,0
55028,0
203857,0
140004,0
208407,0
196188,0
89577,0
182040,0
205261,0
50532,0
12866,0
110331,0
89732,0
163478,0
9300,0
168273,0
38917,0
108638,0
139959,0
182116,0
130960,0
126912,0
138733,0
172734,0
96902,0
13924,0
86589,0
63882,0
116161,0
220790,0
174874,0
88895,0
216224,0
168375,0
102695,0
19811,0
207180,0
113750,0
212727,0
34324,0
198860,0
58558,0
246530,0
176616,0
3990,0
149041,0
179415,0
219117,0
86272,0
180332,0
31515,0
216365,0
192338,0
102314,0
122339,0
193835,0
82886,0
214095,0
243812,0
18633,0
185850,0
94896,0
56007,0
106971,0
165260,0
182747,0
11413,0
94129,0
180310,0
100619,0
157518,0
203253,0
184973,0
197980,0
230333,0
168789,0
232999,0
72860,0
36771,0
166236,0
226222,0
149525,0
94995,0
117263,0
50407,0
248993,0
93395,0
102635,0
157378,0
115596,0
53991,0
36524,0
157121,0
101289,0
192502,0
222693,0
230923,0
72471,0
39514,0
218981,0
123233,0
49531,0
110786,0
134779,0
193258,0
168272,0
215235,0
125269,0
66409,0
134394,0
198727,0
148429,0
230036,0
20220,0
246393,0
160025,0
153414,0
180358,0
34238,0
70801,0
90375,0
89260,0
31301,0
102422,0
164705,0
27269,0
102048,0
70292,0
186890,0
222780,0
210447,0
13845,0
41130,0
92985,0
238033,0
131169,0
173700,0
242419,0
128458,0
188535,0
72350,0
82778,0
42492,0
233324,0
146019,0
218145,0
185606,0
202625,0
82284,0
206894,0
237981,0
33929,0
232295,0
67481,0
145021,0
192037,0
2449,0
164942,0
189386,0
140699,0
6410,0
93454,0
180850,0
162542,0
66521,0
3797,0
173296,0
152984,0
133787,0
46683,0
92559,0
165323,0
247252,0
69571,0
24795,0
149266,0
187825,0
211318,0
153001,0
231655,0
122322,0
52808,0
42542,0
117609,0
148812,0
115368,0
182834,0
150335,0
206792,0
168385,0
119524,0
38265,0
196937,0
87015,0
118135,0
155697,0
13535,0
249498,0
106895,0
134852,0
235752,0
8854,0
48274,0
38088,0
173232,0
9360,0
71310,0
219445,0
84734,0
59663,0
233201,0
166262,0
58924,0
119253,0
60807,0
234414,0
187983,0
181236,0
16585,0
40016,0
247735,0
105884,0
229539,0
205759,0
224037,0
36923,0
54674,0
128286,0
236667,0
119291,0
127124,0
173702,0
180754,0
121462,0
174649,0
52264,0
243895,0
221408,0
147750,0
218475,0
170497,0
82626,0
243779,0
133816,0
234480,0
187897,0
189517,0
157208,0
41799,0
198686,0
9919,0
160986,0
142257,0
208765,0
181173,0
85722,0
65786,0
172590,0
83062,0
73018,0
61644,0
226250,0
203235,0
209010,0
207965,0
11501,0
152108,0
244851,0
240210,0
71575,0
128601,0
103199,0
69038,0
1166,0
57422,0
144912,0
102973,0
87795,0
48118,0
49069,0
193536,0
176510,0
45998,0
71589,0
198716,0
195526,0
241187,0
99432,0
72294,0
25553,0
109818,0
127443,0
232798,0
106230,0
137889,0
42788,0
97602,0
158898,0
191959,0
8551,0
96684,0
162891,0
180588,0
23511,0
7614,0
222533,0
219748,0
218356,0
202385,0
238385,0
679,0
146960,0
216340,0
230710,0
215018,0
48005,0
240757,0
93260,0
100893,0
105049,0
117107,0
194228,0
95101,0
101554,0
12716,0
156058,0
150333,0
132072,0
192130,0
236218,0
117656,0
84616,0
199503,0
92451,0
225071,0
94949,0
146017,0
155293,0
92829,0
142873,0
25405,0
173040,0
128793,0
68078,0
225551,0
165180,0
226444,0
119760,0
205636,0
206196,0
195294,0
111046,0
216875,0
214256,0
128663,0
37865,0
228582,0
136083,0
140472,0
95266,0
58391,0
202847,0
173668,0
198222,0
245326,0
131084,0
175341,0
122807,0
151530,0
37469,0
170538,0
231714,0
93968,0
233855,0
31738,0
161385,0
117007,0
221021,0
3952,0
16440,0
13875,0
53066,0
216460,0
243645,0
146921,0
95232,0
24799,0
67694,0
168133,0
179634,0
228141,0
231876,0
223455,0
226834,0
80937,0
107610,0
21516,0
65624,0
124195,0
200999,0
91755,0
240666,0
105483,0
192708,0
129303,0
223868,0
14078,0
34665,0
213384,0
206273,0
150762,0
201268,0
179536,0
4205,0
201386,0
33781,0
225280,0
81474,0
163018,0
76336,0
129754,0
29213,0
47793,0
179330,0
41693,0
102965,0
204444,0
47620,0
168314,0
59545,0
41960,0
175838,0
237190,0
1572,0
49524,0
235894,0
89269,0
83043,0
180527,0
47483,0
51247,0
59464,0
16990,0
65739,0
183525,0
32816,0
64131,0
45211,0
163076,0
131759,0
48931,0
147734,0
221504,0
135426,0
187539,0
16809,0
48356,0
12233,0
239930,0
210681,0
33356,0
138533,0
98299,0
226257,0
202340,0
227577,0
89695,0
247449,0
124928,0
182110,0
1461,0
84476,0
104105,0
61345,0
99201,0
92294,0
162949,0
36484,0
101716,0
48882,0
55363,0
246577,0
55266,0
182868,0
218167,0
33016,0
200645,0
129559,0
103269,0
38204,0
28107,0
66734,0
231269,0
79523,0
133869,0
89781,0
240114,0
88213,0
175280,0
194846,0
17272,0
36993,0
117119,0
50571,0
174969,0
189120,0
149890,0
82619,0
246510,0
229394,0
225870,0
188589,0
244055,0
178699,0
243904,0
207729,0
210215,0
191274,0
75017,0
83332,0
14479,0
104443,0
204664,0
154693,0
156934,0
234920,0
28766,0
42922,0
1819,0
233491,0
55328,0
173722,0
224091,0
195517,0
136807,0
12357,0
191426,0
128731,0
146311,0
177512,0
232743,0
234831,0
107069,0
115049,0
125128,0
35989,0
236775,0
169427,0
61101,0
228145,0
207934,0
184164,0
67033,0
243839,0
180086,0
197361,0
64466,0
38538,0
89058,0
130515,0
93138,0
217891,0
175145,0
242857,0
200306,0
6257,0
19686,0
158653,0
29337,0
86542,0
44409,0
17933,0
226705,0
91346,0
205071,0
233243,0
111024,0
249997,0
177711,0
203924,0
28506,0
217396,0
98729,0
92033,0
89708,0
194038,0
49102,0
69485,0
47690,0
155717,0
68953,0
139498,0
79191,0
171105,0
232880,0
138912,0
230096,0
149036,0
194487,0
178999,0
7319,0
24049,0
176883,0
228727,0
239769,0
215499,0
91010,0
90204,0
104557,0
161423,0
184559,0
146447,0
46040,0
75575,0
187317,0
72263,0
65062,0
248923,0
124244,0
87654,0
85730,0
183710,0
61889,0
4088,0
42228,0
171567,0
28264,0
93221,0
49161,0
23420,0
177394,0
72615,0
148791,0
65476,0
172038,0
691,0
18914,0
47432,0
220771,0
71307,0
217363,0
245903,0
112232,0
215549,0
171292,0
45556,0
113660,0
81354,0
171593,0
249530,0
21204,0
95905,0
203034,0
94443,0
182266,0
58041,0
42430,0
180351,0
149913,0
2538,0
140996,0
68742,0
226101,0
245925,0
135454,0
162603,0
61191,0
230080,0
115803,0
40688,0
140561,0
34254,0
225206,0
90897,0
75564,0
115808,0
171343,0
86093,0
183012,0
208905,0
220287,0
102726,0
224846,0
118836,0
142154,0
207212,0
226532,0
53314,0
241244,0
245088,0
96769,0
106240,0
120113,0
44740,0
214749,0
179514,0
141445,0
117712,0
36281,0
241126,0
3537,0
46308,0
166837,0
55234,0
211208,0
129815,0
177644,0
197165,0
225640,0
195729,0
223333,0
219652,0
213829,0
241487,0
28686,0
90804,0
110758,0
32271,0
225821,0
11759,0
192271,0
29932,0
54736,0
228562,0
186275,0
191887,0
180030,0
141991,0
127737,0
158930,0
1099,0
248065,0
201892,0
65734,0
5321,0
195946,0
65690,0
172985,0
172284,0
215154,0
122700,0
141071,0
219929,0
144616,0
140579,0
114695,0
169166,0
145255,0
138120,0
20944,0
71543,0
133805,0
166802,0
246432,0
57486,0
196285,0
206086,0
225451,0
129080,0
122037,0
173858,0
31648,0
72950,0
16962,0
12136,0
201674,0
113107,0
102021,0
119055,0
182921,0
155633,0
93486,0
40347,0
154194,0
13538,0
104828,0
181849,0
153699,0
95463,0
173193,0
122305,0
224604,0
3087,0
123896,0
169403,0
60648,0
223644,0
203284,0
127116,0
107822,0
33954,0
151861,0
192869,0
24484,0
110074,0
72275,0
127780,0
248995,0
222006,0
220800,0
48097,0
121496,0
112193,0
91993,0
199984,0
185588,0
85565,0
33429,0
21289,0
73344,0
69880,0
22877,0
231039,0
202941,0
90338,0
183698,0
93355,0
186715,0
193319,0
206776,0
93282,0
133415,0
10222,0
231419,0
190382,0
92650,0
247672,0
246602,0
16421,0
100600,0
229873,0
20975,0
35893,0
206363,0
55515,0
83553,0
240614,0
213495,0
235887,0
40427,0
209517,0
79571,0
100705,0
148568,0
110409,0
58885,0
85875,0
8804,0
48431,0
146689,0
205926,0
24868,0
63343,0
217735,0
201803,0
170256,0
163058,0
69796,0
202956,0
51561,0
24323,0
10697,0
218618,0
56629,0
114665,0
241593,0
209642,0
149129,0
246167,0
232023,0
127399,0
63042,0
182383,0
6821,0
92870,0
63007,0
187605,0
145868,0
15413,0
22628,0
197975,0
199104,0
244627,0
1850,0
15256,0
32349,0
144148,0
97608,0
205326,0
170736,0
135122,0
196369,0
8010,0
110263,0
185289,0
67220,0
231635,0
205441,0
18675,0
103336,0
8492,0
115174,0
117006,0
162279,0
82303,0
208738,0
72634,0
166824,0
219252,0
42951,0
193276,0
160670,0
28895,0
160560,0
235404,0
63578,0
78646,0
85245,0
144025,0
49078,0
76512,0
19487,0
31300,0
175419,0
219764,0
219435,0
216182,0
32141,0
156831,0
164682,0
24733,0
105397,0
246814,0
247109,0
171769,0
162559,0
2374,0
138615,0
230305,0
249741,0
11942,0
213767,0
177439,0
147918,0
90881,0
30575,0
179331,0
247113,0
23724,0
123906,0
248256,0
31339,0
130616,0
72581,0
33432,0
134242,0
199889,0
183884,0
166388,0
186091,0
137595,0
96451,0
173213,0
168122,0
30520,0
236018,0
112061,0
173465,0
211914,0
81900,0
180344,0
84444,0
57625,0
25093,0
81235,0
107116,0
18965,0
75264,0
119814,0
81215,0
80053,0
226551,0
160439,0
58403,0
101713,0
232791,0
163957,0
106848,0
129413,0
66226,0
141201,0
235033,0
69777,0
128966,0
105690,0
60512,0
174467,0
92218,0
98103,0
85576,0
151821,0
42800,0
170367,0
49368,0
127740,0
118664,0
191566,0
10748,0
153846,0
18387,0
96146,0
84890,0
11650,0
239671,0
153396,0
89427,0
161992,0
735,0
104624,0
239312,0
86451,0
78883,0
150744,0
3200,0
197586,0
173245,0
159822,0
67790,0
148655,0
227089,0
55218,0
141253,0
174451,0
245866,0
72515,0
76103,0
109486,0
189246,0
50931,0
11407,0
122436,0
240538,0
229404,0
14453,0
80098,0
88555,0
3945,0
65742,0
109694,0
146934,0
48745,0
90133,0
217745,0
45705,0
134797,0
70212,0
77292,0
122527,0
91397,0
99076,0
152956,0
186748,0
206341,0
13287,0
96510,0
34921,0
237036,0
91998,0
247350,0
223472,0
221041,0
219849,0
218660,0
61686,0
180573,0
170752,0
119463,0
108543,0
130359,0
58712,0
36916,0
13082,0
18124,0
38470,0
112185,0
159081,0
149219,0
187615,0
68214,0
196643,0
211602,0
123204,0
155482,0
2006,0
108353,0
68736,0
156677,0
4729,0
219907,0
3731,0
106737,0
180982,0
201204,0
117958,0
224940,0
74270,0
48540,0
238203,0
24634,0
89213,0
35034,0
35334,0
87528,0
160427,0
106913,0
149386,0
104699,0
221761,0
54218,0
34304,0
4911,0
136078,0
9140,0
129769,0
97534,0
85803,0
92618,0
95371,0
11027,0
223406,0
104345,0
243760,0
191761,0
203137,0
237614,0
224480,0
68695,0
204185,0
57078,0
203749,0
140428,0
152671,0
85742,0
148227,0
50873,0
165160,0
235482,0
101070,0
213617,0
104193,0
91520,0
93162,0
228079,0
140056,0
22285,0
98877,0
235043,0
62173,0
196832,0
147151,0
189987,0
132585,0
33060,0
189907,0
159070,0
181308,0
138214,0
120697,0
85459,0
225014,0
109118,0
140120,0
47882,0
56486,0
15508,0
134714,0
29245,0
215146,0
248197,0
168633,0
234154,0
28977,0
9061,0
50467,0
216352,0
188968,0
157641,0
202401,0
245964,0
33291,0
68390,0
150961,0
104683,0
119668,0
44914,0
85546,0
170668,0
104878,0
147549,0
46975,0
228490,0
187596,0
33956,0
224657,0
125287,0
90856,0
67341,0
92108,0
127895,0
29243,0
68281,0
101675,0
74780,0
133939,0
87023,0
41667,0
48259,0
157370,0
146617,0
12645,0
976,0
77617,0
148107,0
54175,0
243046,0
245995,0
158942,0
77133,0
30866,0
237790,0
179565,0
143330,0
57826,0
130040,0
159107,0
174869,0
143688,0
112570,0
233604,0
193758,0
117541,0
178865,0
5028,0
42601,0
204907,0
233875,0
176329,0
16074,0
145592,0
224360,0
186641,0
135685,0
150272,0
243890,0
99758,0
27418,0
25027,0
40287,0
170670,0
200603,0
152511,0
47649,0
242636,0
152478,0
64691,0
34958,0
237269,0
51021,0
202365,0
12145,0
135402,0
140528,0
213342,0
102115,0
205711,0
54666,0
125602,0
105057,0
11010,0
57466,0
105019,0
168245,0
148059,0
215630,0
302,0
80589,0
50881,0
129251,0
66431,0
211920,0
223424,0
54263,0
132348,0
88573,0
214474,0
32989,0
234986,0
71381,0
77221,0
18116,0
171586,0
92655,0
35403,0
26186,0
190106,0
243340,0
65426,0
158603,0
159084,0
95218,0
31069,0
203739,0
35578,0
237575,0
209275,0
142600,0
230661,0
112828,0
249349,0
55821,0
11233,0
93880,0
56403,0
215316,0
198132,0
153461,0
100749,0
41794,0
199376,0
198777,0
169250,0
114512,0
162983,0
171477,0
150804,0
15619,0
90224,0
220908,0
63648,0
180689,0
178033,0
129250,0
13482,0
141241,0
116357,0
49392,0
226535,0
49306,0
35732,0
120070,0
84815,0
71199,0
241675,0
242357,0
198432,0
17849,0
14928,0
71423,0
208147,0
652,0
211964,0
213093,0
31287,0
193040,0
174061,0
249852,0
198375,0
42538,0
129777,0
36009,0
56009,0
153559,0
59705,0
158884,0
224870,0
152338,0
45777,0
185735,0
48455,0
159898,0
205904,0
32650,0
113895,0
30576,0
37758,0
120391,0
170841,0
44959,0
34271,0
151099,0
231371,0
129589,0
126957,0
216956,0
223756,0
99193,0
83477,0
164590,0
150191,0
61077,0
38472,0
143370,0
26241,0
126830,0
130488,0
103708,0
150171,0
221,0
63483,0
162837,0
127695,0
31671,0
18758,0
242776,0
107027,0
104529,0
92269,0
31741,0
143294,0
74377,0
51028,0
21748,0
178891,0
183730,0
116015,0
58729,0
240253,0
217441,0
111640,0
185814,0
216889,0
160955,0
238028,0
42572,0
159311,0
10122,0
40516,0
35821,0
91813,0
201698,0
208321,0
32534,0
62567,0
175186,0
206159,0
85126,0
142420,0
85541,0
190637,0
43511,0
33128,0
116253,0
231700,0
92570,0
99125,0
132104,0
64113,0
57648,0
180321,0
105774,0
147446,0
20794,0
37938,0
58674,0
210283,0
186364,0
105202,0
242461,0
95708,0
78547,0
217465,0
89184,0
4807,0
241897,0
241905,0
199386,0
78005,0
8198,0
48490,0
248178,0
45917,0
177104,0
69161,0
117084,0
141455,0
19599,0
58567,0
36600,0
244238,0
12750,0
46613,0
242545,0
77580,0
13125,0
115734,0
96495,0
175282,0
1053,0
143562,0
230367,0
136972,0
81013,0
234860,0
144691,0
5845,0
216668,0
89784,0
151225,0
17587,0
65784,0
116423,0
70789,0
47622,0
99639,0
40898,0
9193,0
41118,0
99171,0
40835,0
83316,0
194276,0
50718,0
213054,0
116925,0
196631,0
215396,0
88276,0
201461,0
19390,0
205953,0
21837,0
226586,0
142634,0
170861,0
84229,0
61717,0
98734,0
30130,0
97767,0
131109,0
57632,0
162362,0
171126,0
192114,0
20488,0
153323,0
126742,0
213901,0
112441,0
117650,0
237895,0
10982,0
26443,0
67204,0
166579,0
193445,0
133284,0
16592,0
9312,0
112513,0
165328,0
209119,0
145243,0
113383,0
130928,0
229315,0
186347,0
62709,0
83561,0
173973,0
87602,0
238403,0
9942,0
109635,0
119013,0
169828,0
202648,0
136053,0
222731,0
51981,0
101061,0
136982,0
248402,0
189153,0
76774,0
184264,0
23817,0
25810,0
202051,0
106196,0
33770,0
190595,0
132729,0
125319,0
40561,0
66006,0
248232,0
175943,0
67856,0
154602,0
123863,0
27131,0
120330,0
111886,0
12174,0
20546,0
14561,0
224172,0
221306,0
17082,0
166376,0
238242,0
95689,0
69176,0
102869,0
55384,0
245120,0
69151,0
179630,0
138792,0
96115,0
36415,0
68788,0
139451,0
195317,0
187734,0
45142,0
195583,0
191980,0
141246,0
102254,0
192919,0
41071,0
128433,0
180128,0
7488,0
247555,0
173705,0
22801,0
69523,0
206070,0
112057,0
198574,0
56416,0
157943,0
143212,0
206490,0
174926,0
96121,0
239650,0
66684,0
38704,0
13563,0
30546,0
13112,0
247494,0
207350,0
249014,0
79483,0
184242,0
77161,0
85281,0
138872,0
135463,0
15463,0
223073,0
115558,0
50180,0
31118,0
174723,0
91524,0
19880,0
112868,0
167308,0
200315,0
9558,0
30229,0
87356,0
132491,0
192016,0
165939,0
221912,0
158089,0
186861,0
92740,0
124301,0
40559,0
149179,0
233627,0
82233,0
227424,0
29880,0
100183,0
62105,0
227718,0
236057,0
105321,0
90781,0
6226,0
129137,0
102224,0
129812,0
71415,0
11895,0
223730,0
117860,0
16121,0
65135,0
34644,0
184316,0
12510,0
52610,0
122127,0
77191,0
177209,0
989,0
73046,0
118029,0
12079,0
18524,0
145043,0
7117,0
117015,0
160678,0
234546,0
27164,0
67940,0
45020,0
28457,0
8599,0
122186,0
246578,0
8355,0
108359,0
85672,0
218166,0
155886,0
58762,0
567,0
203595,0
239001,0
195489,0
17641,0
12393,0
49852,0
133518,0
64780,0
168066,0
237008,0
226668,0
203779,0
190764,0
70302,0
163412,0
208148,0
92211,0
195894,0
49535,0
219417,0
159220,0
61551,0
113501,0
65448,0
244857,0
108392,0
191331,0
215266,0
132245,0
152485,0
140299,0
27239,0
138129,0
48062,0
109092,0
233987,0
129245,0
217704,0
180383,0
234905,0
38853,0
64974,0
223206,0
182446,0
234650,0
26189,0
144050,0
21699,0
181576,0
232548,0
233753,0
121419,0
144115,0
34881,0
232336,0
58736,0
225474,0
249688,0
245147,0
197000,0
130455,0
113621,0
158140,0
185720,0
234796,0
91774,0
231873,0
17023,0
133982,0
96840,0
212002,0
34396,0
8683,0
248677,0
78452,0
191311,0
45847,0
23209,0
184518,0
127423,0
74634,0
43573,0
27075,0
109868,0
40784,0
230454,0
236103,0
126979,0
140006,0
57282,0
56521,0
181874,0
18920,0
2501,0
153505,0
59109,0
43806,0
241999,0
233440,0
88946,0
197571,0
148203,0
214375,0
42767,0
86573,0
125548,0
113826,0
227978,0
99741,0
124274,0
118354,0
99975,0
189866,0
138557,0
123322,0
123603,0
200548,0
49576,0
49284,0
234553,0
180001,0
171697,0
61352,0
239242,0
126977,0
192494,0
103260,0
207068,0
217525,0
81166,0
183959,0
177191,0
62050,0
19127,0
160314,0
95655,0
152182,0
74647,0
206534,0
96899,0
106323,0
155764,0
192019,0
227678,0
161552,0
46836,0
218626,0
249553,0
181634,0
1361,0
1156,0
91508,0
123507,0
990,0
42569,0
66932,0
113980,0
27218,0
93129,0
145703,0
141849,0
10106,0
220439,0
126914,0
215044,0
217111,0
16741,0
71342,0
24368,0
95782,0
25400,0
91389,0
92667,0
18832,0
163851,0
176508,0
64942,0
70036,0
36686,0
239762,0
192373,0
183555,0
68940,0
164619,0
234530,0
114757,0
227259,0
239132,0
88052,0
108035,0
146122,0
25488,0
193917,0
57982,0
197711,0
162481,0
128744,0
225186,0
30506,0
168240,0
113656,0
136338,0
226649,0
239810,0
247835,0
139958,0
20475,0
226529,0
5866,0
159013,0
168910,0
51193,0
136753,0
231245,0
50168,0
244674,0
189467,0
171938,0
97373,0
91224,0
7458,0
197456,0
144881,0
89035,0
132257,0
120064,0
2264,0
108331,0
78552,0
216867,0
142541,0
180243,0
21676,0
29139,0
114701,0
147885,0
23486,0
165826,0
111784,0
224463,0
181045,0
59600,0
225063,0
201826,0
74924,0
99635,0
102628,0
231228,0
198456,0
65151,0
226057,0
19038,0
132576,0
209371,0
12103,0
130367,0
90833,0
124783,0
223829,0
203636,0
3158,0
83722,0
50480,0
240097,0
119135,0
236829,0
97407,0
79774,0
35871,0
59184,0
53154,0
14367,0
155431,0
143719,0
185651,0
2424,0
47546,0
246397,0
168835,0
27494,0
78456,0
67838,0
235100,0
46269,0
234801,0
214043,0
118766,0
4477,0
56323,0
4190,0
239434,0
81910,0
143119,0
33453,0
43464,0
21914,0
159773,0
208155,0
217501,0
69102,0
21510,0
184542,0
176254,0
175281,0
195750,0
5836,0
26525,0
104600,0
63946,0
134297,0
189231,0
44931,0
76257,0
179991,0
226356,0
115032,0
30228,0
12732,0
249938,0
96234,0
188769,0
110259,0
174344,0
130691,0
202591,0
105994,0
50947,0
8442,0
17322,0
222660,0
2954,0
48413,0
226499,0
41691,0
31614,0
62311,0
96885,0
164189,0
128012,0
222485,0
237973,0
40730,0
68778,0
82257,0
149975,0
75774,0
11518,0
230562,0
198084,0
232586,0
136130,0
203322,0
3294,0
96763,0
185062,0
70964,0
239780,0
235511,0
209575,0
205276,0
170974,0
65477,0
150224,0
220221,0
207282,0
146916,0
194951,0
81490,0
200680,0
138793,0
47473,0
138435,0
74193,0
236068,0
139241,0
16463,0
188389,0
150541,0
28907,0
89454,0
241948,0
204253,0
140711,0
163881,0
14228,0
230652,0
154962,0
73813,0
184590,0
154242,0
208125,0
178851,0
233623,0
109991,0
79250,0
101222,0
117934,0
78741,0
97570,0
160426,0
62161,0
165548,0
183348,0
213899,0
236991,0
130195,0
105830,0
207432,0
102861,0
245133,0
70035,0
40440,0
74078,0
203024,0
167519,0
52416,0
7417,0
104902,0
210470,0
76083,0
245342,0
106315,0
92877,0
219810,0
174691,0
224536,0
104963,0
58684,0
62201,0
96807,0
64175,0
185371,0
44937,0
122680,0
219204,0
47039,0
112086,0
48193,0
46498,0
157354,0
76601,0
211812,0
28496,0
21905,0
164728,0
159932,0
113072,0
219421,0
219119,0
247565,0
231608,0
115026,0
235137,0
25414,0
549,0
68448,0
20818,0
42263,0
53729,0
174360,0
230389,0
37374,0
111911,0
189104,0
74004,0
93643,0
143647,0
109659,0
181929,0
109346,0
153311,0
166639,0
196935,0
137412,0
249128,0
3118,0
122620,0
117640,0
176530,0
50195,0
165063,0
63520,0
109451,0
5601,0
195496,0
42826,0
49118,0
87135,0
49963,0
164014,0
62611,0
243540,0
176252,0
116213,0
247011,0
3648,0
116057,0
130953,0
100538,0
83353,0
239863,0
52291,0
96997,0
23822,0
11360,0
27505,0
151841,0
228662,0
249613,0
84765,0
12086,0
193395,0
184105,0
23647,0
239014,0
191291,0
40349,0
51836,0
158367,0
17632,0
49865,0
183411,0
92502,0
144246,0
158781,0
76826,0
209830,0
178340,0
8054,0
160791,0
100152,0
38203,0
38856,0
8627,0
122849,0
132728,0
43924,0
240348,0
119781,0
248014,0
83363,0
96082,0
10524,0
189706,0
129378,0
50330,0
182757,0
79108,0
191968,0
160709,0
38171,0
20013,0
222668,0
235570,0
155773,0
8171,0
244236,0
167910,0
87282,0
31316,0
156375,0
79958,0
90563,0
146350,0
120068,0
176081,0
84113,0
18545,0
113720,0
156888,0
12991,0
199998,0
165077,0
197220,0
223825,0
149497,0
144040,0
138115,0
56899,0
95724,0
122661,0
97717,0
210604,0
208797,0
179284,0
171054,0
110085,0
27060,0
82359,0
56638,0
237367,0
125447,0
105708,0
57439,0
94942,0
49900,0
169287,0
885,0
144278,0
59795,0
26299,0
127986,0
127586,0
130799,0
209285,0
177313,0
159188,0
29509,0
18336,0
107032,0
50656,0
237357,0
247080,0
212276,0
142826,0
57582,0
4900,0
47839,0
224408,0
234505,0
208356,0
36705,0
122220,0
109420,0
207001,0
75199,0
172233,0
150608,0
195966,0
104291,0
111862,0
241681,0
77697,0
122334,0
15392,0
43321,0
39849,0
9253,0
39345,0
42450,0
239412,0
68724,0
64441,0
94692,0
163685,0
215798,0
97615,0
212440,0
46691,0
189822,0
148220,0
120431,0
202730,0
226229,0
224299,0
232282,0
110381,0
209455,0
86144,0
13864,0
211605,0
245541,0
157049,0
4049,0
188586,0
243231,0
74549,0
61073,0
169825,0
53519,0
220632,0
63020,0
44915,0
106980,0
5743,0
64023,0
151376,0
52373,0
110470,0
229111,0
32980,0
224696,0
172682,0
173387,0
72924,0
206807,0
179440,0
211577,0
21126,0
99023,0
238624,0
24213,0
85003,0
181458,0
141156,0
21598,0
240473,0
20765,0
86503,0
242179,0
70620,0
97323,0
156957,0
142272,0
208262,0
60804,0
75996,0
122008,0
220734,0
26741,0
60090,0
180683,0
13719,0
229355,0
124170,0
242739,0
133839,0
39889,0
49669,0
240623,0
114020,0
116746,0
205022,0
149806,0
184633,0
182157,0
67336,0
240131,0
104572,0
81303,0
241152,0
193530,0
23012,0
61287,0
68986,0
170003,0
104141,0
73028,0
164235,0
28599,0
148996,0
235346,0
124122,0
149792,0
168267,0
226339,0
197685,0
246852,0
176302,0
185630,0
85403,0
23661,0
59706,0
71891,0
24635,0
184790,0
33179,0
21731,0
237209,0
68291,0
67023,0
104411,0
128847,0
247097,0
94207,0
199224,0
58255,0
200002,0
32102,0
169609,0
58948,0
95602,0
29091,0
109581,0
87554,0
217909,0
215070,0
216409,0
234779,0
85729,0
37910,0
136927,0
79099,0
68133,0
47375,0
182171,0
175116,0
116393,0
120253,0
110019,0
77609,0
200036,0
117009,0
215482,0
177596,0
118575,0
195705,0
210415,0
4459,0
222460,0
43396,0
111722,0
131879,0
95846,0
137029,0
90732,0
222213,0
141261,0
47415,0
210576,0
227768,0
65473,0
195190,0
66109,0
123810,0
127954,0
32086,0
132094,0
54695,0
101616,0
53419,0
10936,0
161490,0
139515,0
243031,0
55190,0
74375,0
58985,0
174235,0
114721,0
239603,0
219638,0
35511,0
177649,0
3518,0
69295,0
128134,0
64573,0
62898,0
234128,0
53620,0
172673,0
136222,0
203965,0
15444,0
28171,0
239561,0
193467,0
42002,0
6214,0
129726,0
136896,0
46812,0
107602,0
141816,0
139522,0
209006,0
155805,0
77773,0
104423,0
119680,0
4671,0
26623,0
139351,0
104175,0
242802,0
241704,0
109163,0
176624,0
213860,0
219493,0
14064,0
19380,0
98914,0
70709,0
192382,0
224357,0
223602,0
5841,0
62460,0
164771,0
21616,0
96184,0
80427,0
159332,0
25716,0
196330,0
128193,0
204018,0
175033,0
179962,0
73827,0
19618,0
194023,0
179789,0
125625,0
158771,0
28274,0
2888,0
37149,0
26680,0
174502,0
117398,0
136839,0
181571,0
119404,0
213480,0
81787,0
34892,0
14660,0
70165,0
93238,0
136625,0
199896,0
119708,0
92911,0
174489,0
232840,0
209320,0
184486,0
102608,0
105224,0
136221,0
46884,0
100137,0
148840,0
174007,0
172950,0
38153,0
10645,0
129718,0
217706,0
11649,0
25113,0
246116,0
140897,0
164952,0
195731,0
233216,0
29584,0
2767,0
4979,0
98615,0
150867,0
78671,0
70273,0
177642,0
23121,0
84630,0
3933,0
238,0
10398,0
121055,0
39490,0
122213,0
180464,0
115707,0
30960,0
231662,0
28083,0
124527,0
184835,0
5058,0
87734,0
28757,0
63312,0
213225,0
245545,0
101845,0
111082,0
146044,0
22249,0
61176,0
22884,0
164081,0
216912,0
179213,0
208625,0
229350,0
91971,0
195,0
88429,0
217773,0
185216,0
64683,0
188018,0
231708,0
244353,0
44314,0
196080,0
158980,0
163195,0
185233,0
169305,0
38113,0
47041,0
36714,0
172907,0
222940,0
157065,0
48892,0
238059,0
126271,0
83209,0
7092,0
208540,0
19424,0
191527,0
77801,0
112991,0
173048,0
27693,0
42502,0
63420,0
72315,0
129041,0
72809,0
45779,0
103706,0
146773,0
177149,0
75037,0
46763,0
112748,0
134677,0
145305,0
7901,0
12173,0
35164,0
216509,0
233188,0
68854,0
86449,0
205344,0
41460,0
160271,0
33083,0
7916,0
25320,0
224230,0
152141,0
44930,0
149343,0
245234,0
152196,0
79391,0
60602,0
106899,0
106179,0
221059,0
19802,0
153569,0
117515,0
16409,0
213768,0
173462,0
172570,0
217933,0
176861,0
114148,0
180463,0
229207,0
59662,0
163745,0
138707,0
63858,0
45997,0
79607,0
32221,0
89382,0
200648,0
67350,0
15000,0
188575,0
124940,0
3492,0
177349,0
31192,0
136425,0
59713,0
125974,0
151570,0
155704,0
244104,0
12664,0
246567,0
50496,0
24470,0
221937,0
87391,0
376,0
210549,0
167933,0
132007,0
37274,0
219046,0
2739,0
194479,0
190842,0
82270,0
246747,0
78212,0
51874,0
171730,0
2102,0
162547,0
46855,0
177704,0
121592,0
143794,0
83388,0
199280,0
156609,0
149150,0
183393,0
157988,0
105933,0
82661,0
196084,0
11031,0
66223,0
78949,0
123550,0
73660,0
17658,0
212103,0
189480,0
124413,0
86931,0
249520,0
107706,0
208543,0
55374,0
40279,0
131617,0
239020,0
16653,0
193238,0
145477,0
63641,0
49358,0
152827,0
120235,0
126280,0
82965,0
224564,0
54688,0
57794,0
248970,0
159771,0
165623,0
111985,0
153145,0
65398,0
209869,0
153174,0
167339,0
203188,0
220627,0
24958,0
131955,0
51627,0
197341,0
137838,0
211828,0
217990,0
30205,0
189736,0
131762,0
205957,0
224287,0
107414,0
165313,0
74204,0
109208,0
162456,0
17113,0
208368,0
239874,0
27800,0
94164,0
82084,0
104801,0
6234,0
78503,0
211206,0
129961,0
179033,0
183475,0
201456,0
52197,0
78801,0
172820,0
150602,0
66152,0
205223,0
53354,0
100030,0
107939,0
223223,0
99493,0
239287,0
19796,0
79420,0
132648,0
21806,0
147094,0
213015,0
31447,0
143506,0
124621,0
145851,0
111535,0
225645,0
134893,0
213149,0
124041,0
172323,0
83225,0
99418,0
3885,0
100792,0
50116,0
81425,0
138274,0
64241,0
40384,0
233783,0
145035,0
181991,0
132374,0
150614,0
225436,0
240698,0
126287,0
80160,0
103031,0
132613,0
75435,0
41868,0
55826,0
206500,0
130073,0
13391,0
141771,0
212367,0
54207,0
158032,0
52053,0
55409,0
54421,0
18258,0
144068,0
97902,0
62262,0
81093,0
120666,0
9220,0
5432,0
145972,0
101082,0
34736,0
160619,0
223364,0
63714,0
180471,0
150661,0
142315,0
198003,0
202074,0
137176,0
241206,0
22610,0
18581,0
50566,0
215040,0
228737,0
151192,0
164047,0
104362,0
31965,0
131948,0
213405,0
175123,0
177665,0
38361,0
175372,0
157115,0
159264,0
151442,0
20564,0
15047,0
219032,0
208582,0
55412,0
148251,0
171202,0
17187,0
9419,0
232339,0
124516,0
50690,0
119507,0
182718,0
137813,0
18390,0
121020,0
174425,0
59424,0
11852,0
30605,0
80307,0
65798,0
127475,0
178223,0
183602,0
58406,0
73667,0
230275,0
243635,0
249584,0
169073,0
3738,0
241268,0
59440,0
207487,0
216655,0
207369,0
182136,0
2806,0
245323,0
110403,0
87261,0
68567,0
214012,0
221610,0
198836,0
198249,0
111650,0
118509,0
228082,0
224616,0
54536,0
35161,0
67718,0
174381,0
92212,0
149578,0
107217,0
99343,0
243405,0
180960,0
81882,0
214426,0
237648,0
187252,0
53435,0
95222,0
48092,0
26428,0
29926,0
53758,0
232547,0
230006,0
190064,0
247706,0
119005,0
169112,0
174390,0
22281,0
95030,0
246034,0
135794,0
143690,0
81034,0
117404,0
138079,0
204080,0
226809,0
173788,0
107275,0
220255,0
90110,0
101916,0
222612,0
181641,0
171330,0
24870,0
12465,0
58662,0
41669,0
125313,0
6515,0
146981,0
157267,0
83149,0
159214,0
229926,0
60111,0
86968,0
234382,0
167283,0
49267,0
184431,0
57639,0
63380,0
171882,0
136515,0
194124,0
182082,0
202799,0
82153,0
226414,0
54409,0
117453,0
68790,0
33006,0
127958,0
119307,0
181773,0
35490,0
70133,0
169570,0
103851,0
199060,0
84438,0
152661,0
134382,0
101602,0
101574,0
236652,0
127879,0
17946,0
48240,0
171986,0
55857,0
240234,0
131111,0
20244,0
63611,0
62329,0
1637,0
65575,0
189819,0
99466,0
139046,0
57666,0
247240,0
13948,0
34335,0
18129,0
118491,0
240977,0
57478,0
183806,0
31902,0
91444,0
107242,0
203626,0
239766,0
193517,0
237217,0
91247,0
160662,0
87293,0
177322,0
20718,0
234698,0
70515,0
230270,0
219122,0
71940,0
182210,0
138765,0
93866,0
242694,0
163147,0
136918,0
78120,0
163585,0
168422,0
99719,0
105291,0
191147,0
225376,0
111791,0
194517,0
123801,0
128208,0
176879,0
159962,0
55224,0
160564,0
240428,0
216123,0
143825,0
156864,0
85351,0
165923,0
49277,0
51388,0
116998,0
109892,0
131863,0
56923,0
148969,0
155280,0
221422,0
158284,0
125946,0
149154,0
151594,0
189561,0
135216,0
54861,0
117833,0
21096,0
76689,0
87124,0
72986,0
131035,0
83887,0
81379,0
93214,0
68121,0
206706,0
57531,0
106236,0
241567,0
222656,0
238158,0
88749,0
79802,0
63352,0
117417,0
77032,0
235932,0
211833,0
165022,0
87832,0
198556,0
12703,0
111807,0
199522,0
94838,0
128649,0
169376,0
178478,0
151949,0
75677,0
163717,0
18575,0
133199,0
241664,0
185733,0
58167,0
214079,0
24720,0
225487,0
127442,0
9786,0
230783,0
197715,0
185301,0
174967,0
221679,0
208763,0
1032,0
140266,0
20390,0
173219,0
189768,0
137487,0
45136,0
20858,0
70919,0
56225,0
210591,0
60209,0
242938,0
228111,0
40829,0
222815,0
82356,0
19933,0
216787,0
128704,0
123125,0
239159,0
74287,0
169444,0
16261,0
97666,0
57605,0
130307,0
123186,0
245423,0
46470,0
3507,0
107902,0
145883,0
2306,0
17654,0
123352,0
41886,0
23527,0
151995,0
106751,0
23678,0
66309,0
228689,0
46751,0
145812,0
8114,0
39923,0
10624,0
109280,0
128610,0
25776,0
242816,0
98761,0
172978,0
103888,0
223790,0
242547,0
67202,0
176868,0
196223,0
138337,0
232714,0
133598,0
189483,0
200619,0
231542,0
145455,0
217374,0
155068,0
174396,0
206180,0
200944,0
76513,0
206133,0
18850,0
33682,0
10591,0
37644,0
123150,0
80797,0
68398,0
179885,0
123167,0
145670,0
130848,0
226082,0
113042,0
74753,0
53574,0
33092,0
246185,0
22543,0
76681,0
98262,0
114519,0
66602,0
147280,0
16624,0
155835,0
241629,0
119182,0
43666,0
36572,0
138092,0
125079,0
144809,0
33947,0
151673,0
132002,0
118568,0
62141,0
100237,0
171027,0
107569,0
87984,0
30390,0
174577,0
54432,0
45444,0
117043,0
61030,0
241637,0
175825,0
99710,0
88886,0
133957,0
154928,0
44284,0
133809,0
2987,0
10137,0
46544,0
119353,0
30707,0
185045,0
240997,0
194883,0
229651,0
232090,0
73456,0
183665,0
163854,0
20052,0
59747,0
48968,0
219681,0
214931,0
242487,0
200578,0
137013,0
173332,0
206295,0
4032,0
113641,0
125778,0
232785,0
43770,0
196303,0
3312,0
63809,0
100743,0
234791,0
80892,0
141493,0
11362,0
51917,0
230204,0
121842,0
139793,0
146495,0
81990,0
170348,0
167424,0
177061,0
205892,0
37754,0
78774,0
50910,0
99717,0
113300,0
77352,0
168063,0
169748,0
86956,0
189130,0
58400,0
214874,0
134986,0
91139,0
219555,0
67205,0
17081,0
48536,0
119927,0
175604,0
164192,0
225633,0
88129,0
140557,0
14210,0
197305,0
136393,0
206503,0
215312,0
198517,0
70469,0
221257,0
1012,0
2989,0
223440,0
167244,0
109886,0
86564,0
112475,0
159542,0
158530,0
133925,0
204517,0
11359,0
143856,0
227586,0
112361,0
57712,0
63288,0
138240,0
88217,0
13452,0
128101,0
57780,0
239846,0
41863,0
214826,0
82301,0
175900,0
162757,0
128724,0
159448,0
93503,0
104322,0
209206,0
159885,0
228481,0
58730,0
64799,0
91101,0
201788,0
142975,0
165949,0
54655,0
158676,0
180522,0
111991,0
66510,0
149393,0
230921,0
39671,0
240734,0
45954,0
15192,0
230041,0
215962,0
215654,0
188225,0
17656,0
221644,0
4031,0
193965,0
82934,0
177167,0
116212,0
158035,0
140194,0
214934,0
189409,0
72087,0
202404,0
99688,0
242120,0
206795,0
108315,0
44243,0
236532,0
4956,0
141291,0
233248,0
121454,0
161438,0
72823,0
138805,0
104393,0
198561,0
28637,0
174263,0
50150,0
201502,0
155151,0
208084,0
247272,0
170334,0
17486,0
129502,0
193064,0
188201,0
175770,0
241975,0
46930,0
11716,0
59093,0
130481,0
63991,0
197697,0
181140,0
162851,0
172873,0
158463,0
37605,0
119136,0
182987,0
96387,0
196782,0
168254,0
206571,0
170233,0
3548,0
188752,0
34617,0
208648,0
29425,0
94076,0
248691,0
23369,0
91327,0
181130,0
72091,0
46949,0
22138,0
231122,0
105658,0
92281,0
155710,0
150579,0
105124,0
191725,0
117671,0
140763,0
103009,0
79038,0
38292,0
10605,0
170882,0
73576,0
201508,0
198801,0
9830,0
242665,0
110524,0
100503,0
178670,0
36757,0
64651,0
183980,0
111330,0
118645,0
884,0
114298,0
151282,0
19821,0
126642,0
193446,0
182704,0
210085,0
222413,0
188012,0
150342,0
178795,0
153908,0
93096,0
94497,0
202801,0
145515,0
35365,0
142170,0
239247,0
103829,0
92100,0
241482,0
34748,0
236963,0
185598,0
167121,0
240761,0
159554,0
146634,0
116468,0
231306,0
104394,0
80921,0
164960,0
95704,0
10238,0
130059,0
45207,0
119044,0
12533,0
69183,0
232364,0
142000,0
124919,0
169764,0
22661,0
237491,0
110941,0
32200,0
245604,0
241197,0
25082,0
9100,0
145240,0
166059,0
186310,0
138316,0
18793,0
244490,0
91231,0
205956,0
78688,0
154651,0
68974,0
146679,0
79573,0
62498,0
223373,0
146034,0
198494,0
104237,0
202121,0
52402,0
215569,0
178319,0
145108,0
243761,0
112390,0
39474,0
85422,0
224010,0
224124,0
153455,0
248275,0
148030,0
133531,0
208189,0
32112,0
188375,0
2760,0
134579,0
109802,0
193699,0
68874,0
111502,0
11322,0
62404,0
238790,0
237133,0
27536,0
199766,0
215793,0
86860,0
13619,0
14178,0
36952,0
213404,0
227778,0
65352,0
114891,0
124560,0
221980,0
44836,0
9654,0
143472,0
65188,0
200126,0
241037,0
238086,0
59927,0
26685,0
119579,0
43350,0
94849,0
114191,0
207806,0
23480,0
124205,0
143691,0
226875,0
113945,0
117306,0
135429,0
105123,0
128337,0
50349,0
166309,0
211310,0
97926,0
151940,0
89683,0
215970,0
80328,0
146660,0
75989,0
151721,0
230544,0
195329,0
92277,0
190983,0
101340,0
192632,0
21717,0
113801,0
58183,0
143027,0
15653,0
28065,0
10464,0
242893,0
104830,0
1277,0
147695,0
114581,0
77792,0
31408,0
79107,0
31080,0
153119,0
23698,0
71015,0
43789,0
148751,0
247263,0
211789,0
177535,0
168248,0
137063,0
68924,0
95903,0
7674,0
179664,0
23373,0
89980,0
225940,0
3924,0
189658,0
124884,0
162803,0
129490,0
117420,0
96799,0
226773,0
16873,0
118750,0
154873,0
227658,0
178112,0
8218,0
120402,0
96547,0
123004,0
138848,0
25083,0
187260,0
211113,0
49490,0
225690,0
29641,0
136542,0
23195,0
222756,0
97595,0
184073,0
109196,0
53862,0
97878,0
71235,0
197054,0
82829,0
197965,0
33995,0
238238,0
189871,0
91296,0
134492,0
244192,0
120296,0
184397,0
5131,0
202601,0
200111,0
50339,0
85052,0
12330,0
106595,0
91308,0
15333,0
174059,0
84048,0
117750,0
229403,0
49216,0
48958,0
91795,0
205204,0
94180,0
113079,0
121065,0
209639,0
105523,0
118958,0
28811,0
121873,0
234436,0
219533,0
38536,0
11096,0
124692,0
98870,0
17699,0
238394,0
240122,0
199097,0
91732,0
238988,0
104449,0
136539,0
39052,0
20468,0
199135,0
100697,0
218294,0
7824,0
157942,0
99286,0
85378,0
69215,0
76078,0
128277,0
91735,0
171661,0
143959,0
99330,0
49275,0
211529,0
132281,0
52714,0
59815,0
47475,0
106232,0
122905,0
116945,0
122172,0
81977,0
177114,0
203742,0
49171,0
79383,0
150380,0
214825,0
713,0
92347,0
89372,0
129668,0
123250,0
185970,0
165231,0
196694,0
162539,0
242372,0
158008,0
138513,0
99056,0
103147,0
44045,0
11864,0
249258,0
4270,0
144693,0
89765,0
81980,0
29226,0
112702,0
144176,0
130930,0
100617,0
243473,0
117660,0
8192,0
41082,0
161134,0
163657,0
8960,0
213479,0
223305,0
46036,0
55148,0
117259,0
33280,0
247772,0
136075,0
228644,0
170029,0
43238,0
26978,0
97600,0
208273,0
107200,0
90407,0
118546,0
2904,0
221735,0
149025,0
174370,0
122704,0
46052,0
229373,0
199957,0
113269,0
147463,0
84481,0
208002,0
106674,0
137396,0
208712,0
126494,0
152413,0
86813,0
69595,0
178807,0
3559,0
145144,0
755,0
106869,0
27267,0
198244,0
245626,0
108280,0
140443,0
218436,0
102846,0
26118,0
151056,0
133119,0
185697,0
174317,0
81278,0
115732,0
191834,0
240621,0
149514,0
213130,0
214455,0
77440,0
56901,0
147857,0
170628,0
213834,0
146484,0
172250,0
240195,0
128978,0
31331,0
130505,0
23142,0
95223,0
161331,0
68660,0
79539,0
211677,0
197119,0
230954,0
225070,0
158017,0
145819,0
240540,0
78943,0
6806,0
31319,0
119335,0
191338,0
175869,0
86514,0
3227,0
68693,0
190261,0
87247,0
161621,0
40973,0
99342,0
14043,0
203986,0
26889,0
130495,0
90669,0
175279,0
24500,0
116946,0
11639,0
248027,0
30687,0
166168,0
84352,0
226858,0
183913,0
160892,0
205132,0
6173,0
40801,0
48880,0
64601,0
245135,0
99211,0
173603,0
71673,0
59752,0
247723,0
237398,0
152426,0
69763,0
195551,0
212125,0
130352,0
19579,0
187308,0
205475,0
138505,0
26518,0
77419,0
140154,0
7862,0
47539,0
175316,0
9818,0
31151,0
144682,0
70579,0
23077,0
221589,0
235018,0
55532,0
35250,0
23337,0
44129,0
113363,0
243866,0
218695,0
77529,0
213186,0
15980,0
214356,0
149545,0
223063,0
58454,0
30316,0
12558,0
23967,0
233355,0
195345,0
145843,0
214080,0
138061,0
74699,0
169569,0
222020,0
81310,0
201496,0
117970,0
202627,0
95393,0
47898,0
81003,0
19040,0
239265,0
204132,0
146765,0
7950,0
135598,0
227884,0
24653,0
108840,0
166440,0
29127,0
144511,0
138716,0
113412,0
241434,0
39444,0
168094,0
231411,0
245609,0
197048,0
129138,0
195296,0
48057,0
145970,0
100482,0
206256,0
191970,0
85152,0
83879,0
69160,0
167618,0
201741,0
66118,0
249039,0
517,0
244918,0
100077,0
17991,0
186703,0
223489,0
72741,0
96423,0
59067,0
192809,0
114779,0
80412,0
34853,0
198654,0
126132,0
90077,0
232475,0
119032,0
162043,0
178718,0
76575,0
174791,0
117086,0
91086,0
217478,0
137722,0
24302,0
11025,0
67972,0
211154,0
77358,0
243525,0
145068,0
208200,0
39094,0
15802,0
105080,0
213542,0
54171,0
92285,0
143028,0
46326,0
144936,0
159503,0
166071,0
133967,0
36203,0
227749,0
212557,0
60829,0
90961,0
202741,0
82610,0
188488,0
99394,0
140380,0
18121,0
48054,0
222640,0
177449,0
239567,0
8082,0
126950,0
134501,0
15538,0
185358,0
233353,0
186822,0
126918,0
130129,0
73954,0
44242,0
106282,0
151862,0
172045,0
152507,0
193597,0
157698,0
190870,0
19708,0
43082,0
91140,0
206066,0
37390,0
82019,0
100765,0
4868,0
61222,0
13678,0
203921,0
19467,0
80241,0
178307,0
100252,0
20727,0
158119,0
79685,0
213069,0
10351,0
54870,0
172157,0
246419,0
246103,0
174347,0
89575,0
26658,0
161790,0
998,0
175230,0
55126,0
51737,0
210073,0
86832,0
75041,0
34020,0
115966,0
123463,0
220564,0
134307,0
125516,0
153491,0
144162,0
134263,0
43694,0
200654,0
101114,0
226041,0
93628,0
187594,0
48684,0
79515,0
189484,0
221156,0
77250,0
65709,0
115186,0
245721,0
112114,0
122121,0
73782,0
192988,0
220413,0
214878,0
115177,0
184840,0
15319,0
244967,0
66926,0
16441,0
241940,0
73755,0
243432,0
151448,0
83823,0
100920,0
74972,0
145820,0
149047,0
182796,0
174421,0
159055,0
101763,0
93816,0
197555,0
49552,0
106651,0
187048,0
119658,0
72222,0
128394,0
104355,0
3299,0
153943,0
164747,0
20542,0
235349,0
32748,0
107888,0
41317,0
75850,0
170598,0
247332,0
58021,0
16046,0
135745,0
249376,0
174646,0
32459,0
75061,0
235557,0
16658,0
212582,0
56237,0
167508,0
205647,0
42152,0
149230,0
137406,0
118387,0
141145,0
48226,0
45348,0
79563,0
2504,0
68271,0
20956,0
241215,0
63538,0
148005,0
161344,0
200763,0
47833,0
2890,0
97388,0
239123,0
138250,0
227901,0
111239,0
236399,0
25683,0
24296,0
64962,0
165242,0
193667,0
174151,0
130718,0
156444,0
175342,0
138636,0
41400,0
115253,0
203712,0
129098,0
92087,0
183565,0
125719,0
166719,0
190724,0
2269,0
52230,0
114908,0
70076,0
129382,0
106774,0
137355,0
158170,0
8968,0
106032,0
3195,0
53457,0
11245,0
131377,0
222844,0
191556,0
243883,0
64326,0
138630,0
7600,0
216439,0
203604,0
89796,0
60121,0
131316,0
246291,0
221525,0
47962,0
84567,0
74265,0
57542,0
91898,0
99237,0
57664,0
2785,0
130045,0
104125,0
152784,0
79832,0
40926,0
150162,0
17281,0
51157,0
196467,0
217238,0
224056,0
94344,0
12958,0
198599,0
187222,0
230892,0
68030,0
220692,0
115888,0
68336,0
25481,0
248485,0
118338,0
100189,0
31064,0
204064,0
113229,0
183180,0
100463,0
124410,0
112151,0
19036,0
201055,0
61501,0
195259,0
105731,0
69150,0
158324,0
194814,0
7071,0
99553,0
167111,0
130146,0
154454,0
52555,0
50638,0
171243,0
241942,0
130070,0
14424,0
40476,0
87394,0
128525,0
126863,0
58728,0
104236,0
236100,0
30255,0
166489,0
114203,0
160606,0
71546,0
50633,0
211549,0
153992,0
42955,0
137603,0
60162,0
175158,0
160311,0
198546,0
85341,0
211592,0
35173,0
86476,0
240550,0
118710,0
228042,0
97990,0
181151,0
177646,0
33903,0
154263,0
14664,0
43647,0
78312,0
127624,0
95720,0
229764,0
62313,0
232613,0
120401,0
13307,0
190478,0
18778,0
169662,0
93633,0
49622,0
69791,0
7323,0
222402,0
10422,0
43738,0
2571,0
31261,0
232894,0
69121,0
137439,0
163438,0
159602,0
134368,0
47088,0
226835,0
240624,0
168407,0
149331,0
62129,0
73229,0
186786,0
212382,0
22252,0
144194,0
202889,0
141060,0
115850,0
148613,0
128189,0
172737,0
34029,0
47926,0
166443,0
117334,0
122977,0
240302,0
6729,0
88947,0
118946,0
96851,0
244018,0
146905,0
121255,0
75666,0
25116,0
153548,0
56702,0
11836,0
178456,0
218044,0
218648,0
167226,0
179367,0
178467,0
76669,0
9175,0
110136,0
230821,0
131966,0
127338,0
190857,0
183008,0
113115,0
104168,0
28667,0
65846,0
64389,0
234870,0
207590,0
62317,0
13681,0
65998,0
72891,0
129,0
73897,0
187101,0
166610,0
91496,0
45939,0
60571,0
161659,0
164480,0
232672,0
38632,0
184913,0
23896,0
80444,0
57744,0
97145,0
247027,0
33918,0
105064,0
124948,0
137005,0
81918,0
106428,0
162328,0
244472,0
84874,0
140270,0
104119,0
55559,0
77336,0
222639,0
185134,0
248079,0
249122,0
154703,0
140168,0
171219,0
109849,0
103385,0
78161,0
111673,0
89496,0
68357,0
29700,0
124846,0
184575,0
221749,0
92960,0
98177,0
221060,0
154171,0
142019,0
178984,0
112309,0
54209,0
11026,0
195909,0
72271,0
146655,0
114449,0
209101,0
71521,0
16922,0
128844,0
129675,0
60349,0
217244,0
128851,0
102259,0
116272,0
57319,0
36950,0
206188,0
70872,0
197131,0
154629,0
244452,0
25732,0
119146,0
59307,0
92105,0
22816,0
158475,0
159060,0
155637,0
218702,0
236008,0
43796,0
212011,0
50869,0
141819,0
95103,0
79104,0
159114,0
80298,0
205723,0
48546,0
58875,0
96372,0
168165,0
20383,0
150581,0
2105,0
64917,0
95527,0
197657,0
165947,0
219634,0
18755,0
128479,0
191571,0
95032,0
122087,0
58512,0
80461,0
107687,0
248974,0
40091,0
46429,0
188657,0
60227,0
173054,0
51054,0
109707,0
220872,0
23292,0
171814,0
19859,0
139827,0
220068,0
185337,0
238469,0
233524,0
44692,0
85805,0
203881,0
141364,0
106309,0
3010,0
16064,0
240493,0
53924,0
186921,0
41847,0
191716,0
110055,0
138441,0
171048,0
230886,0
247415,0
180350,0
162787,0
187667,0
178165,0
37370,0
88700,0
207308,0
39845,0
24126,0
212776,0
123734,0
5244,0
152482,0
46452,0
207673,0
148288,0
222471,0
23201,0
236381,0
175645,0
245569,0
46591,0
152228,0
225431,0
91657,0
222342,0
145185,0
79565,0
41469,0
97931,0
53327,0
69894,0
192791,0
179753,0
205225,0
6106,0
201625,0
193784,0
77625,0
188855,0
13949,0
15845,0
161725,0
244204,0
8746,0
219812,0
173821,0
40574,0
76038,0
219480,0
211667,0
54919,0
245962,0
141547,0
249047,0
126993,0
73908,0
68100,0
115853,0
61228,0
38569,0
597,0
81139,0
178397,0
206294,0
165471,0
187537,0
133796,0
105030,0
68195,0
36143,0
212479,0
151856,0
231576,0
85906,0
88513,0
34068,0
81149,0
122091,0
47713,0
133354,0
93811,0
148407,0
58864,0
181285,0
181720,0
243106,0
9585,0
40370,0
74545,0
13468,0
194173,0
37959,0
2429,0
84894,0
55265,0
37800,0
231814,0
239115,0
201010,0
150442,0
109038,0
22333,0
230029,0
230758,0
97234,0
138469,0
228609,0
89815,0
22353,0
135616,0
110077,0
204760,0
66187,0
168283,0
74312,0
204014,0
209927,0
244332,0
61279,0
231878,0
100753,0
48783,0
19429,0
11129,0
128355,0
123783,0
157916,0
64391,0
2992,0
236596,0
177276,0
239041,0
148255,0
83874,0
110062,0
124749,0
187523,0
229194,0
169207,0
83158,0
51709,0
8638,0
145738,0
84965,0
133645,0
184045,0
177821,0
154933,0
135441,0
198861,0
228744,0
143249,0
71690,0
54908,0
48007,0
69670,0
243208,0
243986,0
10196,0
244874,0
245641,0
157411,0
58843,0
108978,0
151631,0
76915,0
67977,0
72059,0
55219,0
8940,0
126408,0
13913,0
139145,0
217647,0
95824,0
17709,0
12992,0
183034,0
65927,0
1870,0
36164,0
80881,0
176327,0
17988,0
29566,0
243368,0
167474,0
56187,0
95192,0
175501,0
30003,0
90443,0
172327,0
112472,0
186725,0
198778,0
63937,0
127313,0
236027,0
107903,0
221098,0
126172,0
85462,0
100618,0
218846,0
106659,0
200079,0
61376,0
8548,0
138784,0
172733,0
124712,0
206139,0
11610,0
49763,0
123437,0
57092,0
46755,0
103143,0
164953,0
92483,0
30843,0
82128,0
171157,0
34167,0
97751,0
147866,0
84510,0
226015,0
37695,0
176292,0
187115,0
186500,0
62042,0
95546,0
118076,0
133447,0
139514,0
105335,0
36283,0
226677,0
169462,0
130825,0
115255,0
131828,0
226134,0
21348,0
224039,0
114156,0
98738,0
245895,0
178461,0
74932,0
111240,0
167742,0
109006,0
216816,0
154539,0
124181,0
235230,0
191956,0
214935,0
144171,0
41608,0
91500,0
216350,0
45734,0
182008,0
192886,0
18677,0
141804,0
243070,0
60984,0
49451,0
204092,0
20757,0
236867,0
202209,0
222409,0
225982,0
97161,0
108695,0
244644,0
120798,0
74147,0
38427,0
195678,0
206570,0
117981,0
235608,0
6854,0
191217,0
212589,0
204049,0
230951,0
128615,0
150548,0
89914,0
131147,0
166044,0
60558,0
158103,0
91786,0
109209,0
184695,0
179674,0
87105,0
215568,0
148634,0
149851,0
96910,0
176911,0
143656,0
27286,0
113201,0
43008,0
72063,0
92569,0
106906,0
124821,0
133467,0
223663,0
163589,0
198503,0
175427,0
237422,0
17500,0
160129,0
77216,0
37749,0
26276,0
185571,0
204942,0
10063,0
152197,0
64722,0
211394,0
207911,0
170659,0
11328,0
29601,0
202461,0
78321,0
109127,0
156399,0
194596,0
160328,0
236289,0
197402,0
221426,0
900,0
4012,0
141375,0
248067,0
5061,0
194334,0
96534,0
122676,0
212847,0
74241,0
3584,0
141318,0
117736,0
42867,0
226528,0
70025,0
96732,0
85434,0
126661,0
10817,0
101947,0
153823,0
188510,0
32236,0
69375,0
100527,0
121904,0
81653,0
200091,0
232950,0
234360,0
162628,0
196407,0
169404,0
74773,0
184949,0
37906,0
103366,0
62419,0
180741,0
150398,0
89395,0
74689,0
199735,0
33270,0
139341,0
27516,0
132376,0
21379,0
178015,0
178297,0
244428,0
7020,0
56937,0
30803,0
12359,0
181031,0
100607,0
96369,0
100939,0
160867,0
114413,0
216726,0
28654,0
12535,0
101342,0
17797,0
168500,0
134342,0
100292,0
78715,0
53884,0
84255,0
211778,0
59490,0
162752,0
239761,0
108524,0
81188,0
74705,0
72589,0
133073,0
189184,0
184333,0
40271,0
67161,0
65512,0
41099,0
45568,0
14221,0
235933,0
134061,0
98173,0
67740,0
105476,0
212065,0
116202,0
86701,0
55340,0
96912,0
192841,0
145876,0
168159,0
245810,0
188723,0
237951,0
244320,0
7469,0
15422,0
182531,0
120152,0
49826,0
213744,0
72533,0
70224,0
203062,0
129402,0
194629,0
35123,0
228900,0
116095,0
217158,0
207842,0
198178,0
159367,0
44073,0
63737,0
227073,0
59350,0
86721,0
772,0
125415,0
133853,0
134247,0
116657,0
198254,0
929,0
231652,0
239349,0
2748,0
95282,0
77309,0
179902,0
145561,0
204743,0
218498,0
136061,0
215636,0
44812,0
37961,0
82564,0
37673,0
12072,0
110651,0
3886,0
146270,0
185521,0
184331,0
57436,0
139774,0
115581,0
121397,0
68898,0
202510,0
147701,0
89449,0
100418,0
13123,0
217504,0
37270,0
203727,0
239705,0
77947,0
231663,0
4399,0
82941,0
64235,0
36648,0
182989,0
155571,0
71547,0
35889,0
21237,0
131107,0
248642,0
94801,0
214081,0
176077,0
224419,0
188288,0
31940,0
212605,0
193615,0
98366,0
12806,0
180643,0
37277,0
26676,0
161530,0
126784,0
245209,0
178565,0
247166,0
150336,0
217533,0
189875,0
73153,0
245049,0
129977,0
83007,0
225647,0
153333,0
35769,0
3815,0
24582,0
149402,0
33053,0
1201,0
37407,0
105492,0
197367,0
173173,0
1970,0
67637,0
231264,0
134752,0
29306,0
149887,0
236507,0
247867,0
39556,0
170777,0
4247,0
33989,0
116872,0
37181,0
19047,0
184922,0
223724,0
72327,0
97291,0
149999,0
84415,0
65992,0
59286,0
191611,0
162911,0
19357,0
193780,0
174327,0
196650,0
102191,0
229122,0
111947,0
151072,0
66956,0
246909,0
102198,0
20888,0
158780,0
1069,0
97351,0
84601,0
174116,0
92851,0
50542,0
213887,0
21054,0
46364,0
87807,0
174616,0
167894,0
181961,0
105329,0
21410,0
69464,0
147583,0
202994,0
109392,0
140158,0
189074,0
35874,0
176568,0
246209,0
107218,0
109235,0
106162,0
132845,0
1540,0
38425,0
224649,0
38827,0
72047,0
248358,0
225453,0
22728,0
36508,0
203977,0
38122,0
245418,0
49398,0
155239,0
151710,0
42657,0
151915,0
78032,0
6349,0
181255,0
175296,0
15220,0
185235,0
93852,0
160836,0
18382,0
14682,0
144968,0
196401,0
120584,0
150677,0
245668,0
68982,0
128186,0
126781,0
28315,0
179533,0
43389,0
80776,0
52765,0
53324,0
71787,0
231163,0
31338,0
171789,0
133707,0
22922,0
214457,0
228125,0
2259,0
121294,0
82390,0
233392,0
210061,0
229677,0
190719,0
79907,0
203130,0
196252,0
78046,0
112326,0
54629,0
242391,0
219314,0
94252,0
141317,0
187369,0
140464,0
165552,0
114561,0
203760,0
93673,0
131891,0
176141,0
93889,0
30302,0
79345,0
133150,0
91381,0
30360,0
18601,0
114004,0
224825,0
201192,0
32308,0
51432,0
149658,0
33255,0
21898,0
65910,0
114221,0
54212,0
153571,0
226556,0
187290,0
141768,0
119672,0
45408,0
26446,0
51540,0
129040,0
178211,0
107411,0
173523,0
199342,0
249354,0
141245,0
121877,0
181020,0
125746,0
161330,0
167710,0
84265,0
59204,0
45490,0
32513,0
36693,0
195593,0
147752,0
170840,0
160102,0
195773,0
120610,0
178647,0
156377,0
134380,0
187555,0
110125,0
216165,0
7058,0
237560,0
147707,0
199483,0
17884,0
33522,0
191328,0
9461,0
26415,0
56593,0
196108,0
78960,0
34244,0
99287,0
140747,0
52730,0
144713,0
42506,0
128602,0
237798,0
140778,0
233881,0
39729,0
34799,0
48125,0
24133,0
44529,0
108680,0
139158,0
129373,0
124044,0
126938,0
102157,0
238138,0
21911,0
181390,0
39434,0
226004,0
93803,0
76856,0
197923,0
191407,0
230720,0
121663,0
186660,0
249021,0
205602,0
39782,0
79701,0
24385,0
196363,0
199187,0
119328,0
38878,0
152386,0
85574,0
120084,0
99799,0
66827,0
56241,0
54329,0
14773,0
148230,0
161026,0
217299,0
228239,0
69115,0
194998,0
200093,0
216045,0
93427,0
112899,0
100410,0
107940,0
138018,0
4087,0
89056,0
248842,0
168010,0
232492,0
61446,0
236588,0
80138,0
116522,0
36037,0
203113,0
213066,0
211497,0
107106,0
224889,0
4301,0
15544,0
178416,0
174295,0
16881,0
24280,0
73069,0
135003,0
134597,0
120328,0
69868,0
41554,0
198277,0
91727,0
102502,0
69941,0
205252,0
215879,0
5702,0
42401,0
117141,0
102912,0
203660,0
239083,0
173147,0
208246,0
72027,0
169307,0
122525,0
182092,0
153467,0
33218,0
10882,0
109612,0
119734,0
7284,0
58055,0
133785,0
107129,0
180928,0
10448,0
77187,0
95423,0
107067,0
56675,0
87213,0
211636,0
40437,0
180137,0
16185,0
122806,0
168880,0
230584,0
182769,0
112556,0
84136,0
33201,0
80256,0
233535,0
147685,0
230056,0
208456,0
108037,0
141585,0
112746,0
161763,0
185948,0
177013,0
1393,0
159590,0
37371,0
229243,0
182388,0
48223,0
114502,0
202180,0
101942,0
27923,0
102446,0
98296,0
24397,0
242186,0
229366,0
181280,0
102551,0
248922,0
121429,0
228264,0
9506,0
84705,0
137157,0
126931,0
59454,0
196702,0
40618,0
43156,0
149843,0
47536,0
115299,0
65851,0
93436,0
184213,0
166689,0
10951,0
227209,0
239727,0
131834,0
100412,0
56266,0
141584,0
243570,0
68738,0
144786,0
241642,0
56445,0
70079,0
54198,0
92602,0
178402,0
62073,0
1472,0
66186,0
156553,0
225401,0
216103,0
103787,0
109515,0
160820,0
129430,0
135779,0
106069,0
198290,0
134999,0
192467,0
97372,0
115722,0
30542,0
124957,0
91160,0
24310,0
91650,0
206092,0
107332,0
158218,0
215744,0
233814,0
113626,0
25121,0
19878,0
181957,0
164430,0
52831,0
221061,0
81875,0
91573,0
27904,0
233228,0
143556,0
4545,0
227487,0
75521,0
89555,0
92733,0
180037,0
5106,0
45488,0
9008,0
56300,0
84670,0
51264,0
154989,0
204340,0
90488,0
159436,0
209418,0
182557,0
43358,0
175779,0
3382,0
33503,0
104865,0
93815,0
76024,0
220756,0
199252,0
35753,0
166157,0
125460,0
9181,0
212761,0
147440,0
112018,0
49125,0
96306,0
33723,0
74059,0
47459,0
62867,0
142649,0
129601,0
162091,0
36393,0
49097,0
43496,0
114607,0
147629,0
91406,0
30778,0
178113,0
109382,0
224337,0
81172,0
161089,0
97443,0
118846,0
136345,0
186474,0
40550,0
39204,0
115701,0
183203,0
28772,0
14973,0
121379,0
182357,0
32809,0
175382,0
165464,0
180285,0
196121,0
161448,0
21138,0
1768,0
134043,0
158789,0
112263,0
215198,0
243891,0
134871,0
50888,0
16194,0
229093,0
201972,0
237336,0
61847,0
109534,0
24391,0
47174,0
241175,0
8606,0
239586,0
45355,0
80377,0
130238,0
5616,0
88364,0
187668,0
192028,0
73771,0
12766,0
182518,0
238629,0
87544,0
232541,0
30890,0
128764,0
144494,0
138849,0
245001,0
233340,0
46509,0
207615,0
172906,0
51577,0
140115,0
157023,0
222493,0
128003,0
111989,0
54394,0
75334,0
126339,0
2873,0
219943,0
135837,0
154942,0
140772,0
6705,0
11898,0
180157,0
195280,0
226584,0
243297,0
90357,0
200421,0
227911,0
113335,0
187701,0
162343,0
22981,0
4115,0
32025,0
97086,0
240639,0
97492,0
149347,0
84764,0
139532,0
193706,0
144077,0
84721,0
123673,0
52671,0
80493,0
11209,0
111123,0
112089,0
209132,0
43330,0
145036,0
8333,0
190289,0
20467,0
66744,0
215726,0
143599,0
232775,0
179908,0
234445,0
16785,0
71482,0
145231,0
213676,0
136261,0
138318,0
153708,0
248010,0
163411,0
94865,0
220300,0
247137,0
62022,0
158259,0
174280,0
77551,0
18967,0
200474,0
248767,0
125389,0
31863,0
187632,0
168114,0
160798,0
83706,0
71280,0
126563,0
116587,0
215378,0
186075,0
85634,0
215717,0
41059,0
11749,0
19203,0
44562,0
234811,0
194032,0
23166,0
59779,0
185291,0
244589,0
159199,0
236799,0
10058,0
120,0
144834,0
90394,0
135854,0
86185,0
242380,0
142684,0
23934,0
243445,0
123025,0
170190,0
163264,0
168108,0
78028,0
139090,0
6513,0
192733,0
217042,0
42785,0
213965,0
70666,0
152641,0
233339,0
223014,0
49882,0
3913,0
248331,0
194463,0
105770,0
50156,0
202215,0
150150,0
198818,0
56138,0
229495,0
21733,0
176956,0
195768,0
99891,0
154750,0
176444,0
24169,0
172843,0
71234,0
165165,0
171649,0
77777,0
36285,0
170958,0
179475,0
163714,0
213556,0
51723,0
176674,0
146414,0
129616,0
242361,0
112072,0
86323,0
140616,0
5506,0
182513,0
31216,0
56226,0
39509,0
12614,0
79272,0
108074,0
21492,0
213665,0
26310,0
195770,0
10828,0
44384,0
201175,0
145712,0
172876,0
14742,0
80883,0
149606,0
91408,0
16664,0
146582,0
221112,0
205272,0
160010,0
141127,0
165538,0
131847,0
209872,0
232087,0
113924,0
216845,0
180239,0
198274,0
225722,0
44266,0
156246,0
131745,0
10308,0
94323,0
2801,0
130603,0
73729,0
222205,0
137370,0
47466,0
22311,0
249851,0
161321,0
103464,0
216308,0
245577,0
202673,0
209311,0
23646,0
69917,0
115297,0
240101,0
132016,0
97182,0
186579,0
197366,0
7992,0
28508,0
116683,0
31761,0
68279,0
56765,0
140685,0
237071,0
96378,0
171678,0
159811,0
36712,0
212228,0
25799,0
87888,0
149934,0
76013,0
53874,0
104042,0
20524,0
65098,0
53018,0
125393,0
107040,0
75030,0
229064,0
183478,0
97726,0
209138,0
53199,0
72001,0
234016,0
227582,0
239166,0
184692,0
208214,0
4964,0
72718,0
62109,0
195739,0
16302,0
19349,0
84088,0
31306,0
11500,0
106656,0
5163,0
71964,0
160758,0
100724,0
236375,0
228546,0
31019,0
81691,0
179016,0
204518,0
192987,0
82952,0
44085,0
144984,0
249241,0
122638,0
18697,0
169240,0
60458,0
7528,0
15284,0
130740,0
177275,0
173375,0
241388,0
247841,0
45685,0
185518,0
66264,0
141038,0
92182,0
165830,0
244877,0
160496,0
150668,0
77962,0
43652,0
49995,0
192371,0
97189,0
156437,0
170044,0
198873,0
12616,0
65990,0
245481,0
142822,0
143059,0
118823,0
64740,0
19031,0
40673,0
220345,0
171241,0
81262,0
215832,0
173288,0
133803,0
196409,0
190310,0
219411,0
10708,0
148286,0
76642,0
111987,0
172564,0
75002,0
93213,0
245149,0
72885,0
7923,0
144448,0
122386,0
151378,0
107585,0
132953,0
161904,0
238727,0
169270,0
158190,0
132012,0
157760,0
84181,0
176214,0
5610,0
184915,0
34241,0
148970,0
36496,0
134467,0
46671,0
141307,0
130905,0
218806,0
214592,0
20347,0
66626,0
137929,0
170578,0
71429,0
72411,0
13903,0
140667,0
176618,0
3896,0
168512,0
169902,0
40421,0
115944,0
215251,0
178791,0
179312,0
29158,0
109221,0
222048,0
248038,0
4316,0
52090,0
522,0
155189,0
164880,0
236116,0
244036,0
121115,0
9575,0
132811,0
199894,0
184048,0
173369,0
140050,0
182892,0
145436,0
6049,0
79960,0
202518,0
186454,0
249511,0
222950,0
229791,0
161622,0
215451,0
36370,0
25318,0
177246,0
86279,0
15382,0
201668,0
199022,0
233244,0
86299,0
158441,0
134859,0
185119,0
104117,0
57936,0
182473,0
76044,0
126005,0
177885,0
22345,0
49883,0
48323,0
97020,0
129755,0
135904,0
181935,0
135446,0
10245,0
21822,0
219384,0
7730,0
223256,0
39836,0
50735,0
135625,0
56382,0
225820,0
58753,0
248055,0
52333,0
142602,0
112857,0
171818,0
176235,0
230163,0
49844,0
96227,0
246911,0
76931,0
139932,0
223629,0
131978,0
227193,0
132300,0
187827,0
76306,0
210011,0
226829,0
26314,0
136471,0
138575,0
70764,0
201963,0
11961,0
122113,0
31022,0
224412,0
110619,0
91907,0
156884,0
5042,0
46912,0
81007,0
28111,0
30259,0
201435,0
7702,0
78919,0
155954,0
124620,0
213743,0
245643,0
74005,0
209231,0
43010,0
228312,0
193000,0
147056,0
38406,0
139825,0
51701,0
216821,0
133222,0
154081,0
148008,0
107425,0
94928,0
155327,0
231149,0
68522,0
69609,0
174957,0
214565,0
62581,0
88583,0
206540,0
142538,0
187516,0
31555,0
68194,0
159218,0
73320,0
227895,0
16885,0
91846,0
170617,0
46941,0
163882,0
31724,0
147571,0
79592,0
180744,0
224570,0
157728,0
218612,0
78835,0
31590,0
153858,0
8005,0
145672,0
236858,0
49463,0
177088,0
235493,0
234149,0
11194,0
73504,0
46533,0
9291,0
242505,0
43648,0
91499,0
10583,0
104458,0
218453,0
634,0
239533,0
38845,0
74268,0
51895,0
236432,0
140827,0
72021,0
223250,0
87538,0
173633,0
218143,0
39976,0
106104,0
41067,0
60250,0
51971,0
155268,0
111815,0
146750,0
115358,0
12,0
26554,0
32156,0
27332,0
249466,0
31016,0
44141,0
211740,0
110536,0
119422,0
86270,0
61925,0
116634,0
29891,0
178455,0
87534,0
180089,0
103974,0
189122,0
8387,0
90300,0
142922,0
84966,0
178452,0
36802,0
24773,0
200542,0
701,0
73555,0
143813,0
123306,0
68706,0
194009,0
104492,0
88712,0
119234,0
109954,0
53528,0
127165,0
123435,0
231523,0
207034,0
149437,0
22191,0
248732,0
145077,0
13592,0
38770,0
105993,0
50122,0
182002,0
210338,0
190392,0
236919,0
58301,0
50651,0
210871,0
101915,0
19482,0
125217,0
159767,0
41084,0
200700,0
82225,0
160551,0
40362,0
205058,0
159572,0
241640,0
91383,0
44270,0
119476,0
130114,0
163654,0
37978,0
103430,0
147061,0
241103,0
111418,0
202891,0
213076,0
31917,0
184810,0
92627,0
7687,0
181932,0
46724,0
223882,0
163225,0
105697,0
170709,0
111180,0
180395,0
192821,0
84254,0
152498,0
90529,0
62664,0
81408,0
238496,0
207400,0
237197,0
211815,0
226371,0
54803,0
191845,0
189531,0
209220,0
224219,0
51025,0
166937,0
167974,0
193231,0
227488,0
167268,0
153105,0
170302,0
181363,0
95242,0
109500,0
126581,0
135544,0
158558,0
167692,0
206114,0
159095,0
139812,0
190653,0
151395,0
119707,0
177714,0
4855,0
114608,0
62935,0
49952,0
65009,0
120799,0
203543,0
73272,0
150102,0
120006,0
93381,0
198127,0
126191,0
90081,0
165679,0
119661,0
121322,0
57656,0
112610,0
54193,0
140388,0
77486,0
93225,0
232265,0
130618,0
68875,0
36115,0
23571,0
183067,0
239688,0
148854,0
105330,0
78810,0
101938,0
243511,0
39999,0
123975,0
199611,0
13542,0
144120,0
128797,0
85309,0
87188,0
7196,0
31891,0
216919,0
70432,0
161091,0
131790,0
101285,0
164491,0
124769,0
41234,0
248282,0
199120,0
115972,0
171316,0
46368,0
229854,0
127613,0
224560,0
104958,0
165660,0
192669,0
197343,0
137842,0
49090,0
81312,0
195021,0
217617,0
225677,0
116149,0
166516,0
143379,0
128,0
112219,0
191955,0
16803,0
113571,0
231259,0
20755,0
175737,0
245559,0
237014,0
204006,0
67700,0
104605,0
24643,0
187004,0
222575,0
240978,0
177676,0
208437,0
67180,0
107064,0
116793,0
79302,0
246684,0
214989,0
195316,0
50692,0
184807,0
214126,0
4246,0
110658,0
144788,0
38524,0
236254,0
24515,0
13037,0
110554,0
86696,0
33189,0
216151,0
247598,0
19593,0
82573,0
30686,0
61694,0
15163,0
85789,0
153641,0
19669,0
28385,0
237554,0
70587,0
24095,0
53130,0
39536,0
52696,0
10612,0
222914,0
87690,0
47781,0
87148,0
216604,0
12106,0
247620,0
45546,0
43080,0
233322,0
82360,0
63459,0
114533,0
64164,0
76226,0
227659,0
211411,0
66619,0
105511,0
105420,0
56099,0
29309,0
206247,0
186262,0
146492,0
243535,0
164201,0
187127,0
145642,0
148495,0
193288,0
249866,0
8149,0
220122,0
210537,0
71348,0
29277,0
109879,0
67423,0
160283,0
186095,0
220591,0
196291,0
232917,0
32437,0
140660,0
178575,0
149641,0
176734,0
77829,0
176117,0
1728,0
41627,0
137408,0
157820,0
232388,0
208488,0
137197,0
100056,0
192742,0
211827,0
183940,0
43160,0
222643,0
240918,0
180353,0
144810,0
41300,0
120268,0
211479,0
129743,0
13816,0
200142,0
271,0
207828,0
15414,0
244944,0
2448,0
124870,0
5402,0
66375,0
60284,0
184660,0
120669,0
193368,0
112190,0
120682,0
203313,0
100359,0
7829,0
72407,0
208576,0
9976,0
230725,0
10542,0
152669,0
126664,0
63116,0
140485,0
25305,0
144555,0
121028,0
121642,0
213420,0
179279,0
220753,0
219950,0
191731,0
85813,0
6792,0
32896,0
242668,0
152470,0
108188,0
162924,0
161708,0
27783,0
180917,0
158360,0
50177,0
158108,0
206890,0
201710,0
66574,0
245040,0
239749,0
227297,0
247727,0
100518,0
38699,0
219388,0
156841,0
131993,0
147269,0
128768,0
105860,0
172643,0
155096,0
158014,0
212726,0
18657,0
199094,0
210552,0
186257,0
115438,0
75446,0
68156,0
160778,0
89026,0
136021,0
86431,0
202202,0
15354,0
158684,0
1837,0
201095,0
76070,0
43584,0
81813,0
35043,0
187456,0
44794,0
71825,0
187451,0
161756,0
64405,0
193972,0
170149,0
207082,0
232524,0
80658,0
13952,0
26673,0
236831,0
192954,0
23650,0
16726,0
19373,0
213300,0
3455,0
218593,0
132174,0
218554,0
224044,0
118883,0
156769,0
179245,0
197458,0
152618,0
206549,0
2570,0
247651,0
62956,0
240408,0
177619,0
124964,0
142830,0
79564,0
49269,0
193649,0
28551,0
46794,0
240000,0
137192,0
182741,0
45064,0
11880,0
211835,0
52162,0
83675,0
66422,0
226739,0
244076,0
225508,0
191570,0
245117,0
37513,0
40267,0
65315,0
217582,0
234882,0
109821,0
54828,0
123854,0
38743,0
207481,0
207272,0
189418,0
21075,0
76679,0
58566,0
83103,0
92296,0
64297,0
125034,0
246186,0
171948,0
112504,0
225720,0
178466,0
133651,0
124201,0
66161,0
54769,0
183350,0
58582,0
87650,0
138631,0
150036,0
245207,0
176281,0
17466,0
164108,0
119102,0
221154,0
26313,0
47053,0
68497,0
230353,0
100073,0
40257,0
71073,0
110873,0
52630,0
33,0
232139,0
2627,0
66166,0
131727,0
130403,0
148763,0
10486,0
248375,0
152087,0
75557,0
91030,0
239751,0
154420,0
240813,0
114747,0
216362,0
206116,0
234979,0
120726,0
177629,0
153579,0
143614,0
237143,0
181504,0
97823,0
144463,0
56453,0
221450,0
83821,0
167064,0
186883,0
217403,0
104473,0
142264,0
60319,0
68301,0
53523,0
11941,0
222713,0
53455,0
109027,0
189431,0
133996,0
149008,0
236503,0
132885,0
52583,0
223020,0
103071,0
104111,0
84214,0
187821,0
224963,0
217535,0
53575,0
235391,0
154320,0
214444,0
36121,0
113166,0
71879,0
179469,0
30774,0
246326,0
215336,0
131229,0
116808,0
182692,0
168370,0
139267,0
114154,0
213979,0
8655,0
23888,0
166155,0
178922,0
101707,0
30870,0
27872,0
247433,0
233717,0
113484,0
65459,0
156940,0
223466,0
226338,0
232953,0
161910,0
29043,0
14983,0
12156,0
62880,0
22725,0
156364,0
161513,0
64424,0
68296,0
197929,0
61641,0
164794,0
97736,0
114279,0
76703,0
5588,0
169582,0
15307,0
171044,0
81888,0
152345,0
64826,0
207903,0
248838,0
46658,0
238217,0
211378,0
239461,0
3689,0
48688,0
153842,0
231005,0
85644,0
215693,0
61777,0
96144,0
155210,0
191871,0
184172,0
44920,0
162359,0
137523,0
31690,0
212038,0
53195,0
134588,0
186227,0
239559,0
203810,0
212903,0
14967,0
99898,0
161027,0
11259,0
193396,0
60893,0
42456,0
36885,0
90271,0
72336,0
225934,0
194751,0
123219,0
147077,0
94763,0
190105,0
58953,0
64259,0
76528,0
227085,0
17054,0
242011,0
132751,0
192450,0
244808,0
96749,0
99896,0
52144,0
67974,0
83458,0
220878,0
185280,0
136305,0
142997,0
141604,0
226241,0
231078,0
192677,0
93408,0
83522,0
25431,0
168334,0
14607,0
142655,0
174779,0
69888,0
58992,0
184089,0
72803,0
60003,0
53342,0
178400,0
60264,0
115711,0
234993,0
20430,0
89576,0
99631,0
183915,0
173637,0
51492,0
140077,0
27851,0
169464,0
166636,0
93736,0
229338,0
246790,0
80762,0
11147,0
216822,0
128463,0
134274,0
170787,0
228259,0
151327,0
142406,0
212343,0
220320,0
112327,0
161828,0
214281,0
54770,0
202923,0
167755,0
36669,0
180195,0
151905,0
223751,0
177781,0
164671,0
89315,0
33283,0
50854,0
230968,0
136326,0
106714,0
120762,0
32028,0
42455,0
243882,0
122314,0
10706,0
244708,0
187566,0
72507,0
162468,0
192835,0
141844,0
172096,0
159313,0
228911,0
70971,0
85257,0
125088,0
70226,0
33194,0
196043,0
26588,0
35857,0
173124,0
192720,0
11505,0
160329,0
44881,0
63166,0
172258,0
87325,0
130664,0
201019,0
244174,0
119189,0
106705,0
175652,0
144950,0
239070,0
249933,0
189218,0
42366,0
108506,0
179682,0
98155,0
117276,0
123201,0
217377,0
51480,0
143764,0
106267,0
210158,0
46480,0
1487,0
51563,0
64322,0
203096,0
240139,0
164845,0
191879,0
72141,0
22123,0
201694,0
27287,0
44210,0
119508,0
62753,0
65838,0
211770,0
135799,0
105284,0
75982,0
11541,0
27484,0
246985,0
115728,0
68697,0
102564,0
48899,0
90505,0
119231,0
240300,0
100721,0
104035,0
217324,0
125235,0
248225,0
56217,0
145242,0
172389,0
88750,0
233151,0
130107,0
246869,0
195389,0
197785,0
243209,0
136639,0
167671,0
66044,0
27697,0
151358,0
155425,0
118687,0
22599,0
159354,0
175169,0
7221,0
140930,0
73943,0
13396,0
34883,0
240529,0
224087,0
195508,0
229472,0
228575,0
210471,0
184342,0
121629,0
105301,0
203469,0
72348,0
236969,0
241230,0
92097,0
240025,0
176717,0
29839,0
95325,0
204398,0
226040,0
197645,0
140263,0
107,0
49955,0
135027,0
710,0
47421,0
238515,0
850,0
162507,0
16278,0
203730,0
171193,0
198037,0
61464,0
38673,0
228805,0
186047,0
118231,0
40988,0
133463,0
80930,0
248863,0
178183,0
87660,0
245185,0
89099,0
218686,0
222865,0
52894,0
118821,0
232008,0
42397,0
79110,0
165012,0
232896,0
108156,0
149023,0
27864,0
55703,0
109793,0
206459,0
63781,0
92475,0
61704,0
99120,0
239618,0
190596,0
81327,0
76211,0
195655,0
9820,0
2388,0
36488,0
198211,0
234215,0
88349,0
184055,0
63274,0
197630,0
12592,0
155662,0
179038,0
87018,0
187349,0
153404,0
153536,0
113287,0
80830,0
111869,0
240458,0
25766,0
138798,0
228839,0
191762,0
210460,0
108422,0
185677,0
188995,0
241838,0
172318,0
100519,0
219695,0
68370,0
99387,0
151696,0
113310,0
111156,0
233209,0
115975,0
41854,0
146975,0
109840,0
27801,0
83885,0
107760,0
242259,0
142088,0
36359,0
76100,0
223820,0
56802,0
131269,0
133055,0
143199,0
170594,0
169606,0
242608,0
132788,0
187332,0
212849,0
62362,0
1086,0
18301,0
30944,0
1901,0
129464,0
210858,0
31248,0
132175,0
38480,0
68984,0
81734,0
218634,0
214486,0
138743,0
141436,0
171961,0
231719,0
202640,0
190536,0
71068,0
122461,0
35582,0
81745,0
234232,0
93670,0
53608,0
197948,0
204787,0
129043,0
126843,0
231764,0
223551,0
134783,0
119561,0
155430,0
206007,0
169391,0
79111,0
56674,0
12794,0
11746,0
220042,0
61638,0
102101,0
10186,0
173407,0
163049,0
64365,0
219340,0
116165,0
138596,0
169165,0
45011,0
63950,0
78088,0
214526,0
195355,0
5309,0
99676,0
100882,0
115179,0
240617,0
231030,0
17209,0
35635,0
71797,0
70372,0
242263,0
207592,0
140962,0
59474,0
73657,0
304,0
79188,0
193007,0
237462,0
238110,0
146260,0
192652,0
53344,0
56160,0
63161,0
5558,0
84969,0
58665,0
91985,0
9787,0
141047,0
233578,0
14051,0
45323,0
249755,0
219317,0
107427,0
249911,0
160249,0
35870,0
120349,0
100129,0
231361,0
240292,0
99337,0
93882,0
118498,0
208669,0
93637,0
113639,0
213785,0
240385,0
109269,0
123029,0
67427,0
184732,0
134586,0
180387,0
228820,0
483,0
78158,0
188712,0
3887,0
179765,0
89870,0
105563,0
237414,0
83968,0
157830,0
29423,0
159735,0
23627,0
222671,0
201483,0
53838,0
45811,0
164660,0
17076,0
215143,0
132386,0
24894,0
194163,0
33098,0
74456,0
81607,0
14383,0
103857,0
141702,0
57510,0
52735,0
46886,0
190213,0
176523,0
89285,0
169503,0
163250,0
92231,0
101143,0
127079,0
142601,0
36667,0
237468,0
92547,0
61221,0
94473,0
54900,0
135287,0
136756,0
56368,0
125833,0
228298,0
101023,0
247615,0
156939,0
41324,0
77392,0
212347,0
202120,0
239308,0
25962,0
202295,0
31047,0
126481,0
161590,0
230937,0
203648,0
57305,0
15613,0
129165,0
92678,0
239490,0
249781,0
237131,0
178837,0
221201,0
234629,0
178095,0
173145,0
203504,0
29531,0
17953,0
106038,0
39938,0
68031,0
148308,0
212527,0
32072,0
212046,0
19447,0
169273,0
27715,0
113006,0
12820,0
167547,0
200383,0
232070,0
65335,0
43044,0
194822,0
196281,0
246819,0
233139,0
26463,0
85937,0
128571,0
241672,0
157754,0
213966,0
103752,0
63025,0
116233,0
56857,0
39245,0
184968,0
93327,0
79085,0
7570,0
22276,0
240369,0
249651,0
47379,0
22410,0
41408,0
181049,0
212054,0
127358,0
54468,0
160021,0
226049,0
181168,0
119576,0
16628,0
141106,0
116376,0
221898,0
40968,0
235891,0
89925,0
54271,0
248701,0
240936,0
62312,0
106890,0
13030,0
39878,0
76590,0
173646,0
121279,0
165768,0
45391,0
153182,0
76919,0
73124,0
197502,0
80695,0
63451,0
76330,0
190294,0
220763,0
185825,0
64858,0
231225,0
123401,0
23218,0
43004,0
85277,0
62128,0
227495,0
152926,0
19218,0
88831,0
226478,0
99974,0
5142,0
211166,0
94998,0
238462,0
123496,0
220209,0
132863,0
371,0
103594,0
70728,0
74998,0
171045,0
190379,0
203413,0
118380,0
16800,0
7584,0
70918,0
98391,0
92725,0
39400,0
31635,0
107262,0
234211,0
48313,0
101356,0
107519,0
227609,0
11873,0
51850,0
31468,0
4770,0
56524,0
42060,0
10256,0
100310,0
803,0
140867,0
123492,0
17257,0
132671,0
39625,0
88985,0
91638,0
243016,0
45616,0
161572,0
33004,0
227731,0
135397,0
132241,0
190013,0
199812,0
191493,0
154024,0
65535,0
44950,0
150206,0
6172,0
173749,0
28870,0
225824,0
174833,0
110301,0
151813,0
164571,0
105691,0
124487,0
231716,0
14067,0
97790,0
46953,0
5955,0
213538,0
75189,0
156670,0
209814,0
27031,0
34554,0
104654,0
161254,0
188132,0
115027,0
43741,0
186940,0
161359,0
2654,0
241373,0
83601,0
221500,0
23803,0
64612,0
70337,0
226420,0
104094,0
248427,0
143785,0
199053,0
177891,0
53099,0
240008,0
148333,0
117698,0
38929,0
176385,0
164860,0
106519,0
13235,0
140333,0
240856,0
35047,0
52530,0
226053,0
1249,0
24173,0
47355,0
52244,0
245477,0
7815,0
12562,0
242439,0
231926,0
38579,0
27718,0
41465,0
244940,0
192248,0
136877,0
200625,0
236408,0
200583,0
109424,0
203949,0
85439,0
198655,0
196418,0
62775,0
151844,0
248325,0
143739,0
204457,0
116898,0
248700,0
237119,0
151627,0
116733,0
229183,0
94331,0
150831,0
119236,0
80587,0
193600,0
208056,0
40506,0
191144,0
79575,0
121823,0
70746,0
111883,0
7107,0
163164,0
96139,0
36541,0
134392,0
54647,0
15424,0
27390,0
105533,0
118709,0
84232,0
150753,0
198133,0
241291,0
177263,0
17860,0
41696,0
154681,0
137720,0
157203,0
75678,0
233760,0
134436,0
61903,0
244159,0
204355,0
158716,0
213059,0
61224,0
31903,0
188141,0
3761,0
46254,0
16404,0
141873,0
223752,0
54871,0
7910,0
179433,0
208660,0
196890,0
231184,0
230158,0
157546,0
68420,0
151333,0
147080,0
230775,0
106254,0
247023,0
77477,0
14652,0
65590,0
101362,0
166255,0
183106,0
152189,0
241491,0
55782,0
38322,0
182583,0
123023,0
230440,0
125497,0
243772,0
55891,0
169217,0
125144,0
203735,0
220031,0
62234,0
162868,0
152042,0
67547,0
161276,0
155751,0
60778,0
11513,0
105775,0
194833,0
48752,0
159048,0
113757,0
167866,0
67380,0
136456,0
232621,0
37801,0
27130,0
222996,0
3493,0
238062,0
65989,0
91844,0
168715,0
208501,0
164465,0
185450,0
112910,0
16383,0
130849,0
53891,0
249124,0
222015,0
98946,0
129296,0
99536,0
187697,0
20759,0
6289,0
8227,0
27829,0
233112,0
191421,0
81028,0
11762,0
12916,0
167416,0
183939,0
155085,0
210125,0
132303,0
175545,0
49925,0
121665,0
41109,0
93453,0
188937,0
79251,0
151374,0
247128,0
57765,0
9025,0
36697,0
141742,0
221429,0
247794,0
33097,0
134283,0
70837,0
22170,0
42587,0
226263,0
59616,0
66377,0
33013,0
148782,0
4526,0
40272,0
182882,0
197224,0
19024,0
46621,0
244219,0
10972,0
135200,0
49162,0
57711,0
67331,0
173262,0
97434,0
173529,0
91966,0
239127,0
129075,0
140957,0
203918,0
225903,0
175306,0
45410,0
229174,0
6155,0
97213,0
219941,0
129134,0
142291,0
42396,0
82042,0
227041,0
166379,0
52629,0
97548,0
166053,0
210696,0
239878,0
8051,0
161125,0
186727,0
74119,0
134459,0
187663,0
228667,0
176455,0
186448,0
48269,0
93175,0
16593,0
39969,0
123046,0
194079,0
133577,0
204181,0
62080,0
239513,0
70604,0
115956,0
39746,0
179250,0
8286,0
25983,0
175105,0
106982,0
18136,0
99670,0
169884,0
86691,0
117663,0
204763,0
220983,0
34073,0
22739,0
238091,0
248580,0
39561,0
201003,0
170098,0
64228,0
143777,0
17579,0
106125,0
158958,0
225577,0
18517,0
57654,0
28218,0
50024,0
53497,0
62217,0
50787,0
203472,0
54600,0
70,0
132658,0
9264,0
189166,0
97545,0
238641,0
49012,0
130487,0
235642,0
34319,0
237532,0
90631,0
85255,0
122201,0
78651,0
207386,0
48959,0
84886,0
206883,0
132640,0
198471,0
14829,0
50323,0
171265,0
235987,0
158064,0
29559,0
125091,0
70731,0
26522,0
152369,0
211536,0
99541,0
216826,0
52927,0
137019,0
138551,0
118053,0
248133,0
185880,0
244098,0
100072,0
199505,0
105377,0
143320,0
68931,0
174450,0
229127,0
98960,0
47273,0
18081,0
102483,0
10048,0
200592,0
14930,0
104678,0
19291,0
11474,0
71517,0
220103,0
10557,0
45361,0
104166,0
21388,0
56043,0
197017,0
79454,0
85486,0
184042,0
230337,0
188066,0
228358,0
127711,0
9239,0
143929,0
230154,0
135896,0
124417,0
30495,0
27680,0
124611,0
52250,0
210030,0
8566,0
14491,0
193212,0
44255,0
221763,0
52457,0
45316,0
155411,0
75000,0
191578,0
139257,0
87732,0
239544,0
6379,0
67962,0
118082,0
73209,0
127270,0
44843,0
204951,0
131258,0
152069,0
10131,0
51695,0
207136,0
84210,0
72039,0
55855,0
22395,0
150347,0
69811,0
174940,0
3123,0
145956,0
238891,0
25606,0
20737,0
210295,0
213836,0
65565,0
209583,0
18579,0
91185,0
222960,0
19356,0
201937,0
231249,0
60643,0
42170,0
222037,0
160610,0
154691,0
169480,0
155735,0
97082,0
238447,0
223297,0
236590,0
240156,0
67086,0
83759,0
174515,0
156156,0
21097,0
137346,0
217266,0
227381,0
218235,0
189690,0
151134,0
112806,0
134708,0
26896,0
235071,0
154967,0
238310,0
151639,0
62779,0
132554,0
100826,0
224107,0
20081,0
180751,0
185360,0
110293,0
129477,0
225026,0
29002,0
66654,0
131170,0
219013,0
24671,0
113999,0
202319,0
9816,0
193352,0
51610,0
208779,0
28857,0
157613,0
226126,0
244213,0
165096,0
220743,0
216964,0
46877,0
225170,0
75119,0
185293,0
131413,0
39002,0
101054,0
233905,0
42341,0
174374,0
208102,0
179624,0
239274,0
59934,0
249967,0
220605,0
49636,0
182180,0
29462,0
84917,0
53301,0
129321,0
35272,0
211449,0
193769,0
208646,0
35955,0
110666,0
65703,0
194033,0
45674,0
130998,0
19768,0
163828,0
238436,0
57592,0
189750,0
224247,0
99430,0
69146,0
101951,0
23102,0
76504,0
242304,0
118661,0
184814,0
134424,0
69130,0
15832,0
23552,0
54262,0
125490,0
16590,0
171987,0
175159,0
22387,0
202147,0
48361,0
18871,0
173983,0
132254,0
176689,0
171186,0
78500,0
143329,0
151270,0
88917,0
6281,0
211972,0
202011,0
1934,0
67231,0
118617,0
183650,0
202534,0
138487,0
72946,0
97205,0
202869,0
66731,0
82817,0
247452,0
158051,0
40678,0
70287,0
141882,0
93117,0
105565,0
247055,0
30913,0
79604,0
96889,0
107537,0
35675,0
194813,0
164170,0
21408,0
34548,0
54788,0
180409,0
147694,0
179721,0
32904,0
115537,0
17088,0
39786,0
64515,0
39803,0
86680,0
108311,0
242865,0
240050,0
112703,0
204281,0
160246,0
31641,0
173752,0
162123,0
21819,0
70113,0
121153,0
93323,0
95962,0
201300,0
48851,0
40489,0
125337,0
184127,0
92280,0
225293,0
146760,0
226440,0
76166,0
69269,0
129810,0
38183,0
180299,0
137333,0
35456,0
61605,0
90043,0
44527,0
113250,0
104293,0
99873,0
146986,0
157874,0
81304,0
24428,0
27886,0
122576,0
152119,0
68505,0
199301,0
130516,0
17840,0
211339,0
139936,0
233923,0
65595,0
81514,0
21615,0
154378,0
16938,0
74546,0
1778,0
16218,0
89159,0
44975,0
229382,0
229392,0
200132,0
181869,0
17518,0
72363,0
166116,0
20172,0
181473,0
60898,0
206357,0
114813,0
24555,0
210827,0
33297,0
194964,0
101539,0
112982,0
93658,0
98496,0
28225,0
168257,0
245677,0
143100,0
107545,0
161627,0
27548,0
31499,0
238346,0
35072,0
88045,0
93473,0
197012,0
51397,0
41737,0
218104,0
163481,0
67137,0
118964,0
32702,0
157869,0
83085,0
169433,0
107279,0
39161,0
238551,0
183121,0
235039,0
222586,0
219381,0
35112,0
223188,0
54957,0
182836,0
134745,0
74790,0
133948,0
182086,0
247759,0
208514,0
37759,0
147584,0
235675,0
53934,0
33999,0
163725,0
77555,0
26378,0
225822,0
105999,0
84941,0
29122,0
136881,0
24092,0
148837,0
88891,0
221680,0
249186,0
79990,0
131852,0
139301,0
138380,0
55848,0
145091,0
60871,0
73009,0
115111,0
224155,0
11668,0
98291,0
88536,0
87435,0
98577,0
45570,0
30356,0
142445,0
112560,0
30510,0
240661,0
84206,0
243021,0
144840,0
136585,0
247002,0
180233,0
80596,0
217437,0
20201,0
101384,0
194409,0
166387,0
12765,0
164270,0
47804,0
71484,0
104901,0
207773,0
194374,0
142344,0
204096,0
70761,0
229534,0
149604,0
82930,0
233757,0
215439,0
52875,0
220288,0
13497,0
53185,0
34494,0
164050,0
45153,0
50674,0
214770,0
216264,0
52867,0
74058,0
104481,0
247220,0
21349,0
153709,0
67634,0
151543,0
232163,0
191090,0
142357,0
202596,0
114061,0
219082,0
10847,0
127680,0
119064,0
56883,0
209324,0
37326,0
167404,0
17247,0
125817,0
159714,0
96400,0
208335,0
171218,0
124817,0
75080,0
11479,0
137200,0
173042,0
61015,0
167945,0
83974,0
6851,0
205818,0
188345,0
151314,0
128288,0
12283,0
57068,0
49378,0
246953,0
81012,0
50315,0
36198,0
93799,0
157315,0
103647,0
103044,0
208283,0
188621,0
81615,0
77251,0
189914,0
181661,0
62202,0
51276,0
106794,0
59644,0
184826,0
144756,0
26320,0
42071,0
207924,0
66075,0
137470,0
66175,0
45735,0
154294,0
67288,0
181351,0
44676,0
150379,0
129871,0
209126,0
46130,0
235822,0
167482,0
180520,0
200035,0
159228,0
32288,0
69450,0
25380,0
164633,0
67477,0
207283,0
37534,0
178298,0
175799,0
170921,0
236577,0
5706,0
111170,0
8077,0
110769,0
64916,0
228606,0
28347,0
164715,0
161546,0
247710,0
82431,0
194510,0
229953,0
121111,0
2740,0
36383,0
89789,0
6905,0
245610,0
10139,0
809,0
107861,0
55606,0
222923,0
37061,0
168884,0
136280,0
93774,0
177786,0
220393,0
183132,0
155741,0
222459,0
56432,0
156365,0
11310,0
1827,0
188283,0
65006,0
184356,0
174285,0
103596,0
168951,0
109282,0
59996,0
28762,0
76527,0
157860,0
153123,0
157151,0
18185,0
168617,0
238006,0
219439,0
32674,0
194823,0
153224,0
147321,0
90469,0
139094,0
200361,0
198092,0
191261,0
189408,0
142400,0
181577,0
7325,0
213323,0
247429,0
125248,0
25986,0
150281,0
192435,0
90074,0
161707,0
53488,0
241135,0
53973,0
214316,0
188107,0
133307,0
190192,0
249139,0
36043,0
21809,0
18365,0
94686,0
96668,0
62168,0
182126,0
33216,0
165097,0
165042,0
102151,0
238313,0
150631,0
204853,0
112281,0
145534,0
78584,0
123063,0
16854,0
151,0
194338,0
157070,0
21279,0
152508,0
112952,0
13324,0
128805,0
86667,0
208525,0
190152,0
50204,0
174097,0
41148,0
50127,0
78289,0
177858,0
29074,0
138787,0
41288,0
206163,0
130038,0
247688,0
202844,0
20613,0
136069,0
129922,0
126558,0
226231,0
117534,0
244469,0
174027,0
17314,0
131581,0
19850,0
165245,0
225765,0
138224,0
172746,0
200171,0
150491,0
222141,0
123241,0
240079,0
130669,0
49042,0
170448,0
28178,0
126330,0
241305,0
226178,0
164526,0
176760,0
60749,0
236372,0
104475,0
183743,0
112864,0
106824,0
232468,0
15131,0
45849,0
101141,0
180674,0
6946,0
97971,0
248991,0
93072,0
58908,0
104408,0
158786,0
117513,0
171868,0
159781,0
156762,0
193575,0
92164,0
155465,0
151457,0
209925,0
135873,0
172458,0
147561,0
113908,0
133163,0
45445,0
130974,0
97327,0
197545,0
44017,0
233220,0
46208,0
4081,0
43595,0
191081,0
149013,0
122966,0
147419,0
107278,0
170320,0
134980,0
68343,0
182138,0
102242,0
98127,0
46868,0
186614,0
154371,0
216972,0
205020,0
195362,0
246460,0
205812,0
205227,0
205405,0
106063,0
25868,0
108824,0
87380,0
74163,0
154238,0
245486,0
247456,0
179887,0
249542,0
149627,0
237644,0
59950,0
213188,0
202200,0
58462,0
133128,0
127575,0
124093,0
52188,0
28486,0
190959,0
221770,0
216872,0
85018,0
79974,0
149617,0
234204,0
29561,0
116438,0
34856,0
129555,0
12509,0
72738,0
243547,0
24747,0
162898,0
33145,0
188249,0
103969,0
165512,0
232311,0
38449,0
61732,0
191941,0
189620,0
118300,0
74756,0
189362,0
16584,0
32500,0
65748,0
193836,0
169089,0
151494,0
170153,0
221470,0
97237,0
48535,0
129317,0
13426,0
146428,0
192755,0
91024,0
188486,0
147210,0
54357,0
116940,0
89141,0
11421,0
125192,0
182373,0
240796,0
218817,0
13630,0
11417,0
40120,0
13564,0
230859,0
96771,0
207959,0
244983,0
56613,0
166979,0
46831,0
245584,0
98238,0
99695,0
198930,0
140908,0
114787,0
39843,0
195695,0
120144,0
5798,0
76857,0
103799,0
25988,0
176396,0
101910,0
249198,0
93617,0
175414,0
237998,0
68048,0
196077,0
134110,0
186490,0
211709,0
23297,0
197036,0
42603,0
200485,0
227929,0
148638,0
208479,0
160734,0
170667,0
122999,0
20124,0
72636,0
74025,0
182517,0
82286,0
95308,0
83619,0
140072,0
150989,0
17471,0
133622,0
201206,0
73507,0
233446,0
179445,0
122810,0
134965,0
240825,0
75509,0
125352,0
149950,0
82171,0
213296,0
67515,0
67553,0
25478,0
137853,0
20973,0
16853,0
82218,0
163454,0
92988,0
118138,0
226465,0
214573,0
239336,0
188650,0
22636,0
147774,0
135316,0
151261,0
194947,0
196057,0
103485,0
12327,0
26663,0
248806,0
100287,0
197085,0
45365,0
17196,0
214238,0
168567,0
15512,0
148291,0
229254,0
46024,0
126724,0
13483,0
243282,0
186228,0
161497,0
24736,0
80319,0
28403,0
38050,0
87856,0
69054,0
248206,0
236259,0
49804,0
85072,0
43693,0
75273,0
61095,0
136415,0
230952,0
233978,0
200324,0
72420,0
221109,0
182080,0
216724,0
37091,0
2791,0
148648,0
187006,0
201905,0
96455,0
111031,0
166546,0
80929,0
38404,0
113144,0
110408,0
228971,0
127468,0
217721,0
51040,0
249254,0
231066,0
212963,0
98436,0
107500,0
105630,0
106736,0
233995,0
216910,0
55686,0
20766,0
222816,0
242560,0
109609,0
9497,0
161199,0
182854,0
93720,0
55637,0
198429,0
97920,0
89270,0
153624,0
143348,0
202943,0
195347,0
181499,0
106724,0
247957,0
168093,0
135763,0
4403,0
32351,0
152156,0
103368,0
30726,0
9439,0
18190,0
232291,0
78169,0
155332,0
188495,0
10227,0
60794,0
219102,0
190273,0
15110,0
199334,0
93480,0
178007,0
221191,0
2616,0
218888,0
163066,0
223899,0
55430,0
171499,0
233857,0
148817,0
52324,0
119759,0
61177,0
10171,0
79270,0
5216,0
140823,0
213512,0
111899,0
186612,0
108168,0
207541,0
239401,0
233434,0
86363,0
82669,0
131212,0
96943,0
207450,0
111460,0
95882,0
173097,0
81236,0
63157,0
47278,0
194592,0
84988,0
131365,0
222181,0
210992,0
197536,0
111527,0
164667,0
13359,0
165208,0
221265,0
52561,0
44051,0
67401,0
77931,0
101031,0
240515,0
47123,0
133386,0
64011,0
113946,0
244929,0
194204,0
189481,0
116646,0
124521,0
90676,0
179584,0
218165,0
11854,0
131391,0
148062,0
198404,0
236615,0
129780,0
101346,0
66517,0
74157,0
53917,0
121588,0
28105,0
13666,0
133334,0
56041,0
136661,0
84033,0
57340,0
66618,0
108876,0
92425,0
59771,0
158572,0
232120,0
246730,0
178146,0
131343,0
198246,0
25824,0
58035,0
101543,0
134558,0
24542,0
66927,0
164338,0
40608,0
34154,0
81157,0
170180,0
33294,0
109297,0
140887,0
231573,0
207404,0
127914,0
209765,0
213738,0
44954,0
192164,0
173310,0
127863,0
67101,0
63375,0
52469,0
80475,0
125621,0
3676,0
237974,0
236780,0
189910,0
8613,0
66367,0
185627,0
198439,0
134250,0
159291,0
154381,0
54718,0
7820,0
153316,0
6347,0
97467,0
190895,0
169255,0
120680,0
209307,0
232726,0
191150,0
51967,0
27576,0
235332,0
221469,0
62826,0
70358,0
85740,0
4070,0
195704,0
166269,0
18246,0
104641,0
21006,0
229078,0
196815,0
103628,0
160461,0
177702,0
100997,0
123997,0
43326,0
16618,0
210346,0
45611,0
225080,0
201158,0
128281,0
91211,0
219586,0
68140,0
220993,0
5526,0
117062,0
72619,0
225288,0
79857,0
237817,0
190786,0
64643,0
5857,0
47581,0
199960,0
46156,0
116919,0
58797,0
34901,0
245608,0
39501,0
172782,0
43112,0
188135,0
144219,0
249385,0
62825,0
139586,0
129182,0
423,0
93942,0
177944,0
100454,0
40444,0
78389,0
18813,0
65080,0
84592,0
188289,0
248484,0
10994,0
165987,0
228693,0
188534,0
70952,0
46217,0
138698,0
44839,0
89584,0
8215,0
164991,0
225767,0
134310,0
22929,0
9700,0
195591,0
36226,0
220998,0
90079,0
84759,0
172288,0
220161,0
12792,0
212774,0
95410,0
152407,0
86930,0
192149,0
185470,0
220163,0
70792,0
45180,0
174146,0
241526,0
148309,0
136409,0
199457,0
44668,0
113600,0
245805,0
66680,0
206660,0
114199,0
149136,0
248467,0
12989,0
189377,0
131008,0
49488,0
231845,0
141286,0
149372,0
182995,0
109493,0
157322,0
99993,0
133145,0
124634,0
236502,0
72642,0
37410,0
167635,0
137267,0
174580,0
104019,0
17392,0
249414,0
208170,0
110204,0
113027,0
188519,0
39281,0
162633,0
4417,0
39297,0
24145,0
185444,0
146466,0
118791,0
136652,0
188539,0
6451,0
1688,0
181699,0
64052,0
225921,0
93198,0
54974,0
208860,0
191235,0
155748,0
202525,0
142673,0
239900,0
138950,0
35020,0
39717,0
67018,0
96887,0
190283,0
217845,0
145499,0
78628,0
42403,0
48643,0
210868,0
180124,0
55065,0
223495,0
218360,0
33862,0
150500,0
184180,0
84098,0
214110,0
201488,0
126322,0
161230,0
235571,0
184540,0
154857,0
164283,0
81143,0
193992,0
130354,0
217801,0
177932,0
44426,0
92331,0
193152,0
198492,0
9477,0
66970,0
245223,0
89742,0
197959,0
34065,0
67118,0
17756,0
61906,0
6684,0
220152,0
204061,0
226757,0
8345,0
8284,0
143383,0
22059,0
43767,0
127988,0
189247,0
20233,0
231697,0
121408,0
5002,0
244654,0
230046,0
28114,0
104073,0
18389,0
144198,0
236769,0
70769,0
22527,0
101030,0
2172,0
238677,0
176183,0
107672,0
175065,0
54744,0
248668,0
182528,0
200782,0
98950,0
217632,0
124414,0
231309,0
228072,0
80005,0
123466,0
119519,0
184753,0
221863,0
47186,0
162548,0
147901,0
221494,0
77409,0
26638,0
172939,0
172973,0
52512,0
183125,0
180972,0
21129,0
21540,0
98849,0
215700,0
48757,0
148528,0
26492,0
6935,0
152406,0
108136,0
98151,0
229290,0
138244,0
152299,0
7095,0
76887,0
107490,0
12070,0
58375,0
58117,0
62434,0
197425,0
78821,0
39326,0
151547,0
65571,0
128147,0
226314,0
96471,0
17310,0
112215,0
45829,0
42087,0
57261,0
214106,0
123889,0
165332,0
78564,0
234446,0
149750,0
100380,0
135609,0
162991,0
2540,0
193613,0
224150,0
118615,0
88569,0
120869,0
146408,0
159786,0
83239,0
45062,0
192838,0
79829,0
133392,0
116266,0
234884,0
90424,0
185405,0
179840,0
185524,0
119251,0
201583,0
169011,0
42143,0
67400,0
213812,0
32990,0
7591,0
54542,0
162413,0
21976,0
86685,0
10384,0
135608,0
135910,0
89699,0
161743,0
190570,0
141337,0
126522,0
224140,0
72776,0
98785,0
209349,0
135154,0
15054,0
135337,0
68162,0
120254,0
128903,0
24803,0
72675,0
1020,0
184424,0
71967,0
131544,0
79955,0
87668,0
76032,0
116086,0
137220,0
135346,0
8709,0
50225,0
8186,0
106540,0
69174,0
143752,0
134387,0
236583,0
25480,0
54723,0
100564,0
150824,0
29082,0
63951,0
122109,0
114713,0
239915,0
73975,0
112247,0
114860,0
158971,0
56752,0
11846,0
106370,0
221357,0
46717,0
173485,0
76661,0
14243,0
186345,0
213831,0
144389,0
6409,0
200507,0
53369,0
249229,0
103179,0
132962,0
32111,0
193695,0
79418,0
18513,0
195052,0
140479,0
26724,0
6750,0
129431,0
774,0
210752,0
151276,0
110399,0
239271,0
119956,0
19918,0
15996,0
59028,0
195805,0
152843,0
8598,0
140112,0
102835,0
192410,0
112449,0
231856,0
148581,0
117683,0
82552,0
93855,0
238775,0
118765,0
44335,0
101637,0
9473,0
49873,0
148379,0
29815,0
194973,0
150847,0
191658,0
100948,0
132947,0
192389,0
220856,0
187492,0
26330,0
132451,0
97664,0
54605,0
104455,0
23513,0
18364,0
158640,0
44470,0
193142,0
118508,0
197071,0
214588,0
209457,0
220018,0
217768,0
147995,0
157173,0
41151,0
46527,0
105327,0
106671,0
42730,0
90870,0
15359,0
106050,0
68802,0
224987,0
67349,0
156344,0
140384,0
165496,0
170193,0
147844,0
201017,0
89007,0
7718,0
36770,0
182216,0
236200,0
13701,0
82568,0
95382,0
104728,0
141600,0
137761,0
144772,0
236918,0
229053,0
223500,0
47100,0
200149,0
217118,0
122982,0
220067,0
195945,0
166161,0
1122,0
122246,0
10750,0
68957,0
103826,0
161016,0
86719,0
225630,0
205880,0
57491,0
152334,0
32417,0
101315,0
232550,0
31015,0
207073,0
238900,0
229613,0
12329,0
174355,0
113877,0
166800,0
125320,0
69028,0
103904,0
187259,0
73881,0
63082,0
244019,0
226566,0
238026,0
27247,0
247742,0
154414,0
125943,0
70848,0
138201,0
82067,0
36150,0
141539,0
81833,0
212434,0
73819,0
203984,0
213728,0
82555,0
221486,0
180042,0
70294,0
43611,0
14571,0
184620,0
164840,0
95793,0
52628,0
215320,0
15602,0
225137,0
1771,0
239602,0
141909,0
169355,0
170135,0
17278,0
245148,0
105701,0
98482,0
243415,0
175834,0
13073,0
11758,0
84362,0
23544,0
38136,0
144979,0
226678,0
119073,0
209365,0
202280,0
66693,0
204758,0
246077,0
107856,0
72523,0
231132,0
111040,0
163298,0
239374,0
85218,0
61981,0
111669,0
153029,0
199437,0
82472,0
95705,0
68610,0
83851,0
91932,0
5651,0
44723,0
158120,0
35591,0
117482,0
155882,0
154530,0
9526,0
54606,0
145593,0
117090,0
79779,0
141567,0
62350,0
126974,0
39197,0
214499,0
45305,0
52507,0
10390,0
126638,0
74467,0
171290,0
168497,0
125510,0
42240,0
141300,0
138191,0
243530,0
173298,0
78036,0
159318,0
22018,0
124087,0
103407,0
215854,0
239174,0
189612,0
211165,0
129167,0
244324,0
3862,0
94484,0
155351,0
123036,0
58231,0
191477,0
36960,0
104252,0
245300,0
167245,0
19428,0
215711,0
18530,0
230713,0
162705,0
196423,0
245333,0
159026,0
126264,0
90904,0
113900,0
240754,0
216078,0
235870,0
947,0
235184,0
42883,0
126282,0
133178,0
43317,0
142293,0
43428,0
171238,0
126589,0
52251,0
154494,0
8270,0
31166,0
12723,0
227740,0
246497,0
190802,0
137384,0
68333,0
107238,0
192965,0
129284,0
37174,0
88745,0
99063,0
222499,0
184137,0
103566,0
112401,0
217705,0
219202,0
126810,0
247108,0
95949,0
211514,0
115507,0
171115,0
108394,0
115474,0
244906,0
242699,0
16989,0
104377,0
130782,0
144285,0
8991,0
218146,0
89004,0
90955,0
27539,0
45289,0
86763,0
13691,0
101231,0
80793,0
3583,0
71815,0
89079,0
233700,0
216371,0
183182,0
179107,0
167595,0
123987,0
85334,0
223380,0
201709,0
88679,0
169512,0
199555,0
229540,0
126529,0
160056,0
246250,0
243213,0
244431,0
221249,0
57975,0
186399,0
97080,0
62158,0
98519,0
89305,0
181892,0
244048,0
15949,0
212799,0
134788,0
2302,0
174819,0
148681,0
74901,0
55238,0
215861,0
144692,0
190378,0
84120,0
222171,0
179309,0
173970,0
39902,0
90143,0
27170,0
51451,0
37538,0
152986,0
73222,0
104795,0
98816,0
93895,0
202715,0
220556,0
133762,0
100217,0
32385,0
143968,0
49784,0
108636,0
208541,0
163241,0
197891,0
84928,0
240048,0
175565,0
222112,0
190500,0
217263,0
121205,0
34863,0
95785,0
117912,0
57816,0
67544,0
113279,0
153697,0
123940,0
216599,0
177591,0
86587,0
5791,0
67911,0
169654,0
133432,0
161631,0
58511,0
159221,0
220600,0
220974,0
85201,0
102898,0
73727,0
140083,0
144994,0
74127,0
159821,0
14196,0
166312,0
198167,0
125167,0
25539,0
59744,0
223420,0
167141,0
95202,0
201936,0
171804,0
209449,0
233157,0
123291,0
161442,0
81222,0
66592,0
29972,0
101034,0
70236,0
60498,0
60383,0
190579,0
94349,0
135502,0
235962,0
41166,0
227845,0
192588,0
172124,0
23605,0
51957,0
145675,0
100192,0
25385,0
240449,0
147325,0
52962,0
86990,0
172421,0
160890,0
217115,0
65314,0
107336,0
7327,0
120705,0
4157,0
89804,0
75039,0
78492,0
198103,0
175756,0
184730,0
132867,0
163445,0
151149,0
121836,0
182338,0
151778,0
142884,0
12361,0
97116,0
35349,0
12979,0
149305,0
219794,0
10443,0
188285,0
218379,0
179378,0
176663,0
228795,0
156600,0
192379,0
98143,0
181653,0
128464,0
20489,0
106117,0
159499,0
180707,0
79350,0
3643,0
52768,0
9293,0
164058,0
37192,0
191586,0
80153,0
56404,0
122122,0
210411,0
234242,0
165344,0
30221,0
194915,0
210908,0
244333,0
3916,0
186341,0
2411,0
66924,0
155118,0
202687,0
97657,0
17496,0
66665,0
109000,0
55837,0
114711,0
168095,0
79190,0
160609,0
117918,0
189743,0
147534,0
159555,0
150313,0
29936,0
23064,0
200568,0
195372,0
62190,0
242693,0
17283,0
234666,0
7104,0
142401,0
66597,0
238296,0
93921,0
99443,0
28043,0
118604,0
212068,0
198383,0
37140,0
120197,0
125478,0
74117,0
190880,0
247716,0
30700,0
10641,0
24021,0
213816,0
204156,0
38180,0
106731,0
126619,0
127462,0
193250,0
154593,0
158460,0
247806,0
46122,0
109146,0
44318,0
238182,0
30966,0
41579,0
166604,0
117767,0
79004,0
58065,0
21113,0
223804,0
86644,0
111482,0
230201,0
90503,0
116742,0
157015,0
81971,0
27111,0
201141,0
245909,0
10999,0
153727,0
130198,0
37416,0
101100,0
149885,0
130689,0
146706,0
37657,0
227987,0
199162,0
228673,0
89772,0
106363,0
128999,0
102949,0
69813,0
63078,0
53265,0
188475,0
150484,0
63569,0
15881,0
142354,0
65622,0
33363,0
148381,0
219998,0
56415,0
170507,0
193602,0
39285,0
22241,0
282,0
162055,0
165450,0
58917,0
149492,0
84952,0
203594,0
137553,0
194801,0
2071,0
93459,0
215974,0
75673,0
219823,0
238532,0
179345,0
228514,0
228142,0
232249,0
12896,0
59643,0
223968,0
125199,0
48188,0
71475,0
78436,0
90840,0
144224,0
201379,0
112338,0
160800,0
46985,0
41173,0
117762,0
174254,0
160320,0
176000,0
160754,0
18084,0
110075,0
51738,0
18418,0
242658,0
66482,0
173588,0
159593,0
9538,0
176213,0
54475,0
81253,0
185634,0
71411,0
224190,0
51713,0
126130,0
208913,0
17420,0
152653,0
197895,0
89822,0
26466,0
3335,0
99557,0
223513,0
102969,0
4289,0
560,0
196804,0
41629,0
54011,0
150094,0
206444,0
9988,0
249280,0
114855,0
120538,0
1423,0
62255,0
40654,0
60208,0
190194,0
57051,0
175388,0
108918,0
84364,0
4573,0
142522,0
156584,0
9514,0
121100,0
216814,0
98842,0
127453,0
166632,0
179028,0
137067,0
149309,0
157427,0
160079,0
109258,0
24851,0
224206,0
247873,0
201336,0
47485,0
220765,0
63038,0
229830,0
221501,0
6868,0
242877,0
184453,0
118152,0
133903,0
177803,0
55736,0
104106,0
201148,0
177875,0
16212,0
144992,0
49937,0
16306,0
3151,0
229568,0
6702,0
166397,0
97636,0
12518,0
44790,0
182751,0
92239,0
206702,0
149361,0
93112,0
239362,0
50270,0
90689,0
227801,0
12606,0
121367,0
177057,0
97466,0
16282,0
205461,0
116403,0
5071,0
71094,0
22492,0
131804,0
205657,0
113524,0
243841,0
48849,0
120634,0
116383,0
31388,0
98054,0
114218,0
35819,0
52666,0
99621,0
99002,0
60316,0
100966,0
102482,0
31958,0
116174,0
81771,0
193951,0
171689,0
160132,0
178959,0
159681,0
212658,0
245803,0
149993,0
63630,0
206204,0
23339,0
105931,0
249289,0
48738,0
199609,0
156162,0
161592,0
43865,0
118137,0
170143,0
8474,0
51484,0
31968,0
143610,0
187684,0
199553,0
133198,0
88334,0
92015,0
81114,0
166486,0
97478,0
130442,0
224975,0
117560,0
107203,0
223917,0
63033,0
197789,0
118731,0
107183,0
87706,0
844,0
167317,0
116183,0
78816,0
30831,0
69106,0
150210,0
72450,0
36096,0
201784,0
69606,0
1765,0
138187,0
176009,0
198627,0
3690,0
125367,0
123389,0
28384,0
155912,0
26102,0
55816,0
55281,0
100390,0
129449,0
195014,0
127031,0
49246,0
192675,0
125231,0
200007,0
224875,0
247532,0
236396,0
30095,0
242271,0
95107,0
225385,0
207392,0
126706,0
204943,0
188503,0
83294,0
20974,0
108339,0
128790,0
222202,0
55452,0
175559,0
131077,0
218004,0
62477,0
24885,0
110500,0
57870,0
103811,0
91052,0
83856,0
3656,0
24112,0
205501,0
239475,0
83497,0
146949,0
216174,0
120362,0
234076,0
94357,0
200359,0
117345,0
14734,0
133656,0
238663,0
80915,0
20776,0
179583,0
163633,0
27507,0
95313,0
212052,0
228157,0
225987,0
244435,0
12824,0
1318,0
60938,0
229038,0
7193,0
49980,0
108865,0
121524,0
211475,0
113461,0
82080,0
71488,0
118537,0
131814,0
223469,0
89108,0
63693,0
226656,0
16626,0
156385,0
88991,0
240924,0
214869,0
96883,0
49845,0
22581,0
150503,0
187661,0
199216,0
48000,0
172114,0
233323,0
145911,0
15313,0
63687,0
99576,0
106326,0
153918,0
168808,0
170438,0
2562,0
216399,0
167073,0
87488,0
13257,0
248866,0
25748,0
243919,0
75708,0
239506,0
134993,0
170479,0
158748,0
220749,0
143578,0
172558,0
137739,0
195366,0
144893,0
70777,0
208013,0
219673,0
165273,0
244094,0
78355,0
139308,0
108346,0
191894,0
28622,0
184392,0
138096,0
158209,0
115793,0
64743,0
7538,0
20370,0
93341,0
92088,0
53732,0
165789,0
164856,0
95680,0
195217,0
17494,0
169312,0
128520,0
104310,0
239543,0
247145,0
235903,0
53279,0
217945,0
27988,0
3448,0
245472,0
228826,0
101308,0
139194,0
230595,0
167481,0
51437,0
203668,0
132695,0
196075,0
143347,0
192627,0
115183,0
238537,0
75751,0
212167,0
212040,0
27636,0
39683,0
188091,0
101239,0
129521,0
146717,0
23864,0
94146,0
239191,0
73735,0
237677,0
95733,0
84996,0
153389,0
88078,0
181955,0
67846,0
79496,0
149077,0
167486,0
238432,0
213086,0
42979,0
114152,0
2611,0
104638,0
202182,0
113504,0
100947,0
230072,0
207877,0
99991,0
199532,0
116314,0
130183,0
127427,0
93363,0
104229,0
22019,0
139468,0
123672,0
165597,0
58049,0
196224,0
137441,0
155880,0
190044,0
237806,0
158826,0
194221,0
12253,0
102360,0
162511,0
57799,0
9961,0
209648,0
162860,0
25206,0
39134,0
141766,0
162469,0
55960,0
242204,0
119533,0
124998,0
148761,0
20161,0
42539,0
221608,0
68252,0
165119,0
60201,0
44095,0
91935,0
95435,0
242341,0
142479,0
96735,0
114223,0
37599,0
63647,0
219185,0
239892,0
144431,0
133165,0
84980,0
178518,0
166799,0
143964,0
25915,0
7277,0
195859,0
235136,0
186663,0
66158,0
239708,0
200193,0
113751,0
33735,0
195993,0
194205,0
14474,0
151621,0
223091,0
124778,0
132655,0
85633,0
14831,0
213564,0
156623,0
109453,0
167313,0
121478,0
148461,0
173713,0
37413,0
235615,0
120656,0
201320,0
90984,0
87078,0
64848,0
4243,0
91697,0
100114,0
52914,0
21655,0
99913,0
36010,0
217711,0
175446,0
138113,0
52151,0
64047,0
248878,0
67079,0
138689,0
34,0
45250,0
90795,0
38895,0
135392,0
207690,0
137597,0
172750,0
144559,0
202562,0
113118,0
114829,0
71458,0
51064,0
97097,0
157727,0
16146,0
169952,0
80864,0
33975,0
168637,0
236569,0
32435,0
11081,0
196094,0
154210,0
122555,0
79875,0
30386,0
30931,0
99399,0
76104,0
71873,0
144275,0
197765,0
180832,0
2181,0
191751,0
98935,0
75958,0
34412,0
149468,0
125445,0
77944,0
4754,0
164764,0
99030,0
106663,0
135708,0
26903,0
115542,0
108396,0
156603,0
55929,0
91058,0
115332,0
16150,0
117114,0
5431,0
204229,0
245222,0
9957,0
77351,0
119192,0
218006,0
103991,0
226662,0
201534,0
97353,0
133856,0
51531,0
157190,0
200257,0
145521,0
209430,0
14581,0
134968,0
122345,0
234266,0
114622,0
218295,0
145540,0
53764,0
208009,0
32093,0
144662,0
240807,0
175162,0
205948,0
113885,0
118593,0
114428,0
231889,0
203578,0
147013,0
77339,0
12711,0
49538,0
37164,0
133261,0
211480,0
120286,0
230778,0
107076,0
17642,0
117191,0
64692,0
61650,0
164817,0
2288,0
241477,0
58966,0
55069,0
73435,0
22600,0
185919,0
148486,0
133011,0
82076,0
23809,0
9342,0
212224,0
180062,0
109992,0
159344,0
113033,0
64302,0
142566,0
207935,0
4531,0
103876,0
49295,0
173823,0
238247,0
151461,0
241612,0
181645,0
199585,0
212032,0
125658,0
192470,0
246902,0
127609,0
176917,0
224012,0
243533,0
157000,0
156551,0
221151,0
52159,0
17468,0
81969,0
55064,0
136721,0
36821,0
19453,0
122493,0
221911,0
25671,0
53561,0
239246,0
170558,0
222133,0
69667,0
146786,0
204103,0
16721,0
153301,0
169447,0
53516,0
133540,0
144639,0
130893,0
170155,0
131096,0
75484,0
17659,0
224101,0
171281,0
105650,0
233439,0
11039,0
140410,0
186661,0
170294,0
104970,0
196526,0
205228,0
157453,0
190065,0
30142,0
163143,0
131442,0
89702,0
114072,0
112438,0
230587,0
3263,0
222044,0
238407,0
189079,0
215943,0
227981,0
39335,0
29668,0
67675,0
77610,0
184916,0
1904,0
233050,0
22240,0
149700,0
88701,0
150310,0
54244,0
208377,0
170901,0
199034,0
155048,0
207508,0
80208,0
100707,0
147459,0
199917,0
205159,0
182253,0
224073,0
10312,0
134491,0
81650,0
107867,0
201542,0
41902,0
151357,0
78951,0
60861,0
73394,0
132013,0
155450,0
174861,0
129968,0
23090,0
147127,0
7772,0
249519,0
42172,0
148154,0
39643,0
92512,0
198981,0
206841,0
205648,0
173827,0
18599,0
213326,0
36139,0
235722,0
62301,0
4338,0
192405,0
238667,0
107466,0
65559,0
98324,0
127335,0
70464,0
56008,0
194899,0
36889,0
22214,0
38150,0
90753,0
92623,0
158023,0
98610,0
224181,0
108134,0
29005,0
14176,0
135057,0
62360,0
203889,0
27815,0
67128,0
41544,0
21427,0
9553,0
35795,0
22723,0
68700,0
88382,0
216887,0
27191,0
68404,0
100426,0
156809,0
84915,0
182919,0
124304,0
248006,0
88751,0
178946,0
157692,0
35317,0
245090,0
17720,0
119208,0
12007,0
215470,0
83977,0
61879,0
50686,0
214160,0
79032,0
34081,0
133994,0
210733,0
185433,0
237395,0
22516,0
16701,0
120615,0
194619,0
15884,0
172725,0
146682,0
133237,0
31161,0
203111,0
34795,0
53762,0
46945,0
182884,0
111062,0
110693,0
242026,0
49770,0
65248,0
55080,0
117818,0
134925,0
72019,0
224410,0
157599,0
118344,0
15983,0
79717,0
161808,0
111586,0
29603,0
136835,0
28924,0
151571,0
90483,0
214719,0
231984,0
42121,0
141031,0
116173,0
27035,0
136190,0
208,0
246616,0
76832,0
90620,0
177396,0
43092,0
179866,0
94345,0
43576,0
134093,0
173597,0
22512,0
75180,0
72101,0
25244,0
113608,0
121316,0
239056,0
154130,0
135226,0
137890,0
178877,0
114170,0
37050,0
107711,0
178911,0
188284,0
7554,0
47414,0
159737,0
104431,0
161322,0
213419,0
94210,0
65928,0
218492,0
205687,0
200254,0
13167,0
148696,0
119900,0
173520,0
208373,0
105392,0
223356,0
147141,0
121910,0
113786,0
65367,0
79998,0
169840,0
162369,0
49321,0
175308,0
167471,0
231693,0
168863,0
168973,0
123991,0
148604,0
222998,0
189546,0
117036,0
211269,0
62144,0
46279,0
101620,0
88230,0
32724,0
164510,0
4125,0
41491,0
212822,0
185652,0
10649,0
121098,0
93114,0
45223,0
60394,0
75102,0
124980,0
12783,0
36728,0
238939,0
1731,0
212883,0
54248,0
183895,0
67071,0
220961,0
179714,0
92190,0
214870,0
100205,0
220233,0
216397,0
119782,0
24828,0
245037,0
234344,0
106429,0
151237,0
112640,0
149540,0
63995,0
73996,0
163283,0
189239,0
129192,0
511,0
212747,0
67068,0
34117,0
176697,0
115545,0
118619,0
164573,0
94539,0
164017,0
99376,0
116043,0
73450,0
21081,0
112583,0
169815,0
65312,0
11795,0
229600,0
86495,0
243310,0
70112,0
214745,0
217965,0
121555,0
242860,0
174501,0
188203,0
158160,0
69673,0
138011,0
233276,0
80210,0
109668,0
71563,0
78491,0
53432,0
131995,0
197435,0
13262,0
49886,0
11035,0
161306,0
249252,0
110644,0
29099,0
125794,0
151210,0
40646,0
185401,0
4665,0
83970,0
46547,0
186876,0
106742,0
191562,0
239523,0
73060,0
71578,0
80916,0
94956,0
172477,0
161022,0
187270,0
134240,0
114127,0
164376,0
64815,0
120504,0
17954,0
65789,0
109271,0
246727,0
74654,0
50419,0
86159,0
154449,0
56185,0
179612,0
65578,0
112767,0
3221,0
74350,0
134029,0
102461,0
216070,0
249598,0
229867,0
236412,0
24319,0
124801,0
223251,0
41123,0
158952,0
111662,0
82831,0
51396,0
234255,0
78459,0
181449,0
110570,0
102354,0
179694,0
242015,0
153692,0
210596,0
33659,0
1566,0
60199,0
157330,0
190445,0
61017,0
51326,0
235384,0
161029,0
102773,0
84401,0
58497,0
63359,0
149040,0
78932,0
135030,0
186741,0
184931,0
130118,0
70823,0
19284,0
154007,0
119656,0
158718,0
106251,0
76009,0
174816,0
215060,0
107651,0
53970,0
218278,0
69050,0
84625,0
191423,0
79479,0
33958,0
216067,0
110889,0
61975,0
24420,0
7366,0
219391,0
98932,0
120361,0
172493,0
191739,0
232196,0
111648,0
233428,0
230373,0
192890,0
68212,0
160681,0
114524,0
216239,0
184827,0
113614,0
176243,0
102642,0
5500,0
125975,0
239126,0
137738,0
227074,0
213334,0
137646,0
56650,0
212673,0
110141,0
163914,0
223146,0
92107,0
151652,0
116388,0
130984,0
168004,0
148454,0
112208,0
11616,0
173819,0
193844,0
241527,0
52880,0
65173,0
102582,0
35987,0
44532,0
147539,0
8480,0
2623,0
184275,0
4678,0
219379,0
123059,0
239928,0
237623,0
238981,0
245471,0
150599,0
64404,0
129131,0
68073,0
182005,0
16900,0
123325,0
26538,0
100698,0
207632,0
19217,0
51423,0
138893,0
90192,0
184306,0
1491,0
131491,0
123143,0
153102,0
88176,0
56568,0
245838,0
119757,0
239370,0
153964,0
45886,0
160995,0
168491,0
40230,0
116112,0
12966,0
71104,0
113523,0
88676,0
239388,0
88274,0
22272,0
207498,0
241789,0
216566,0
246922,0
149325,0
37078,0
199594,0
227891,0
81849,0
91778,0
91737,0
66169,0
72193,0
37450,0
117474,0
46874,0
201557,0
32713,0
44820,0
236781,0
19505,0
162471,0
164476,0
131153,0
116277,0
207891,0
194344,0
244152,0
60102,0
182492,0
16125,0
154343,0
215308,0
60577,0
102049,0
72563,0
132791,0
55106,0
54275,0
193904,0
169300,0
216077,0
57574,0
241398,0
233844,0
204849,0
2385,0
192944,0
158435,0
120315,0
175547,0
144125,0
130631,0
228665,0
74557,0
69834,0
118596,0
249050,0
40560,0
208237,0
111323,0
188527,0
212835,0
196971,0
101246,0
218144,0
142780,0
207032,0
74649,0
140132,0
113367,0
64568,0
135405,0
81719,0
79643,0
201040,0
240923,0
26630,0
61275,0
146987,0
148905,0
248937,0
41018,0
91613,0
98628,0
194770,0
227387,0
141349,0
77390,0
121973,0
242614,0
161231,0
140985,0
91505,0
48213,0
82636,0
213639,0
234189,0
132037,0
148841,0
96043,0
114002,0
222570,0
29632,0
183687,0
102152,0
113833,0
28490,0
55858,0
227621,0
249655,0
207284,0
20065,0
40838,0
206245,0
78885,0
56966,0
174076,0
15706,0
88814,0
241615,0
111951,0
70232,0
56233,0
42848,0
208058,0
30941,0
211195,0
59678,0
15043,0
90059,0
45273,0
235794,0
77398,0
48340,0
30677,0
73428,0
244815,0
119722,0
44066,0
66952,0
43071,0
115215,0
219818,0
177663,0
217810,0
151486,0
229711,0
94752,0
202321,0
136270,0
131340,0
160851,0
23637,0
53842,0
289,0
72186,0
224928,0
226403,0
88470,0
1517,0
189804,0
98036,0
121031,0
190781,0
33745,0
240563,0
121440,0
228921,0
226026,0
12537,0
16388,0
182536,0
9639,0
156013,0
56002,0
177669,0
189981,0
89522,0
177261,0
99194,0
109487,0
158853,0
199181,0
8090,0
206623,0
177738,0
79978,0
112582,0
67285,0
14355,0
36765,0
135068,0
95937,0
128402,0
152590,0
5223,0
170744,0
233514,0
230614,0
182946,0
114328,0
130005,0
78478,0
123290,0
84047,0
115531,0
246262,0
101612,0
126227,0
66072,0
208466,0
48153,0
73512,0
180497,0
220119,0
213372,0
43707,0
93718,0
38901,0
89384,0
26235,0
183881,0
142823,0
47673,0
18649,0
70768,0
134099,0
54429,0
93168,0
228124,0
186999,0
188359,0
66858,0
214149,0
20756,0
87164,0
194524,0
71027,0
80419,0
31173,0
156151,0
133861,0
91534,0
72967,0
155745,0
30862,0
59274,0
140008,0
116177,0
101956,0
206449,0
60247,0
55640,0
233611,0
137626,0
59159,0
93883,0
48086,0
231210,0
150664,0
3463,0
6976,0
45086,0
42196,0
62191,0
28944,0
155847,0
157468,0
94773,0
126089,0
239364,0
64582,0
201717,0
87182,0
203317,0
114394,0
107653,0
162596,0
96572,0
196988,0
60248,0
109503,0
180823,0
3627,0
209211,0
141082,0
35808,0
240690,0
218623,0
4392,0
71242,0
89902,0
78008,0
69711,0
36274,0
245941,0
40415,0
161926,0
224869,0
209393,0
57968,0
37517,0
202908,0
194872,0
4830,0
107937,0
209721,0
119867,0
204813,0
207910,0
185981,0
10163,0
118290,0
181999,0
51535,0
123475,0
33797,0
67998,0
186694,0
36341,0
133406,0
46376,0
134143,0
37979,0
47146,0
131530,0
44613,0
196451,0
224777,0
203666,0
232398,0
85098,0
209454,0
178576,0
121639,0
79847,0
147115,0
203121,0
182758,0
223409,0
15345,0
60322,0
227786,0
236415,0
107401,0
234053,0
8739,0
228403,0
232226,0
62187,0
105499,0
15938,0
147090,0
154332,0
171808,0
139941,0
184700,0
23820,0
212892,0
4231,0
239824,0
120534,0
84144,0
30016,0
99012,0
107597,0
212755,0
40099,0
50454,0
181714,0
18567,0
6753,0
23344,0
112771,0
194272,0
202162,0
215777,0
192764,0
37258,0
146705,0
104898,0
244582,0
41105,0
40858,0
54563,0
221248,0
213976,0
217875,0
46446,0
7260,0
218020,0
104172,0
131861,0
35910,0
186837,0
20657,0
161912,0
90261,0
214721,0
236563,0
60969,0
163681,0
208838,0
51578,0
186145,0
46186,0
171409,0
13505,0
43879,0
165526,0
98467,0
200833,0
114557,0
107269,0
33045,0
37527,0
36343,0
37887,0
206670,0
57884,0
176873,0
237054,0
10808,0
181120,0
224899,0
112881,0
230869,0
3975,0
125051,0
43268,0
212075,0
205095,0
31393,0
197921,0
113724,0
137261,0
193749,0
128427,0
193520,0
216268,0
20865,0
103133,0
21120,0
87039,0
40178,0
112091,0
41363,0
106335,0
112750,0
199048,0
70903,0
49701,0
58800,0
106489,0
81229,0
102830,0
199767,0
61556,0
205130,0
87194,0
193505,0
212657,0
47256,0
210114,0
22494,0
99374,0
148578,0
45247,0
106003,0
82249,0
18314,0
218511,0
35726,0
206446,0
68361,0
231735,0
173847,0
46961,0
59926,0
240066,0
179895,0
26388,0
178055,0
134514,0
80430,0
38188,0
8557,0
248734,0
122932,0
3349,0
136390,0
212314,0
26007,0
41298,0
246821,0
140191,0
241117,0
58356,0
105625,0
207972,0
115636,0
119091,0
111666,0
223030,0
224684,0
116708,0
1898,0
23392,0
238061,0
128911,0
173627,0
237627,0
133547,0
150239,0
223772,0
47332,0
218700,0
223395,0
114027,0
116008,0
27038,0
78903,0
135074,0
116260,0
115687,0
237658,0
181389,0
186220,0
219097,0
204896,0
98084,0
72704,0
17905,0
127302,0
33917,0
148235,0
224218,0
233779,0
104318,0
225480,0
165622,0
249176,0
107907,0
144793,0
144039,0
113077,0
229414,0
70169,0
213581,0
14830,0
233449,0
157455,0
236687,0
105719,0
85858,0
85584,0
52915,0
244517,0
192533,0
24277,0
242922,0
147242,0
196990,0
234841,0
237556,0
196587,0
30709,0
121505,0
225534,0
237031,0
95664,0
11835,0
170066,0
243867,0
238833,0
210989,0
174785,0
64300,0
111357,0
212247,0
148557,0
87548,0
117226,0
58460,0
10592,0
176493,0
8938,0
115324,0
164611,0
244109,0
170105,0
222982,0
205548,0
62427,0
185708,0
246626,0
83440,0
146952,0
111967,0
65085,0
37003,0
156802,0
206216,0
30133,0
8044,0
102788,0
32341,0
135732,0
248617,0
123468,0
154106,0
77563,0
42367,0
20084,0
157244,0
62558,0
93665,0
124376,0
64454,0
146002,0
103103,0
3426,0
134219,0
193480,0
189580,0
23893,0
141471,0
101826,0
199489,0
135658,0
196256,0
10746,0
98052,0
226749,0
121847,0
142939,0
79466,0
91059,0
4238,0
120716,0
3617,0
125436,0
78653,0
57425,0
168231,0
26179,0
34810,0
148859,0
101098,0
245933,0
206563,0
89550,0
43121,0
178142,0
63904,0
173954,0
144547,0
13002,0
105180,0
203442,0
157992,0
132261,0
3304,0
237639,0
27845,0
105810,0
110339,0
11062,0
102762,0
213249,0
225562,0
209763,0
231164,0
231546,0
199661,0
9452,0
168299,0
177335,0
149794,0
17775,0
142390,0
165523,0
65409,0
198196,0
7979,0
100582,0
55802,0
98168,0
56129,0
105020,0
57105,0
181262,0
234033,0
28501,0
97521,0
46465,0
2184,0
89597,0
152075,0
126935,0
119333,0
94041,0
176515,0
155498,0
139689,0
90665,0
180539,0
104993,0
41796,0
127480,0
38410,0
230179,0
155767,0
105040,0
167113,0
158631,0
83843,0
30522,0
61500,0
46937,0
141783,0
128962,0
220831,0
44251,0
244736,0
69119,0
129771,0
224013,0
210823,0
25495,0
84260,0
164692,0
49058,0
92028,0
236278,0
91329,0
80813,0
208943,0
59828,0
227296,0
221024,0
94891,0
110614,0
50634,0
239982,0
30764,0
196893,0
134374,0
79090,0
235947,0
228578,0
167272,0
158414,0
139183,0
95152,0
58342,0
123953,0
67377,0
249133,0
3892,0
50504,0
92957,0
198229,0
168738,0
214787,0
189253,0
222470,0
44874,0
30854,0
50242,0
33271,0
75815,0
125464,0
23494,0
151172,0
55507,0
214150,0
117094,0
110112,0
95500,0
233064,0
54298,0
249811,0
179868,0
44480,0
6595,0
49428,0
84270,0
234406,0
107210,0
234910,0
143875,0
95686,0
52885,0
41959,0
36702,0
206944,0
197319,0
240182,0
146455,0
225100,0
195919,0
21047,0
159271,0
76617,0
79660,0
148374,0
109827,0
100777,0
12036,0
72938,0
228767,0
227677,0
39594,0
184178,0
145666,0
221945,0
42031,0
22685,0
128628,0
135296,0
11439,0
129734,0
133230,0
8291,0
243956,0
240146,0
108923,0
102579,0
113769,0
119347,0
101605,0
237358,0
130778,0
133320,0
21136,0
46516,0
227555,0
70754,0
153513,0
246075,0
64665,0
240282,0
186697,0
109630,0
105938,0
242300,0
134987,0
238557,0
51430,0
16026,0
203538,0
171117,0
101839,0
169442,0
229241,0
148143,0
115309,0
35140,0
89095,0
215864,0
170941,0
53097,0
60939,0
249114,0
218652,0
91248,0
130919,0
207833,0
239144,0
132069,0
71903,0
14566,0
209472,0
40125,0
119785,0
99781,0
181636,0
145558,0
61441,0
116159,0
28260,0
46603,0
42162,0
65882,0
83101,0
13462,0
168888,0
153482,0
230627,0
28075,0
70641,0
126640,0
231431,0
83654,0
174150,0
212807,0
110961,0
231578,0
70005,0
172563,0
179114,0
41199,0
249849,0
166032,0
59531,0
69989,0
231145,0
150525,0
197428,0
59475,0
54258,0
37587,0
238996,0
80566,0
178801,0
194084,0
79215,0
108635,0
172868,0
244956,0
139112,0
27835,0
248491,0
26353,0
134727,0
186674,0
11269,0
245714,0
172310,0
238064,0
91245,0
84205,0
215822,0
87267,0
18572,0
140370,0
58392,0
148354,0
16952,0
183670,0
164955,0
54937,0
181705,0
80043,0
67923,0
107559,0
24132,0
177568,0
102385,0
141315,0
214572,0
9577,0
26177,0
93663,0
182455,0
150045,0
122631,0
54231,0
149798,0
305,0
44716,0
189199,0
181910,0
204712,0
59292,0
172116,0
75411,0
203930,0
85006,0
249238,0
181388,0
191445,0
177140,0
68110,0
24689,0
64306,0
205587,0
220718,0
95576,0
43569,0
198234,0
69948,0
196478,0
28689,0
62204,0
219785,0
53514,0
181254,0
37028,0
198706,0
138289,0
151737,0
49425,0
32819,0
22978,0
231980,0
134460,0
42596,0
80795,0
176184,0
47439,0
6332,0
114839,0
136212,0
22003,0
215841,0
219985,0
98265,0
90277,0
127308,0
13884,0
89115,0
30951,0
26516,0
74826,0
60364,0
146853,0
16578,0
202148,0
93622,0
232658,0
115289,0
37163,0
33555,0
94063,0
77197,0
66112,0
156334,0
76496,0
131649,0
24001,0
85700,0
7632,0
131,0
43243,0
86647,0
132878,0
133736,0
85238,0
93016,0
70303,0
12808,0
226666,0
214965,0
201725,0
221967,0
89878,0
8567,0
107805,0
236853,0
26100,0
137463,0
246574,0
176053,0
181534,0
78526,0
8031,0
237290,0
56491,0
42765,0
215207,0
108342,0
98912,0
35021,0
168227,0
64609,0
128113,0
110817,0
168247,0
45884,0
206003,0
217059,0
37267,0
161368,0
100520,0
213936,0
87708,0
82963,0
5684,0
167790,0
137947,0
238288,0
161289,0
29434,0
85492,0
232709,0
93222,0
248644,0
124685,0
49929,0
114269,0
91338,0
202810,0
13028,0
74327,0
213963,0
90310,0
32073,0
27806,0
27474,0
195474,0
90323,0
16742,0
227156,0
49468,0
6491,0
56069,0
41881,0
160442,0
121521,0
26869,0
232121,0
247203,0
52755,0
147426,0
158908,0
37977,0
238323,0
194307,0
70683,0
28224,0
22987,0
58520,0
185177,0
21700,0
79293,0
120163,0
121405,0
202624,0
160556,0
27832,0
20854,0
145319,0
117668,0
202071,0
231019,0
56711,0
103447,0
248555,0
161814,0
30930,0
249463,0
160241,0
3997,0
12847,0
113354,0
53200,0
216326,0
177767,0
200000,0
136253,0
47806,0
960,0
86240,0
198883,0
103337,0
243096,0
172430,0
238923,0
24752,0
132978,0
110332,0
239198,0
136842,0
115075,0
5595,0
104698,0
27406,0
78687,0
213701,0
184635,0
237935,0
117630,0
23366,0
10303,0
181748,0
190267,0
78660,0
107297,0
207413,0
35099,0
55455,0
180797,0
61623,0
49043,0
157658,0
218510,0
45586,0
216118,0
128932,0
119263,0
194737,0
67667,0
111741,0
118862,0
46786,0
1576,0
146994,0
200538,0
162276,0
29258,0
183299,0
117130,0
139720,0
54201,0
11638,0
220567,0
90601,0
78906,0
246337,0
228778,0
244287,0
144853,0
75096,0
30170,0
205918,0
188526,0
13725,0
247469,0
245997,0
1659,0
73102,0
176264,0
39083,0
180647,0
183519,0
187091,0
146220,0
40957,0
242018,0
45941,0
184604,0
128054,0
228037,0
180107,0
214143,0
7072,0
156613,0
44287,0
163614,0
233704,0
230854,0
185056,0
230122,0
166018,0
207038,0
92670,0
105651,0
231179,0
176059,0
102567,0
161366,0
48727,0
73911,0
130039,0
21501,0
17362,0
134071,0
980,0
204499,0
130784,0
34745,0
178605,0
180297,0
161565,0
201574,0
144951,0
110729,0
96029,0
49106,0
94975,0
97120,0
142685,0
203596,0
43536,0
1124,0
49742,0
197304,0
161180,0
209599,0
115233,0
74529,0
202813,0
30730,0
146833,0
200793,0
23484,0
211753,0
37640,0
57484,0
100241,0
126284,0
79605,0
162830,0
148801,0
51585,0
52249,0
65981,0
240735,0
76663,0
231614,0
186525,0
11960,0
34472,0
231432,0
129832,0
99872,0
115921,0
98957,0
103856,0
46641,0
6962,0
180687,0
38332,0
132097,0
31035,0
31282,0
25341,0
74792,0
37678,0
172300,0
55354,0
225465,0
40134,0
60669,0
163770,0
40505,0
86660,0
219085,0
235390,0
168545,0
113541,0
107115,0
104228,0
199375,0
195512,0
129705,0
236901,0
96182,0
90023,0
194328,0
56661,0
166992,0
32285,0
68183,0
20461,0
78833,0
95566,0
71398,0
138821,0
101617,0
52983,0
36278,0
10045,0
11152,0
217427,0
126359,0
95674,0
77985,0
187774,0
141680,0
91217,0
102650,0
177448,0
90285,0
231435,0
129747,0
151743,0
160002,0
122135,0
246278,0
153798,0
105088,0
208182,0
185977,0
95565,0
80402,0
45589,0
234926,0
176194,0
217594,0
193089,0
6848,0
52194,0
48318,0
203193,0
126245,0
107439,0
124314,0
96025,0
217874,0
69986,0
231890,0
33738,0
94644,0
239456,0
131311,0
126588,0
138462,0
160167,0
147484,0
71111,0
20362,0
118080,0
168630,0
119011,0
160310,0
17741,0
57049,0
198427,0
143582,0
103433,0
230582,0
18723,0
144316,0
49851,0
73569,0
184993,0
146937,0
115630,0
43151,0
148187,0
78445,0
244166,0
26784,0
135523,0
147813,0
24487,0
71598,0
163383,0
204961,0
175728,0
70116,0
135582,0
166868,0
167724,0
197650,0
147589,0
208383,0
212856,0
248171,0
30610,0
128166,0
31294,0
148416,0
130494,0
63450,0
56454,0
139287,0
213339,0
194449,0
186466,0
66340,0
146625,0
87683,0
201843,0
78273,0
24861,0
241929,0
98282,0
239935,0
110291,0
51486,0
49495,0
37442,0
163254,0
12855,0
17182,0
43783,0
113469,0
32789,0
65544,0
151901,0
214676,0
100999,0
145433,0
79580,0
236120,0
219870,0
197557,0
241357,0
217452,0
57447,0
13571,0
233285,0
109058,0
50441,0
65405,0
231958,0
17867,0
159474,0
244935,0
3868,0
244190,0
206590,0
152526,0
242823,0
164882,0
91690,0
160176,0
248097,0
222619,0
111432,0
232879,0
80531,0
98986,0
102098,0
184487,0
160943,0
44652,0
143054,0
47472,0
100116,0
30414,0
234669,0
165329,0
53645,0
20363,0
173919,0
64192,0
130997,0
177401,0
106762,0
36746,0
204759,0
80686,0
63098,0
59333,0
6014,0
135807,0
10334,0
22232,0
94355,0
65432,0
162300,0
138571,0
237502,0
30456,0
49123,0
77896,0
176479,0
225165,0
199050,0
71824,0
248971,0
167762,0
244294,0
167509,0
247190,0
245788,0
204970,0
129408,0
27742,0
199180,0
29875,0
27667,0
76688,0
141748,0
101601,0
133954,0
247781,0
84198,0
164886,0
161163,0
21827,0
83543,0
75156,0
116110,0
57070,0
190258,0
134326,0
218688,0
248301,0
50233,0
10066,0
77596,0
64287,0
155290,0
214650,0
30077,0
76294,0
194851,0
74378,0
219100,0
9848,0
217881,0
148285,0
188993,0
180208,0
220796,0
243665,0
64622,0
91479,0
177233,0
160956,0
142621,0
55995,0
126763,0
94080,0
175217,0
218341,0
53407,0
95713,0
53101,0
244529,0
24140,0
238336,0
176086,0
96509,0
36776,0
174494,0
39503,0
113478,0
117746,0
104227,0
197363,0
238129,0
48436,0
47143,0
73358,0
146887,0
225002,0
136096,0
79977,0
75658,0
34534,0
141627,0
246986,0
219087,0
82837,0
146782,0
86802,0
170684,0
242871,0
22968,0
84857,0
38017,0
94790,0
108439,0
47996,0
232849,0
115462,0
8902,0
6355,0
171352,0
180984,0
10574,0
179187,0
173856,0
155895,0
195746,0
137730,0
97682,0
227162,0
23628,0
36263,0
112601,0
105545,0
101693,0
77823,0
193644,0
143528,0
204033,0
214311,0
246638,0
108900,0
245384,0
4850,0
68268,0
152354,0
205080,0
146978,0
212059,0
59714,0
122612,0
6453,0
181184,0
125346,0
7129,0
22850,0
43868,0
56330,0
198625,0
85759,0
220340,0
110487,0
50310,0
225817,0
182993,0
208645,0
205193,0
144066,0
237711,0
240168,0
173142,0
24609,0
239979,0
48300,0
77265,0
53545,0
99537,0
167597,0
2519,0
47178,0
124524,0
117662,0
4365,0
24534,0
78200,0
76276,0
208471,0
32220,0
88243,0
136001,0
143758,0
211781,0
34243,0
75709,0
31231,0
170856,0
185732,0
50569,0
95002,0
198872,0
84152,0
39736,0
218587,0
205893,0
3858,0
10899,0
170826,0
126644,0
224046,0
193553,0
46955,0
31424,0
77917,0
161404,0
130464,0
26604,0
195710,0
4168,0
26986,0
7580,0
91324,0
92709,0
88390,0
233419,0
230513,0
134054,0
156051,0
24118,0
153603,0
93864,0
132536,0
51858,0
47769,0
235954,0
204215,0
122995,0
172001,0
159325,0
52785,0
203129,0
93205,0
125140,0
107374,0
13378,0
205744,0
83965,0
51515,0
65365,0
196227,0
148804,0
160173,0
41590,0
199878,0
110151,0
119306,0
91608,0
17213,0
39039,0
141728,0
217375,0
36369,0
19809,0
146173,0
175747,0
36737,0
65849,0
121077,0
3286,0
223087,0
153596,0
69289,0
55459,0
39398,0
1647,0
146548,0
149231,0
208841,0
107367,0
178436,0
81928,0
192033,0
156794,0
132670,0
197351,0
226587,0
210055,0
196162,0
208393,0
120818,0
7705,0
221189,0
232597,0
142197,0
100115,0
248902,0
211482,0
140066,0
92832,0
94025,0
54829,0
42663,0
192658,0
133751,0
143053,0
153134,0
100261,0
73823,0
223249,0
84257,0
192358,0
23905,0
43409,0
141531,0
225552,0
78446,0
214325,0
53795,0
87767,0
92000,0
191778,0
42305,0
91567,0
68428,0
162019,0
47558,0
249283,0
181491,0
107319,0
237889,0
52966,0
56061,0
36134,0
41803,0
116959,0
65761,0
149959,0
70819,0
15425,0
6091,0
42693,0
147949,0
222649,0
103804,0
99726,0
69169,0
211855,0
191352,0
13395,0
133907,0
6382,0
61539,0
12325,0
11200,0
246052,0
227527,0
88903,0
173673,0
233965,0
139339,0
233658,0
21619,0
28723,0
10151,0
200450,0
119973,0
190795,0
114868,0
221305,0
101147,0
184429,0
61142,0
201162,0
81158,0
4103,0
239998,0
109725,0
13871,0
14631,0
73355,0
104360,0
191028,0
23856,0
33187,0
25643,0
165897,0
60907,0
48609,0
99117,0
50404,0
54767,0
12707,0
197646,0
139079,0
22958,0
76081,0
199836,0
4904,0
160050,0
181237,0
129680,0
16476,0
111980,0
51795,0
58586,0
236211,0
206358,0
185236,0
174631,0
162089,0
142497,0
193030,0
8150,0
144506,0
147957,0
154922,0
812,0
200896,0
131103,0
29620,0
36750,0
164926,0
204344,0
92083,0
205138,0
83012,0
126770,0
202771,0
39223,0
233732,0
163276,0
72105,0
150645,0
230245,0
182918,0
119874,0
229051,0
163343,0
222561,0
214088,0
53083,0
5245,0
78136,0
155148,0
143245,0
128512,0
126620,0
148248,0
14680,0
89827,0
9573,0
221319,0
150775,0
57898,0
41170,0
134903,0
3065,0
49485,0
66532,0
207458,0
230318,0
187514,0
115586,0
80482,0
67595,0
20455,0
19653,0
175184,0
228011,0
60621,0
206244,0
177931,0
201598,0
102541,0
136026,0
235366,0
123404,0
143236,0
190841,0
215267,0
241844,0
200366,0
73378,0
117195,0
25893,0
202774,0
111982,0
112675,0
179366,0
157125,0
108910,0
57519,0
66078,0
126732,0
233895,0
119494,0
20898,0
82973,0
197708,0
154675,0
194184,0
210935,0
235363,0
212956,0
31067,0
165997,0
186803,0
184857,0
15818,0
129107,0
90598,0
154247,0
160724,0
87220,0
32810,0
187336,0
168523,0
160933,0
204218,0
177531,0
34624,0
1516,0
216458,0
182060,0
122531,0
232390,0
57927,0
199013,0
69848,0
73289,0
191723,0
37862,0
160655,0
241488,0
173853,0
194817,0
69674,0
57855,0
56003,0
15799,0
247018,0
39987,0
50256,0
191814,0
120822,0
126103,0
89955,0
188700,0
59503,0
134803,0
226037,0
100427,0
108284,0
115736,0
130316,0
10904,0
249666,0
431,0
206881,0
27940,0
116325,0
31513,0
28286,0
19176,0
45799,0
215278,0
157396,0
71765,0
226519,0
166658,0
208476,0
210856,0
232490,0
9969,0
37579,0
105436,0
49525,0
166541,0
202308,0
132859,0
227232,0
221686,0
110762,0
199983,0
52463,0
75981,0
77571,0
105796,0
194074,0
229316,0
96168,0
188716,0
6912,0
109354,0
150213,0
46483,0
17369,0
169285,0
78657,0
38799,0
41241,0
183316,0
130567,0
107547,0
63618,0
96689,0
228517,0
13441,0
6722,0
169272,0
121341,0
172,0
135821,0
231995,0
7275,0
220077,0
82125,0
44090,0
59170,0
88698,0
164213,0
226692,0
112128,0
50991,0
25366,0
105133,0
70712,0
239593,0
116991,0
179666,0
198896,0
201854,0
159190,0
230910,0
48359,0
94772,0
75309,0
32936,0
15722,0
244914,0
187866,0
132124,0
18634,0
58121,0
150613,0
139991,0
245340,0
121894,0
170869,0
12217,0
87115,0
159564,0
198755,0
60729,0
12761,0
180942,0
116842,0
92824,0
137133,0
204918,0
13671,0
67289,0
208008,0
146527,0
212097,0
185502,0
104655,0
45455,0
114569,0
3870,0
61020,0
101498,0
231942,0
33881,0
92761,0
135846,0
220213,0
144824,0
192722,0
98545,0
104690,0
106604,0
200759,0
31873,0
165495,0
48822,0
194608,0
222070,0
67813,0
4210,0
98187,0
152574,0
98310,0
99705,0
113580,0
30922,0
173102,0
131256,0
3451,0
100851,0
2782,0
30942,0
121645,0
25349,0
20824,0
227942,0
52078,0
128670,0
210808,0
27206,0
149061,0
4501,0
171191,0
214597,0
54446,0
2043,0
162774,0
144500,0
159528,0
14285,0
143575,0
114563,0
191004,0
184782,0
20624,0
65390,0
238602,0
147503,0
155961,0
56419,0
124094,0
220293,0
140512,0
186721,0
7608,0
163312,0
199246,0
111624,0
145627,0
185144,0
170705,0
133396,0
108009,0
150795,0
160755,0
176643,0
168655,0
51462,0
55314,0
196912,0
169012,0
103280,0
125884,0
53015,0
15924,0
91146,0
244896,0
229880,0
31525,0
34606,0
191915,0
50306,0
21317,0
217854,0
235549,0
102603,0
168989,0
95261,0
58580,0
228449,0
46226,0
245496,0
198067,0
103926,0
197750,0
148931,0
194281,0
119948,0
213881,0
73831,0
74666,0
74133,0
12114,0
182783,0
138986,0
69410,0
30753,0
25861,0
140615,0
181687,0
62374,0
165310,0
248559,0
192664,0
147016,0
117597,0
203092,0
111223,0
83773,0
173450,0
83196,0
152138,0
183074,0
21370,0
73725,0
244904,0
71390,0
175119,0
120083,0
200445,0
216865,0
205173,0
7486,0
32578,0
63489,0
196191,0
154159,0
215285,0
100384,0
151664,0
159694,0
70810,0
85146,0
82198,0
228605,0
197834,0
1340,0
34440,0
214716,0
56081,0
160900,0
203556,0
49529,0
224876,0
54273,0
174664,0
67022,0
51647,0
156134,0
73347,0
214921,0
161182,0
235457,0
56077,0
10767,0
54506,0
245366,0
123570,0
238487,0
193246,0
114992,0
138974,0
78683,0
160905,0
111494,0
142779,0
238300,0
184927,0
25721,0
4539,0
23689,0
58459,0
134305,0
195901,0
112947,0
180802,0
173467,0
31482,0
237956,0
152596,0
148944,0
3621,0
162765,0
148075,0
58675,0
3001,0
188612,0
50057,0
8384,0
169286,0
129069,0
95513,0
101179,0
166245,0
73983,0
62847,0
171888,0
39461,0
121613,0
106025,0
216333,0
131679,0
77439,0
47080,0
64639,0
29643,0
18869,0
173410,0
161830,0
149904,0
11379,0
105455,0
242373,0
204483,0
49895,0
78910,0
49646,0
72694,0
185712,0
16992,0
117625,0
30280,0
224346,0
150006,0
175417,0
231367,0
172752,0
90088,0
53717,0
169724,0
60072,0
233260,0
92352,0
183936,0
246046,0
227766,0
33663,0
106,0
115243,0
153454,0
176321,0
184751,0
172130,0
226069,0
135954,0
711,0
53052,0
85560,0
151866,0
182249,0
175381,0
30863,0
7922,0
196023,0
239119,0
153337,0
182320,0
13382,0
74909,0
9582,0
156289,0
30131,0
70725,0
160650,0
15435,0
123636,0
153443,0
246057,0
57802,0
101352,0
125763,0
235788,0
14091,0
184274,0
215627,0
162303,0
35978,0
159945,0
81591,0
208802,0
135053,0
189718,0
193390,0
157649,0
79924,0
10239,0
81194,0
249532,0
37572,0
74620,0
185672,0
203566,0
35668,0
91326,0
218604,0
178305,0
47250,0
26786,0
86548,0
9937,0
52189,0
1325,0
32019,0
96303,0
66350,0
49532,0
223384,0
157627,0
191913,0
200889,0
156438,0
158575,0
237886,0
70239,0
45804,0
144242,0
58930,0
3992,0
147999,0
218641,0
219473,0
173517,0
112028,0
146638,0
142484,0
41202,0
166522,0
26238,0
84760,0
138495,0
31421,0
167180,0
226803,0
126334,0
71904,0
177783,0
92299,0
59758,0
194792,0
134840,0
102322,0
32046,0
61806,0
188118,0
170508,0
73887,0
185411,0
176669,0
38955,0
104476,0
80552,0
41820,0
181439,0
589,0
73408,0
104469,0
238034,0
89275,0
66724,0
11599,0
246244,0
90202,0
73986,0
233325,0
191006,0
194014,0
184201,0
145536,0
173109,0
172812,0
64594,0
58154,0
247601,0
132786,0
6335,0
118532,0
219152,0
78644,0
136669,0
231617,0
142514,0
159003,0
123081,0
53397,0
110734,0
105876,0
168426,0
3630,0
66014,0
49702,0
208957,0
246225,0
16143,0
151760,0
207702,0
176925,0
33873,0
200958,0
100169,0
37522,0
69536,0
98179,0
104466,0
68315,0
53526,0
239244,0
179356,0
155372,0
139484,0
191917,0
229251,0
232703,0
108769,0
113309,0
91849,0
96486,0
61828,0
99080,0
133013,0
211580,0
91261,0
78189,0
107230,0
147803,0
194323,0
154416,0
99305,0
179052,0
106524,0
210978,0
203343,0
183044,0
113433,0
99478,0
131950,0
144312,0
127221,0
191468,0
64857,0
136608,0
241630,0
28652,0
85131,0
182689,0
226070,0
109964,0
17141,0
10356,0
59976,0
68906,0
195066,0
42265,0
3479,0
167913,0
151424,0
24738,0
86657,0
201715,0
211880,0
62921,0
146755,0
207373,0
137329,0
56984,0
98209,0
14876,0
224867,0
179686,0
83168,0
172594,0
180410,0
4269,0
132441,0
197041,0
179713,0
118219,0
182474,0
110118,0
174972,0
101129,0
68064,0
105968,0
184109,0
162669,0
127288,0
140273,0
122240,0
229279,0
53555,0
58101,0
204972,0
63433,0
79177,0
169263,0
174896,0
209114,0
76,0
116097,0
164629,0
156860,0
47221,0
151561,0
14302,0
70684,0
12116,0
87452,0
1137,0
58981,0
213595,0
77424,0
76921,0
58404,0
57197,0
17299,0
210692,0
36422,0
40996,0
85611,0
191371,0
121617,0
196889,0
220543,0
207813,0
203139,0
248364,0
29042,0
154597,0
149100,0
148728,0
123039,0
164331,0
27085,0
122558,0
92556,0
127356,0
30057,0
96272,0
8818,0
175073,0
36013,0
204193,0
91259,0
75987,0
68651,0
139976,0
170373,0
124425,0
150207,0
13013,0
177938,0
79236,0
141029,0
142627,0
108075,0
207750,0
201783,0
207252,0
164167,0
236977,0
64168,0
132218,0
190621,0
12825,0
124254,0
96315,0
21262,0
89660,0
72349,0
134329,0
199339,0
23340,0
78955,0
15377,0
196218,0
109905,0
10740,0
204673,0
36932,0
92066,0
33339,0
75368,0
44586,0
7297,0
199237,0
173171,0
165067,0
65868,0
77072,0
120205,0
43581,0
21168,0
242539,0
114950,0
231526,0
48935,0
174172,0
27860,0
148452,0
241586,0
234733,0
37718,0
120510,0
29096,0
229845,0
123331,0
62761,0
222294,0
165668,0
167525,0
175241,0
23470,0
82889,0
154206,0
125364,0
48594,0
186180,0
239890,0
154041,0
171376,0
179647,0
98319,0
7939,0
31038,0
25243,0
147018,0
11777,0
30840,0
17712,0
50988,0
74048,0
50915,0
232593,0
99135,0
167421,0
176406,0
182697,0
235807,0
168472,0
163210,0
243875,0
193261,0
200033,0
127670,0
232452,0
33163,0
45806,0
80050,0
115011,0
151251,0
183129,0
157806,0
55279,0
213531,0
183561,0
20450,0
240743,0
50740,0
117817,0
52370,0
174112,0
74273,0
28627,0
178948,0
107122,0
163419,0
124278,0
236190,0
241751,0
108236,0
78104,0
142840,0
58570,0
20764,0
19051,0
127719,0
113664,0
48983,0
129023,0
177003,0
67373,0
73623,0
93113,0
86172,0
28999,0
232172,0
142586,0
79611,0
149510,0
26586,0
215508,0
193685,0
212147,0
89710,0
112575,0
128587,0
248198,0
29753,0
108655,0
12581,0
92696,0
196155,0
149572,0
167159,0
154634,0
5371,0
164717,0
166618,0
82231,0
89774,0
105207,0
33023,0
75899,0
249146,0
65089,0
225021,0
214865,0
16920,0
215289,0
87308,0
161618,0
154981,0
109431,0
3899,0
236311,0
82595,0
198508,0
95999,0
207155,0
10576,0
22060,0
85499,0
187214,0
210449,0
34240,0
23368,0
152865,0
168734,0
74212,0
154182,0
98438,0
117830,0
60170,0
18234,0
108569,0
142134,0
206372,0
234999,0
245020,0
248717,0
233945,0
153703,0
225580,0
51336,0
197875,0
85158,0
175566,0
162800,0
55796,0
223606,0
220845,0
105627,0
19181,0
175120,0
175009,0
24571,0
217225,0
227172,0
108864,0
9836,0
79578,0
21928,0
73613,0
8277,0
10368,0
247446,0
202065,0
101188,0
208477,0
76833,0
226419,0
14520,0
11533,0
133956,0
175137,0
120620,0
228151,0
81585,0
102110,0
15727,0
143591,0
186111,0
60213,0
178626,0
50181,0
16048,0
216866,0
83151,0
175180,0
127533,0
177495,0
240746,0
122051,0
1711,0
225669,0
246094,0
4480,0
244344,0
247729,0
140116,0
700,0
217566,0
157474,0
88559,0
176290,0
128617,0
121627,0
34975,0
31839,0
113679,0
243496,0
39929,0
208560,0
109851,0
194667,0
81812,0
190958,0
216344,0
180970,0
63859,0
185485,0
237743,0
208683,0
138538,0
243054,0
214276,0
49335,0
62925,0
72919,0
54692,0
231357,0
203440,0
15225,0
32499,0
131657,0
20639,0
139478,0
21229,0
24289,0
153386,0
242042,0
132680,0
75671,0
197837,0
67884,0
78706,0
71374,0
19808,0
49414,0
146901,0
152928,0
74209,0
158592,0
173772,0
121283,0
133804,0
108461,0
240130,0
232340,0
15760,0
181230,0
154959,0
186520,0
39390,0
13610,0
191106,0
90550,0
36657,0
65389,0
126659,0
189676,0
5133,0
205185,0
117645,0
59441,0
177428,0
86135,0
144747,0
5044,0
231626,0
63120,0
97273,0
43683,0
39896,0
125225,0
195076,0
171287,0
83410,0
57957,0
119224,0
24181,0
41779,0
90602,0
21642,0
121621,0
71893,0
139453,0
93611,0
186409,0
213656,0
96942,0
239170,0
80017,0
240996,0
240260,0
229321,0
226322,0
139625,0
74867,0
118312,0
79572,0
157323,0
166349,0
221631,0
173687,0
22143,0
96164,0
9760,0
2956,0
81564,0
219967,0
226332,0
70576,0
231382,0
173944,0
194232,0
182267,0
156342,0
153177,0
213648,0
248709,0
236575,0
126340,0
220021,0
123450,0
58184,0
8815,0
187250,0
59783,0
122855,0
88927,0
205964,0
162272,0
181913,0
22233,0
120912,0
18504,0
178237,0
118945,0
152644,0
143662,0
17419,0
128998,0
676,0
106633,0
64934,0
2367,0
4644,0
222046,0
71669,0
122432,0
9084,0
87575,0
123361,0
173829,0
129302,0
136500,0
211242,0
231917,0
130534,0
104129,0
169789,0
118864,0
145345,0
128453,0
162012,0
120343,0
139302,0
234667,0
167504,0
123933,0
157839,0
165240,0
104553,0
114376,0
110701,0
149733,0
103233,0
221772,0
169529,0
180874,0
138913,0
198449,0
9303,0
245629,0
166864,0
225780,0
16095,0
138167,0
119810,0
107360,0
77951,0
148482,0
122022,0
162681,0
18420,0
8812,0
81450,0
76351,0
124422,0
108904,0
77941,0
210064,0
27549,0
135819,0
203194,0
25590,0
69143,0
16883,0
39372,0
79962,0
97712,0
30705,0
136382,0
222018,0
118855,0
37438,0
163621,0
20198,0
83711,0
213260,0
229305,0
86922,0
133975,0
165112,0
143161,0
154377,0
13470,0
159222,0
191424,0
102440,0
129938,0
136593,0
140140,0
77490,0
113136,0
177538,0
63342,0
238492,0
13216,0
239644,0
228973,0
1977,0
91124,0
119510,0
111511,0
46276,0
78415,0
28581,0
248826,0
239088,0
198049,0
6287,0
193282,0
44289,0
172125,0
86976,0
18175,0
226358,0
3222,0
179564,0
173940,0
175555,0
166580,0
34205,0
154028,0
18751,0
237512,0
15121,0
134688,0
142824,0
97542,0
209069,0
17476,0
136176,0
195435,0
218272,0
177225,0
231561,0
86659,0
38249,0
44947,0
13688,0
141800,0
25048,0
212424,0
3995,0
118465,0
120007,0
204973,0
10094,0
160646,0
57798,0
178545,0
191151,0
202026,0
31805,0
246653,0
150526,0
200933,0
116647,0
180748,0
204509,0
128036,0
5991,0
237078,0
218597,0
185305,0
45171,0
147970,0
122604,0
86112,0
84964,0
41389,0
12601,0
59338,0
70877,0
165237,0
127498,0
123174,0
89328,0
107906,0
232303,0
170196,0
184841,0
236511,0
229456,0
244442,0
245553,0
169878,0
225878,0
155169,0
37240,0
84685,0
82308,0
47104,0
161208,0
221018,0
45243,0
186084,0
239148,0
2880,0
44378,0
217513,0
175199,0
213177,0
87403,0
141640,0
163647,0
99395,0
180821,0
149211,0
104354,0
72320,0
34514,0
218019,0
45629,0
18596,0
21133,0
83694,0
238750,0
173768,0
65472,0
47244,0
117110,0
98833,0
158240,0
62615,0
185438,0
206746,0
194007,0
246544,0
64534,0
182270,0
182893,0
182821,0
227229,0
13540,0
161278,0
20857,0
84889,0
132960,0
209350,0
36715,0
162629,0
176598,0
71631,0
61755,0
82261,0
52248,0
231328,0
44424,0
3564,0
232692,0
38026,0
170166,0
91675,0
162324,0
180144,0
207327,0
57411,0
228001,0
222040,0
35964,0
100818,0
169554,0
119131,0
212549,0
159489,0
132549,0
186242,0
89014,0
76442,0
70667,0
173878,0
2947,0
69869,0
82706,0
249892,0
171237,0
129448,0
145683,0
114342,0
207982,0
111926,0
178226,0
170612,0
62466,0
24933,0
204405,0
206489,0
200877,0
75402,0
223691,0
47518,0
158983,0
25466,0
150112,0
225379,0
48192,0
196863,0
200016,0
26774,0
58600,0
218886,0
236582,0
41275,0
61187,0
156752,0
228907,0
218012,0
148069,0
243146,0
242184,0
99535,0
206801,0
232199,0
192213,0
78050,0
130474,0
34866,0
185370,0
59508,0
107748,0
45758,0
238454,0
140599,0
113387,0
2034,0
172515,0
223631,0
74582,0
215310,0
204108,0
128313,0
36480,0
244285,0
157025,0
219816,0
9135,0
227430,0
31383,0
31726,0
42631,0
36873,0
106648,0
112183,0
123895,0
229433,0
155923,0
109284,0
120434,0
137499,0
3022,0
150572,0
204437,0
241894,0
56498,0
239600,0
107371,0
232149,0
165967,0
243639,0
3457,0
240155,0
193533,0
126395,0
125404,0
209081,0
239282,0
165931,0
248114,0
190492,0
136295,0
21272,0
202540,0
15694,0
145489,0
172963,0
17638,0
113475,0
186840,0
109831,0
137040,0
213002,0
157575,0
192798,0
190166,0
96399,0
201267,0
220833,0
138029,0
34461,0
95699,0
206738,0
155181,0
50708,0
139712,0
239619,0
31893,0
91840,0
241227,0
245099,0
196693,0
30670,0
190636,0
126052,0
16823,0
120193,0
31554,0
41314,0
178166,0
196767,0
188331,0
232733,0
249689,0
228347,0
43263,0
238925,0
62264,0
79266,0
106484,0
58938,0
15831,0
45392,0
1389,0
158168,0
222410,0
180989,0
86947,0
63893,0
184469,0
172723,0
4620,0
54783,0
210688,0
2494,0
148663,0
248848,0
52011,0
44524,0
185667,0
215581,0
86960,0
111002,0
78719,0
166751,0
37152,0
90243,0
193459,0
181621,0
118620,0
6270,0
170109,0
123259,0
32659,0
22907,0
79153,0
203033,0
244179,0
192814,0
120195,0
107951,0
86530,0
180434,0
238210,0
1820,0
231354,0
50365,0
87405,0
48514,0
41773,0
174491,0
93614,0
220860,0
208661,0
63822,0
150270,0
245509,0
136981,0
229582,0
89640,0
104644,0
102917,0
44500,0
95978,0
6058,0
8690,0
122663,0
31672,0
61069,0
152347,0
204100,0
210787,0
154331,0
6075,0
173475,0
14330,0
115312,0
58000,0
57010,0
77893,0
182410,0
152520,0
159847,0
23947,0
153317,0
42487,0
1022,0
239759,0
41727,0
92109,0
65015,0
127012,0
42250,0
171791,0
191071,0
115746,0
80569,0
249109,0
93954,0
95436,0
20512,0
57657,0
26752,0
68377,0
141091,0
99234,0
131574,0
164357,0
164746,0
8750,0
97485,0
27896,0
157432,0
209537,0
22808,0
61680,0
63821,0
178688,0
229317,0
58714,0
169907,0
162890,0
43993,0
145137,0
144319,0
214784,0
247820,0
71832,0
144032,0
241732,0
99300,0
3393,0
122848,0
190734,0
161836,0
160467,0
190317,0
38475,0
209739,0
238330,0
103549,0
151632,0
185943,0
140997,0
146673,0
146650,0
95901,0
51114,0
51675,0
76494,0
63703,0
27853,0
66943,0
135305,0
139350,0
105950,0
246385,0
1962,0
119160,0
217349,0
117894,0
241226,0
10824,0
104715,0
245131,0
216394,0
235975,0
180156,0
95921,0
59579,0
18922,0
193771,0
60553,0
59904,0
75722,0
206519,0
117807,0
178133,0
195844,0
136383,0
151865,0
176670,0
37460,0
142528,0
27444,0
197951,0
233268,0
114986,0
11199,0
82491,0
151575,0
161509,0
84473,0
95276,0
118757,0
62671,0
183372,0
131785,0
29132,0
120110,0
95012,0
41843,0
126329,0
86945,0
189220,0
45249,0
247534,0
44842,0
46626,0
64465,0
196865,0
181474,0
71684,0
44556,0
84887,0
60243,0
236756,0
9252,0
136788,0
35408,0
54089,0
92617,0
120483,0
123238,0
67348,0
76209,0
114720,0
18760,0
79579,0
27052,0
41186,0
198146,0
10383,0
221832,0
45725,0
95298,0
16393,0
120420,0
191265,0
12482,0
37774,0
86243,0
53656,0
100975,0
108128,0
116618,0
77423,0
35681,0
233435,0
46565,0
158722,0
248640,0
54479,0
76657,0
158219,0
56157,0
96511,0
229191,0
144165,0
73624,0
7198,0
219297,0
204460,0
172248,0
106483,0
155303,0
233286,0
126368,0
223955,0
228949,0
139543,0
185568,0
45413,0
69887,0
206338,0
91876,0
117823,0
110096,0
125793,0
140425,0
247288,0
17683,0
230404,0
191286,0
221317,0
175643,0
118782,0
233454,0
97815,0
45770,0
73722,0
94393,0
94820,0
57150,0
35557,0
192549,0
161662,0
221691,0
97928,0
84863,0
127685,0
112017,0
154884,0
2923,0
235510,0
115556,0
100620,0
207093,0
151546,0
96661,0
235393,0
67360,0
192766,0
148383,0
49164,0
200672,0
105376,0
159673,0
213259,0
197608,0
239888,0
200426,0
140654,0
227797,0
164114,0
207728,0
88537,0
6418,0
124300,0
136801,0
173674,0
203809,0
21243,0
219868,0
24286,0
17460,0
183810,0
43602,0
151038,0
89539,0
200595,0
7947,0
237170,0
56380,0
97963,0
36621,0
15228,0
105225,0
219537,0
164284,0
5428,0
249989,0
195598,0
133081,0
110968,0
195925,0
242962,0
80386,0
201472,0
191694,0
103559,0
205966,0
231139,0
182619,0
189318,0
30334,0
159443,0
157202,0
186664,0
205169,0
116692,0
46310,0
4132,0
229037,0
229824,0
50155,0
91883,0
248444,0
122421,0
155771,0
23588,0
246072,0
100375,0
190412,0
73359,0
223103,0
15236,0
247656,0
32238,0
74544,0
68303,0
220623,0
137865,0
40634,0
73300,0
76896,0
98070,0
83142,0
209429,0
149246,0
139529,0
45173,0
25004,0
210167,0
124815,0
181141,0
82166,0
71594,0
129547,0
218943,0
100081,0
168613,0
215106,0
245969,0
93041,0
221277,0
79005,0
167838,0
61676,0
181806,0
200392,0
123242,0
227106,0
223532,0
118260,0
35883,0
162535,0
114907,0
148789,0
78621,0
127341,0
125072,0
57099,0
241255,0
147928,0
236833,0
236183,0
107538,0
147307,0
215223,0
170877,0
26707,0
176993,0
123779,0
108448,0
16042,0
152146,0
91758,0
147170,0
93224,0
225877,0
82351,0
108661,0
88285,0
20035,0
230330,0
174454,0
60448,0
92110,0
80961,0
78560,0
239854,0
242537,0
100439,0
229736,0
192198,0
120556,0
91306,0
239319,0
86128,0
192172,0
104707,0
181674,0
57946,0
16435,0
110242,0
248158,0
179429,0
159628,0
196202,0
139181,0
66530,0
197866,0
109465,0
160760,0
169929,0
92255,0
59960,0
72580,0
184985,0
244814,0
228277,0
192059,0
7742,0
148264,0
14273,0
18213,0
206693,0
58284,0
242134,0
203059,0
55512,0
219149,0
139955,0
150895,0
38854,0
232236,0
116517,0
13988,0
166917,0
100629,0
130760,0
128339,0
27244,0
146128,0
219113,0
104724,0
42638,0
206637,0
191425,0
151959,0
32986,0
15827,0
76923,0
14764,0
85601,0
178481,0
186421,0
117022,0
88472,0
238717,0
86275,0
167959,0
122991,0
206859,0
83649,0
249949,0
193729,0
29886,0
177044,0
117852,0
170262,0
246237,0
129325,0
245832,0
46345,0
87850,0
21900,0
246205,0
50381,0
78428,0
122476,0
239193,0
109504,0
11274,0
135576,0
14473,0
24823,0
193388,0
178536,0
100512,0
195554,0
70095,0
57400,0
178892,0
172829,0
135742,0
71555,0
32181,0
115588,0
230007,0
44611,0
185091,0
231517,0
123866,0
117882,0
151528,0
166785,0
64331,0
140524,0
186420,0
198634,0
8383,0
32490,0
117813,0
178859,0
42093,0
237564,0
123071,0
223802,0
133408,0
56501,0
26217,0
57595,0
190293,0
179174,0
211895,0
78013,0
225139,0
47532,0
164347,0
181701,0
155300,0
227012,0
23324,0
152421,0
163022,0
31,0
125960,0
93792,0
77717,0
216024,0
192383,0
29922,0
183855,0
28841,0
147738,0
44292,0
241315,0
218751,0
40432,0
195363,0
24382,0
62834,0
237987,0
144207,0
243974,0
185803,0
23146,0
36816,0
120475,0
210076,0
43349,0
223591,0
190825,0
148481,0
63863,0
40114,0
192655,0
20987,0
102698,0
238317,0
12556,0
201711,0
76428,0
71596,0
37904,0
62481,0
39831,0
108766,0
215125,0
47583,0
205669,0
239553,0
132204,0
105837,0
38590,0
33671,0
218420,0
108446,0
214138,0
212908,0
37520,0
109560,0
62869,0
106976,0
176736,0
174258,0
135545,0
219352,0
165592,0
65683,0
203936,0
41890,0
172497,0
26227,0
137205,0
28271,0
4169,0
6114,0
233678,0
65977,0
185445,0
236673,0
51562,0
69099,0
105027,0
152101,0
96545,0
30886,0
118673,0
90700,0
187955,0
60029,0
112593,0
242726,0
183100,0
210662,0
167185,0
157299,0
43528,0
176713,0
124728,0
84962,0
55068,0
124732,0
226471,0
19756,0
234902,0
61335,0
183740,0
77145,0
81367,0
118367,0
227046,0
95991,0
50810,0
20903,0
158299,0
233368,0
6339,0
216029,0
17977,0
160524,0
179270,0
24030,0
101377,0
117568,0
122208,0
24786,0
211548,0
7442,0
159659,0
134062,0
82652,0
201608,0
69691,0
125694,0
75649,0
109483,0
28348,0
182674,0
29903,0
69661,0
199942,0
17406,0
91057,0
76139,0
63439,0
180010,0
206136,0
224479,0
191009,0
85451,0
201732,0
83246,0
40897,0
247008,0
65076,0
80259,0
141953,0
23467,0
249898,0
42004,0
184015,0
142516,0
192842,0
174488,0
171552,0
39506,0
107331,0
42544,0
163972,0
73668,0
176153,0
36394,0
59659,0
232681,0
240992,0
76936,0
24400,0
59433,0
12080,0
26251,0
37776,0
162788,0
187062,0
239315,0
228558,0
164887,0
247659,0
116301,0
235689,0
66390,0
197886,0
42996,0
59594,0
159777,0
13870,0
187878,0
123119,0
208120,0
216881,0
130440,0
141946,0
224157,0
119066,0
146317,0
54385,0
3161,0
84602,0
228906,0
246938,0
116610,0
158568,0
134228,0
225749,0
46672,0
171164,0
232788,0
230718,0
150805,0
160512,0
138338,0
89009,0
174720,0
167104,0
202250,0
39965,0
194952,0
75089,0
23246,0
108250,0
220301,0
12572,0
14404,0
17239,0
144159,0
137514,0
198005,0
48251,0
182269,0
214222,0
31956,0
185303,0
20246,0
8390,0
117361,0
9915,0
242565,0
248747,0
98748,0
44298,0
199368,0
246942,0
166046,0
199325,0
64329,0
18838,0
37022,0
2148,0
57680,0
224986,0
140040,0
234261,0
172439,0
192195,0
75444,0
81934,0
152020,0
218057,0
243989,0
158106,0
68967,0
170082,0
42117,0
151075,0
165537,0
139439,0
65948,0
113597,0
169783,0
111964,0
29156,0
80997,0
211353,0
242735,0
124435,0
233897,0
195058,0
67520,0
121058,0
234305,0
222759,0
120125,0
189293,0
90893,0
189628,0
198225,0
88793,0
111978,0
174855,0
95540,0
66515,0
134239,0
87961,0
158039,0
173932,0
213199,0
98542,0
56032,0
184160,0
56526,0
239015,0
20175,0
183958,0
199476,0
75863,0
146818,0
124793,0
186962,0
44706,0
214831,0
57493,0
134820,0
150080,0
139000,0
212053,0
237659,0
124571,0
103346,0
149108,0
247699,0
210333,0
189675,0
59280,0
10845,0
7627,0
231394,0
187361,0
114978,0
181244,0
249401,0
201676,0
144898,0
160594,0
112249,0
181599,0
139086,0
105962,0
210108,0
167301,0
190430,0
159834,0
39311,0
213983,0
218137,0
204963,0
117714,0
164803,0
30410,0
151823,0
43242,0
151242,0
108665,0
6526,0
97986,0
129407,0
178249,0
212042,0
200226,0
79669,0
78303,0
152427,0
238944,0
230288,0
131475,0
73766,0
80842,0
97684,0
201730,0
80951,0
69970,0
39639,0
123876,0
126369,0
217668,0
43502,0
106729,0
160342,0
167641,0
34565,0
234547,0
228706,0
64295,0
186713,0
232702,0
134652,0
203553,0
7077,0
120796,0
191139,0
113482,0
95570,0
150022,0
120290,0
111907,0
162634,0
159247,0
78100,0
196319,0
126925,0
177016,0
23286,0
237267,0
18886,0
74428,0
249141,0
146639,0
3947,0
182967,0
204508,0
223439,0
231211,0
19018,0
176219,0
66032,0
201918,0
72490,0
13286,0
124543,0
136864,0
113203,0
208275,0
33137,0
70752,0
57195,0
162612,0
194754,0
166718,0
181970,0
138436,0
25016,0
176364,0
41316,0
96119,0
51819,0
138343,0
210414,0
51692,0
119935,0
165429,0
78460,0
35087,0
114924,0
71056,0
68780,0
221276,0
193983,0
50340,0
175397,0
130471,0
97109,0
73562,0
15627,0
209636,0
70636,0
207909,0
71006,0
228061,0
102387,0
207423,0
134131,0
158513,0
185613,0
33035,0
144009,0
56688,0
46796,0
104075,0
21320,0
213196,0
52678,0
230018,0
23863,0
99587,0
77921,0
119009,0
228732,0
193971,0
86220,0
104147,0
140098,0
66882,0
102805,0
95517,0
176332,0
36231,0
218798,0
54048,0
33042,0
31512,0
163845,0
63665,0
158642,0
121591,0
201780,0
129738,0
199240,0
21812,0
56823,0
57337,0
222429,0
20513,0
241384,0
129334,0
113779,0
46112,0
87126,0
17858,0
148247,0
12408,0
84503,0
117604,0
63030,0
182204,0
105196,0
32845,0
91668,0
128739,0
158043,0
11280,0
45222,0
142773,0
175467,0
109552,0
206169,0
83287,0
194668,0
112253,0
77111,0
128837,0
59298,0
226381,0
249508,0
116599,0
111678,0
74742,0
232416,0
14776,0
67365,0
72475,0
113445,0
191639,0
144685,0
201521,0
192905,0
234774,0
105220,0
134976,0
191068,0
147047,0
173120,0
142052,0
136580,0
27434,0
227559,0
133087,0
183820,0
40901,0
100747,0
20746,0
249889,0
199518,0
139725,0
36006,0
83948,0
49762,0
9092,0
228522,0
68808,0
145478,0
214365,0
123382,0
246539,0
60508,0
185018,0
203486,0
237562,0
112523,0
9922,0
167338,0
116653,0
84078,0
73045,0
79301,0
143459,0
136573,0
55895,0
244989,0
193427,0
190749,0
183733,0
67217,0
148649,0
149474,0
178604,0
205638,0
207874,0
192465,0
176964,0
23288,0
7622,0
42540,0
165540,0
117716,0
47458,0
94958,0
114729,0
82736,0
78849,0
159994,0
64659,0
95283,0
5979,0
61944,0
146039,0
121011,0
16439,0
123955,0
125840,0
236852,0
165703,0
205442,0
173662,0
227965,0
68726,0
15865,0
70101,0
141480,0
8317,0
78432,0
57925,0
101434,0
156851,0
110300,0
242959,0
236105,0
130266,0
190154,0
88655,0
74594,0
41370,0
1077,0
76237,0
57974,0
87543,0
197909,0
249083,0
238491,0
82783,0
161343,0
194468,0
154647,0
33703,0
231202,0
199310,0
79093,0
76118,0
21030,0
188374,0
204339,0
95904,0
224353,0
119506,0
246086,0
196378,0
197174,0
53128,0
246603,0
240664,0
96206,0
82695,0
71432,0
108907,0
93172,0
216435,0
206561,0
237933,0
149069,0
64473,0
190155,0
212215,0
117914,0
126422,0
198773,0
73177,0
29064,0
66011,0
19550,0
221553,0
209904,0
138722,0
14900,0
16902,0
3129,0
15937,0
87113,0
97833,0
137772,0
140951,0
111530,0
223951,0
206027,0
102560,0
8222,0
213243,0
168045,0
74946,0
230947,0
67994,0
57694,0
164110,0
239796,0
30485,0
114583,0
169197,0
216276,0
29667,0
53091,0
25859,0
74074,0
136168,0
40974,0
118635,0
11606,0
155602,0
5254,0
155094,0
128799,0
81672,0
226623,0
57743,0
207865,0
209459,0
161360,0
223487,0
35905,0
11964,0
73890,0
43857,0
22326,0
179773,0
88271,0
54753,0
174873,0
115835,0
29759,0
207263,0
184176,0
224163,0
218957,0
173640,0
120911,0
247663,0
130622,0
243348,0
223021,0
200196,0
122607,0
1143,0
37241,0
99583,0
95060,0
223111,0
66020,0
185173,0
44614,0
3211,0
227051,0
139217,0
146347,0
204434,0
142396,0
209877,0
139913,0
163574,0
197450,0
142706,0
90122,0
96098,0
119995,0
141081,0
121821,0
209345,0
238075,0
123558,0
90342,0
174167,0
94042,0
23207,0
33700,0
198120,0
55979,0
2974,0
34181,0
169060,0
177627,0
143726,0
187659,0
210801,0
75027,0
116346,0
59670,0
94214,0
202002,0
243226,0
163267,0
218072,0
183715,0
175583,0
213389,0
161411,0
236191,0
135127,0
35220,0
125632,0
8440,0
42832,0
106157,0
63017,0
81343,0
241528,0
193145,0
34290,0
27142,0
162944,0
11689,0
231214,0
227785,0
158570,0
120571,0
163091,0
168524,0
68996,0
213253,0
110985,0
108678,0
209894,0
231888,0
89703,0
141160,0
76991,0
48905,0
144864,0
184592,0
77412,0
162251,0
108919,0
35181,0
49332,0
129678,0
32197,0
86490,0
213764,0
17304,0
27917,0
147302,0
105765,0
58428,0
163620,0
57559,0
232167,0
1387,0
137991,0
7178,0
65626,0
234425,0
36583,0
44025,0
1260,0
6850,0
42102,0
120875,0
74700,0
73882,0
225199,0
175185,0
38527,0
121023,0
48083,0
14583,0
191456,0
34315,0
74568,0
51509,0
164604,0
137081,0
52737,0
240820,0
199765,0
192771,0
207135,0
242356,0
161229,0
192501,0
99274,0
89420,0
123999,0
132513,0
10480,0
207489,0
81822,0
77758,0
159712,0
72849,0
125686,0
202424,0
79473,0
131009,0
206569,0
117162,0
28650,0
114887,0
176685,0
169980,0
26332,0
143657,0
205829,0
83170,0
33816,0
200775,0
177362,0
62965,0
44098,0
182762,0
15782,0
161869,0
165044,0
168988,0
192945,0
57869,0
147221,0
227863,0
120303,0
3180,0
157710,0
220991,0
212327,0
36463,0
59564,0
224076,0
67886,0
214930,0
97296,0
45063,0
236830,0
95844,0
246144,0
121092,0
147257,0
191188,0
216935,0
102053,0
143672,0
185755,0
220563,0
76293,0
48775,0
133963,0
28137,0
177015,0
69167,0
149922,0
7752,0
96041,0
143390,0
239837,0
147300,0
178704,0
216329,0
165455,0
101842,0
167197,0
100470,0
51722,0
240561,0
139412,0
163759,0
66353,0
152224,0
215271,0
40804,0
68680,0
19605,0
132209,0
193593,0
82884,0
55899,0
222349,0
209265,0
201451,0
161219,0
81325,0
238941,0
192582,0
209851,0
308,0
116669,0
240491,0
107943,0
172482,0
170407,0
98374,0
109685,0
221869,0
27589,0
90632,0
40936,0
121846,0
244454,0
183900,0
106059,0
199526,0
21356,0
247278,0
190336,0
66625,0
119103,0
27002,0
132074,0
146913,0
94185,0
119775,0
197275,0
180287,0
171603,0
143554,0
2436,0
228817,0
23976,0
30665,0
99046,0
221235,0
110193,0
163243,0
63706,0
235112,0
51229,0
119419,0
200864,0
85901,0
91550,0
4232,0
171321,0
90208,0
245095,0
11589,0
242617,0
91538,0
152450,0
133543,0
95603,0
10365,0
203089,0
205547,0
248156,0
197263,0
241632,0
161419,0
16295,0
37188,0
193137,0
189957,0
71080,0
55081,0
197325,0
63169,0
199560,0
100711,0
180502,0
244868,0
84779,0
154939,0
163858,0
15113,0
56548,0
226003,0
8516,0
9544,0
105797,0
29619,0
156900,0
233936,0
135522,0
60144,0
133654,0
44600,0
63070,0
71620,0
800,0
130341,0
33569,0
140876,0
203491,0
81791,0
207943,0
27294,0
118917,0
2207,0
245688,0
58654,0
197024,0
115748,0
50288,0
83077,0
134956,0
232127,0
130852,0
176237,0
151273,0
43509,0
197414,0
231223,0
70096,0
119916,0
216027,0
102268,0
163641,0
184444,0
70611,0
51082,0
36511,0
89400,0
44585,0
227923,0
123424,0
42312,0
128034,0
45346,0
119988,0
177177,0
117133,0
140165,0
231216,0
189503,0
176345,0
200965,0
75212,0
78666,0
242148,0
23333,0
20805,0
225589,0
178960,0
123349,0
77007,0
117052,0
151590,0
172385,0
159825,0
136328,0
160658,0
203417,0
75019,0
164103,0
71184,0
12548,0
134946,0
111268,0
90658,0
12216,0
239061,0
112407,0
93543,0
80217,0
159337,0
214352,0
166453,0
206943,0
6484,0
23797,0
62650,0
20952,0
63990,0
242868,0
30952,0
102045,0
92037,0
103643,0
163141,0
197249,0
168282,0
95069,0
77209,0
125962,0
200403,0
225488,0
179554,0
165770,0
31784,0
56095,0
40873,0
168047,0
168628,0
118317,0
145054,0
49664,0
119514,0
166221,0
120852,0
158356,0
10827,0
60864,0
82510,0
151731,0
202961,0
88969,0
236332,0
81452,0
185130,0
15798,0
82718,0
11339,0
114993,0
47412,0
120153,0
49251,0
249789,0
126185,0
38444,0
1842,0
157571,0
134344,0
16137,0
212647,0
176116,0
232839,0
188669,0
74413,0
184629,0
236266,0
159656,0
39085,0
54685,0
178600,0
27223,0
29628,0
20669,0
228266,0
71618,0
26304,0
38847,0
12609,0
184493,0
135498,0
97603,0
203521,0
67277,0
81923,0
15645,0
60826,0
229510,0
95471,0
87815,0
195373,0
206768,0
51668,0
43832,0
17652,0
172058,0
44848,0
58680,0
156930,0
71577,0
241758,0
69262,0
44355,0
244351,0
30009,0
245155,0
46745,0
2505,0
172158,0
244449,0
87195,0
153725,0
72600,0
114131,0
22630,0
39006,0
1070,0
186679,0
200691,0
106612,0
242760,0
133266,0
161474,0
80948,0
196866,0
116420,0
222663,0
128114,0
69943,0
11545,0
15069,0
146923,0
141085,0
9144,0
40366,0
193914,0
104547,0
6945,0
152066,0
121989,0
68855,0
65508,0
154870,0
85086,0
64410,0
226047,0
53039,0
114356,0
231358,0
73798,0
234907,0
8980,0
171892,0
53851,0
53061,0
24462,0
82350,0
12484,0
183663,0
104548,0
80183,0
240111,0
100820,0
138362,0
203000,0
145330,0
119543,0
214654,0
204471,0
141666,0
91106,0
40771,0
187297,0
13464,0
23709,0
143872,0
154100,0
14857,0
220789,0
63132,0
34427,0
237726,0
84620,0
147720,0
213719,0
111632,0
121895,0
156340,0
56046,0
194170,0
111152,0
128815,0
21372,0
25841,0
97635,0
92778,0
102504,0
119671,0
106765,0
66303,0
53911,0
110496,0
114737,0
73162,0
183923,0
153534,0
238707,0
145831,0
222232,0
54243,0
95122,0
41332,0
120309,0
24146,0
247066,0
190173,0
207325,0
75991,0
194544,0
153677,0
187543,0
142071,0
208744,0
238362,0
74154,0
226189,0
146951,0
114568,0
108503,0
200304,0
172919,0
146376,0
3789,0
191246,0
57693,0
233278,0
152092,0
222659,0
32849,0
237024,0
166652,0
183971,0
228337,0
123,0
76783,0
176042,0
169367,0
249922,0
190303,0
92951,0
72070,0
149971,0
81677,0
74811,0
205895,0
40438,0
116510,0
65737,0
178541,0
19145,0
132591,0
43962,0
147838,0
5095,0
50953,0
108928,0
20825,0
238341,0
117931,0
65357,0
27107,0
57123,0
146698,0
45089,0
175371,0
104321,0
138794,0
174332,0
225703,0
41654,0
41197,0
158915,0
83539,0
169947,0
198431,0
40659,0
6296,0
11122,0
134235,0
84977,0
59326,0
114085,0
177150,0
221077,0
197192,0
25222,0
86225,0
64983,0
5374,0
158636,0
245763,0
35698,0
53004,0
64900,0
139905,0
150724,0
40086,0
35639,0
73104,0
109887,0
58003,0
101207,0
52931,0
203483,0
58127,0
220101,0
4874,0
21344,0
180248,0
166935,0
233011,0
86508,0
19670,0
95813,0
137203,0
26203,0
26229,0
118221,0
168575,0
184551,0
128405,0
165175,0
30965,0
216269,0
233076,0
115954,0
125879,0
47618,0
116090,0
215902,0
114051,0
145238,0
225886,0
110767,0
139004,0
222027,0
202436,0
127847,0
63943,0
85250,0
72993,0
50284,0
29021,0
82366,0
194707,0
196847,0
90437,0
175586,0
192571,0
14340,0
107075,0
146549,0
209848,0
155726,0
159512,0
92893,0
231698,0
143325,0
169467,0
200528,0
103899,0
32772,0
101382,0
119789,0
181639,0
217139,0
86103,0
199828,0
183591,0
152037,0
44761,0
138673,0
158936,0
175730,0
53670,0
78956,0
212033,0
146860,0
37567,0
186779,0
10553,0
115305,0
59774,0
215873,0
96578,0
53807,0
244661,0
171072,0
246085,0
65617,0
181751,0
105855,0
221058,0
135165,0
125841,0
19862,0
130667,0
123235,0
88593,0
91020,0
101214,0
73081,0
212766,0
113617,0
104160,0
63967,0
99325,0
228904,0
83472,0
170649,0
225489,0
3946,0
37518,0
95845,0
229265,0
94050,0
98043,0
162383,0
247321,0
72359,0
164558,0
42010,0
223340,0
151359,0
74906,0
95136,0
91344,0
145184,0
154740,0
129833,0
6054,0
159732,0
31820,0
45387,0
145545,0
104991,0
122299,0
56220,0
160810,0
46502,0
179567,0
81640,0
171904,0
200247,0
200905,0
64593,0
1430,0
231829,0
95891,0
231839,0
86822,0
183108,0
138796,0
239039,0
158139,0
117041,0
89094,0
78640,0
223762,0
77334,0
61218,0
193811,0
189255,0
129910,0
19916,0
222245,0
189299,0
82027,0
133303,0
241168,0
176970,0
226343,0
156165,0
6383,0
139286,0
89071,0
165916,0
74479,0
79798,0
224683,0
220711,0
200767,0
216536,0
99276,0
37857,0
64374,0
245806,0
53856,0
136234,0
231420,0
111596,0
125776,0
21282,0
52013,0
241724,0
108341,0
178013,0
209073,0
151496,0
9570,0
156062,0
227622,0
114483,0
88576,0
96965,0
113237,0
11045,0
14194,0
149164,0
121848,0
236760,0
239896,0
242685,0
248787,0
87918,0
222927,0
242861,0
213672,0
162613,0
112803,0
162959,0
73999,0
165373,0
10415,0
242669,0
88725,0
211505,0
152804,0
123121,0
189615,0
72424,0
205772,0
205773,0
220222,0
96392,0
177560,0
154616,0
118393,0
205906,0
1134,0
189730,0
57915,0
29763,0
41404,0
184672,0
174931,0
157199,0
71938,0
213802,0
161543,0
90294,0
72236,0
98732,0
164994,0
241574,0
139785,0
67581,0
36666,0
79248,0
192942,0
171032,0
125906,0
136601,0
156947,0
130995,0
49210,0
4224,0
118293,0
127353,0
354,0
162287,0
172049,0
3102,0
46284,0
52542,0
233111,0
14188,0
241836,0
87277,0
230340,0
241781,0
224620,0
222934,0
51260,0
231567,0
209559,0
39113,0
100908,0
219605,0
108450,0
117238,0
235412,0
168232,0
40346,0
203750,0
55775,0
27600,0
228169,0
133721,0
230244,0
130638,0
5541,0
221944,0
37366,0
98333,0
9188,0
158071,0
176859,0
123318,0
200378,0
26773,0
163892,0
175810,0
27061,0
197774,0
48255,0
144782,0
7685,0
88415,0
109439,0
119889,0
135176,0
117735,0
77284,0
152650,0
219576,0
205447,0
17132,0
120091,0
246256,0
11738,0
164687,0
240320,0
122138,0
99682,0
125891,0
141896,0
219260,0
122167,0
4189,0
175572,0
86874,0
241381,0
15159,0
797,0
238843,0
73250,0
157166,0
172798,0
44478,0
200303,0
158220,0
138842,0
38048,0
52789,0
100224,0
99852,0
86831,0
37746,0
35923,0
227992,0
130245,0
137177,0
206916,0
221044,0
246366,0
185650,0
229535,0
28793,0
189700,0
226709,0
206647,0
17649,0
246674,0
112667,0
58960,0
188260,0
50025,0
159153,0
108085,0
176101,0
91042,0
74461,0
200038,0
239805,0
194091,0
28382,0
128952,0
2381,0
220308,0
164207,0
119878,0
242587,0
110811,0
159621,0
123948,0
208673,0
232170,0
16160,0
191649,0
36663,0
154045,0
13120,0
22001,0
4597,0
78015,0
195594,0
24270,0
17818,0
125331,0
106793,0
190299,0
222581,0
71464,0
80862,0
65765,0
3099,0
114551,0
54727,0
16901,0
183408,0
221529,0
68220,0
188764,0
231805,0
161578,0
59988,0
46572,0
25100,0
139802,0
238804,0
189577,0
125465,0
157919,0
172944,0
172040,0
196248,0
38004,0
120028,0
238120,0
4548,0
142160,0
206669,0
70357,0
143455,0
114799,0
14279,0
21697,0
195852,0
154131,0
132440,0
30189,0
23630,0
150383,0
125042,0
119202,0
195399,0
38549,0
106574,0
158707,0
177755,0
161059,0
220260,0
95509,0
28392,0
178606,0
174089,0
207025,0
66369,0
38978,0
136360,0
129856,0
135119,0
74586,0
135179,0
202817,0
188834,0
187273,0
50166,0
15580,0
74915,0
72792,0
162649,0
210139,0
208066,0
48209,0
55764,0
219021,0
238531,0
90908,0
238658,0
166535,0
42857,0
62813,0
174716,0
198242,0
175597,0
126712,0
154990,0
58494,0
38781,0
48350,0
99841,0
88872,0
117403,0
168919,0
185403,0
12430,0
32484,0
187117,0
71283,0
227347,0
234519,0
224461,0
14028,0
152111,0
118415,0
109167,0
205006,0
26546,0
66077,0
53658,0
200907,0
170014,0
10536,0
149622,0
216166,0
51679,0
102389,0
19007,0
122642,0
229907,0
233910,0
79122,0
76817,0
92414,0
11886,0
26267,0
192179,0
75221,0
52167,0
65238,0
69949,0
153795,0
173249,0
103123,0
90582,0
149173,0
194395,0
208948,0
32213,0
41137,0
164277,0
154055,0
3181,0
50196,0
116316,0
194146,0
106580,0
119325,0
117435,0
133003,0
185887,0
229551,0
114429,0
52351,0
107525,0
62517,0
192989,0
114859,0
228823,0
78410,0
10298,0
102875,0
170418,0
206134,0
202920,0
145601,0
88033,0
101586,0
187785,0
145247,0
102612,0
37652,0
58331,0
69364,0
61310,0
181833,0
12068,0
212216,0
43656,0
229890,0
210368,0
180211,0
149713,0
22481,0
184499,0
76156,0
16103,0
36039,0
35025,0
174433,0
85957,0
37072,0
61937,0
207468,0
22719,0
181345,0
173891,0
95211,0
192156,0
7367,0
205263,0
29524,0
76379,0
177521,0
76059,0
79300,0
117443,0
96304,0
173993,0
97792,0
119184,0
184715,0
62940,0
31290,0
24072,0
130578,0
178902,0
225204,0
117429,0
176102,0
90916,0
152016,0
117343,0
177158,0
201309,0
239902,0
116115,0
164618,0
229200,0
96405,0
158316,0
143804,0
288,0
120396,0
204564,0
147455,0
228240,0
84649,0
165776,0
96679,0
206849,0
206680,0
80122,0
220839,0
145022,0
175243,0
134180,0
225274,0
60474,0
63905,0
48841,0
155027,0
100291,0
47335,0
242409,0
81329,0
212567,0
77616,0
111859,0
60868,0
41341,0
1107,0
27165,0
178516,0
202394,0
200769,0
212958,0
194988,0
77291,0
70078,0
241980,0
122010,0
133419,0
170315,0
161976,0
190577,0
104825,0
234849,0
157544,0
17142,0
205334,0
231067,0
188463,0
223534,0
145135,0
46649,0
142716,0
183093,0
102706,0
143928,0
165378,0
130898,0
225655,0
31769,0
31176,0
240952,0
241501,0
225417,0
37505,0
6503,0
14784,0
116983,0
155209,0
85466,0
182326,0
12138,0
55938,0
160714,0
59553,0
93132,0
75960,0
125324,0
57561,0
223334,0
195866,0
73070,0
45276,0
230734,0
244051,0
159722,0
132789,0
193264,0
158531,0
120861,0
49776,0
1549,0
145221,0
38242,0
219990,0
11833,0
212021,0
70932,0
32950,0
242885,0
108468,0
176847,0
44358,0
126520,0
187502,0
230680,0
126094,0
14138,0
176063,0
172810,0
149163,0
27233,0
46916,0
153521,0
96695,0
8523,0
200620,0
38522,0
208095,0
8950,0
244309,0
221479,0
82034,0
244461,0
238271,0
47403,0
185874,0
43166,0
193451,0
213685,0
6833,0
81190,0
171809,0
160195,0
210078,0
227514,0
100662,0
203725,0
24847,0
135302,0
21729,0
59756,0
170466,0
72700,0
147166,0
40066,0
20359,0
125357,0
199780,0
91904,0
32752,0
209659,0
97325,0
125283,0
219683,0
89171,0
173511,0
223715,0
239267,0
2225,0
180705,0
119270,0
212457,0
154833,0
99870,0
77867,0
30648,0
146571,0
35750,0
167645,0
62388,0
142881,0
99166,0
80660,0
107860,0
32081,0
96750,0
244432,0
41934,0
189438,0
159404,0
147413,0
233833,0
85384,0
179258,0
66615,0
188949,0
91670,0
119984,0
51856,0
166274,0
140523,0
11098,0
214065,0
220391,0
99914,0
60439,0
248664,0
241744,0
211483,0
94161,0
210836,0
8590,0
161786,0
92992,0
35728,0
193386,0
245862,0
130916,0
247501,0
150202,0
61545,0
53720,0
124757,0
107379,0
70720,0
230904,0
116731,0
47212,0
200497,0
196482,0
164126,0
112320,0
219213,0
87244,0
147779,0
33936,0
7360,0
236032,0
232578,0
48168,0
123537,0
78645,0
52531,0
2037,0
237931,0
87082,0
206060,0
90362,0
70566,0
104581,0
242436,0
171005,0
148229,0
15440,0
169027,0
138281,0
241851,0
58166,0
221974,0
138810,0
229187,0
148857,0
134023,0
91110,0
24854,0
198142,0
21088,0
77915,0
28706,0
94109,0
189132,0
157594,0
104086,0
213452,0
138302,0
44479,0
80594,0
16646,0
225815,0
165093,0
108789,0
75339,0
149237,0
128735,0
127862,0
238467,0
53604,0
220081,0
31746,0
151037,0
73026,0
29901,0
190490,0
80503,0
17000,0
230421,0
148642,0
179597,0
20222,0
180518,0
149191,0
180306,0
94026,0
228783,0
238344,0
116943,0
168028,0
39663,0
160225,0
48518,0
194369,0
117635,0
116029,0
172603,0
63793,0
77276,0
2575,0
58890,0
248554,0
158115,0
208600,0
125988,0
12270,0
55997,0
208939,0
100790,0
29372,0
249502,0
222939,0
129092,0
236784,0
7180,0
53461,0
130947,0
44872,0
157492,0
176121,0
73824,0
228274,0
225675,0
185262,0
55416,0
154207,0
5571,0
130214,0
20091,0
113426,0
30683,0
157709,0
106496,0
28823,0
23979,0
155448,0
29343,0
114101,0
67901,0
196413,0
175344,0
53129,0
181750,0
225428,0
23458,0
139624,0
119624,0
203932,0
215787,0
119500,0
222817,0
241833,0
42839,0
126694,0
108094,0
227094,0
63370,0
77210,0
144048,0
186124,0
167850,0
93043,0
13061,0
120696,0
86154,0
8169,0
163523,0
76383,0
182072,0
8672,0
52093,0
212578,0
153166,0
21040,0
146837,0
41769,0
105568,0
244067,0
25183,0
235364,0
111609,0
90954,0
60449,0
191539,0
36033,0
137001,0
166741,0
142192,0
21005,0
177615,0
246301,0
63127,0
157849,0
105189,0
113894,0
150519,0
145488,0
42088,0
245931,0
116899,0
14854,0
76062,0
46141,0
169589,0
153768,0
247232,0
146761,0
231079,0
79319,0
130925,0
155175,0
70093,0
108739,0
201031,0
109224,0
133362,0
98587,0
145646,0
141243,0
225734,0
88369,0
53593,0
62210,0
53799,0
176996,0
10414,0
95302,0
168441,0
79893,0
161191,0
37790,0
98899,0
55894,0
74829,0
94986,0
156130,0
225272,0
106088,0
8123,0
98033,0
184661,0
236439,0
96947,0
222136,0
78276,0
29388,0
79666,0
26892,0
138008,0
216793,0
7445,0
51903,0
134912,0
204912,0
224885,0
98451,0
132387,0
240203,0
81246,0
43114,0
197562,0
248127,0
238338,0
148739,0
205381,0
53876,0
43425,0
220158,0
234752,0
76384,0
221585,0
178194,0
142592,0
169398,0
25455,0
162926,0
136651,0
173600,0
199289,0
234846,0
172767,0
147055,0
211642,0
124690,0
57481,0
105952,0
57032,0
124346,0
176441,0
74871,0
125348,0
133887,0
129711,0
40040,0
61325,0
102659,0
123875,0
69983,0
75125,0
185974,0
71544,0
118444,0
154958,0
160707,0
144193,0
131328,0
2743,0
241481,0
110358,0
150360,0
151422,0
128315,0
77808,0
3553,0
78791,0
220406,0
154907,0
140627,0
170674,0
227537,0
240201,0
188555,0
208629,0
124490,0
122316,0
87665,0
79337,0
132946,0
106084,0
76950,0
9579,0
2672,0
85177,0
223976,0
222277,0
147971,0
227526,0
76507,0
98461,0
166756,0
31003,0
120191,0
146643,0
220426,0
244326,0
152902,0
210426,0
120459,0
97257,0
248192,0
219670,0
53599,0
171815,0
176415,0
178711,0
138258,0
227837,0
30262,0
232764,0
205178,0
27750,0
41396,0
98949,0
111028,0
209514,0
5099,0
107543,0
67979,0
126510,0
136679,0
187320,0
124992,0
117719,0
176537,0
80939,0
241666,0
215580,0
203522,0
105954,0
88489,0
228376,0
188453,0
119906,0
60634,0
72340,0
216596,0
60752,0
216998,0
145017,0
103502,0
172453,0
229664,0
162682,0
148652,0
171002,0
170192,0
249145,0
207572,0
226404,0
199124,0
223349,0
34935,0
11476,0
41484,0
47444,0
207870,0
39942,0
43115,0
47203,0
43342,0
66103,0
98536,0
52317,0
69340,0
215497,0
28140,0
11220,0
118184,0
243455,0
101559,0
186058,0
202409,0
115514,0
124897,0
225768,0
101900,0
104942,0
45317,0
165360,0
27245,0
71363,0
199468,0
34292,0
32372,0
232936,0
209774,0
200866,0
238281,0
60743,0
123373,0
151755,0
212134,0
249297,0
144287,0
46601,0
40930,0
224778,0
183691,0
100233,0
212749,0
30901,0
87729,0
249438,0
89715,0
227975,0
122130,0
121138,0
96273,0
25555,0
128233,0
105637,0
107618,0
218084,0
193730,0
162838,0
144650,0
162915,0
209023,0
183604,0
236319,0
209478,0
126335,0
50234,0
52076,0
88848,0
213427,0
240662,0
186495,0
138979,0
61923,0
85302,0
214987,0
74173,0
13098,0
63662,0
57612,0
219498,0
73237,0
174135,0
229992,0
248126,0
101292,0
236465,0
186070,0
54657,0
158237,0
199510,0
92713,0
79677,0
11765,0
179609,0
175534,0
154051,0
93336,0
107619,0
144796,0
181354,0
74671,0
45026,0
20059,0
240328,0
224352,0
103281,0
67237,0
234605,0
133458,0
111823,0
99863,0
181340,0
53625,0
11779,0
104500,0
238117,0
33578,0
128456,0
228051,0
189334,0
228034,0
54554,0
163016,0
202784,0
215349,0
187614,0
197924,0
148715,0
73894,0
67861,0
127236,0
13984,0
144595,0
94219,0
62806,0
249201,0
147505,0
148449,0
29061,0
43721,0
192874,0
203018,0
101286,0
113029,0
74292,0
61204,0
157132,0
72154,0
36642,0
248603,0
181562,0
147674,0
226141,0
198276,0
172571,0
81394,0
212924,0
223426,0
176521,0
20367,0
130535,0
57677,0
10813,0
113418,0
106215,0
192611,0
174477,0
237706,0
18272,0
132043,0
72912,0
147223,0
112083,0
40500,0
90039,0
34586,0
200049,0
114404,0
89434,0
240288,0
172910,0
233382,0
172960,0
205249,0
113925,0
205269,0
44677,0
89824,0
70433,0
143055,0
22688,0
172390,0
43384,0
222591,0
193931,0
181332,0
240776,0
236565,0
88770,0
235406,0
166098,0
193756,0
186532,0
28318,0
21064,0
34249,0
107799,0
214886,0
207473,0
77063,0
186774,0
98092,0
92075,0
239172,0
170964,0
168517,0
1224,0
169428,0
65733,0
62686,0
22308,0
17938,0
88828,0
12355,0
200194,0
108536,0
96637,0
8464,0
75904,0
64204,0
107996,0
111952,0
199523,0
32722,0
240663,0
187208,0
135265,0
113454,0
217309,0
203790,0
150564,0
150562,0
220807,0
85461,0
177539,0
145853,0
225871,0
28777,0
169035,0
20837,0
167428,0
66636,0
139070,0
83283,0
185365,0
237537,0
176179,0
65111,0
36443,0
31373,0
198457,0
51355,0
203939,0
2084,0
231470,0
196581,0
18786,0
106687,0
31456,0
169873,0
147043,0
134216,0
12272,0
206140,0
33811,0
188985,0
68005,0
99037,0
75747,0
26188,0
166772,0
226848,0
74179,0
146762,0
202896,0
30459,0
232394,0
245551,0
5727,0
169280,0
52131,0
240334,0
152144,0
152548,0
249937,0
14609,0
87751,0
74611,0
234150,0
17655,0
202407,0
15621,0
210369,0
231562,0
782,0
215915,0
244870,0
83179,0
153522,0
47463,0
91992,0
122320,0
21649,0
56649,0
71926,0
7640,0
125735,0
43645,0
106343,0
159014,0
45034,0
134174,0
115380,0
38030,0
28173,0
212186,0
89761,0
220880,0
194543,0
101889,0
238440,0
128875,0
228912,0
213909,0
97795,0
175091,0
3091,0
12656,0
15527,0
214400,0
119868,0
211352,0
118614,0
147385,0
171908,0
151984,0
54186,0
10578,0
57976,0
28758,0
1040,0
235768,0
92117,0
90372,0
100059,0
33639,0
62081,0
28422,0
75916,0
26494,0
75676,0
129756,0
129654,0
123680,0
218440,0
63173,0
124742,0
25637,0
168236,0
209075,0
202167,0
223566,0
2498,0
156494,0
45925,0
99109,0
104491,0
110921,0
96797,0
139609,0
169701,0
184344,0
187748,0
180975,0
186972,0
27470,0
63685,0
194865,0
63640,0
159888,0
110992,0
89850,0
45069,0
224984,0
185975,0
172056,0
21716,0
20021,0
232942,0
87044,0
189399,0
31729,0
201874,0
203554,0
55513,0
173800,0
234277,0
205826,0
85804,0
153476,0
56767,0
115198,0
26205,0
221447,0
185955,0
19681,0
1648,0
40311,0
246618,0
102975,0
222526,0
222537,0
22760,0
668,0
227534,0
187530,0
204426,0
114157,0
7079,0
212955,0
23832,0
165353,0
105608,0
216179,0
154477,0
233299,0
75513,0
91996,0
38318,0
36596,0
140969,0
119505,0
177706,0
49628,0
184581,0
111515,0
80979,0
30123,0
215825,0
93003,0
100203,0
19778,0
225920,0
245607,0
120450,0
249734,0
71914,0
194977,0
222548,0
72252,0
71969,0
73724,0
240053,0
107052,0
48744,0
154513,0
134264,0
184234,0
37831,0
171417,0
124475,0
161534,0
180777,0
25749,0
28119,0
13246,0
137280,0
50857,0
220527,0
29468,0
227258,0
98371,0
244465,0
249282,0
229388,0
247670,0
2154,0
1818,0
245894,0
211231,0
99850,0
210525,0
199427,0
12303,0
227951,0
173738,0
107595,0
87198,0
6827,0
152486,0
205814,0
242104,0
12840,0
103584,0
48524,0
232573,0
23374,0
107961,0
243632,0
140503,0
211180,0
123210,0
238284,0
84302,0
171300,0
6975,0
200707,0
224750,0
41817,0
183289,0
11456,0
115974,0
165059,0
141626,0
195657,0
208264,0
44422,0
110843,0
165695,0
8748,0
121446,0
75274,0
72366,0
225317,0
239923,0
181421,0
117476,0
83923,0
178106,0
214181,0
105694,0
55888,0
120698,0
243746,0
66204,0
240791,0
146735,0
153873,0
80887,0
10378,0
67871,0
49041,0
106366,0
232292,0
50161,0
109721,0
162985,0
67992,0
12345,0
35684,0
108239,0
135600,0
123177,0
200913,0
172329,0
140983,0
27735,0
245718,0
17009,0
72238,0
225356,0
161540,0
239167,0
128120,0
201411,0
223965,0
100028,0
156953,0
120765,0
98405,0
4009,0
150728,0
136178,0
125380,0
213996,0
63031,0
142937,0
197335,0
249321,0
949,0
140102,0
130260,0
187859,0
155986,0
249832,0
85465,0
121121,0
38208,0
46774,0
172657,0
159857,0
42724,0
29599,0
221376,0
135679,0
193353,0
2485,0
243951,0
155565,0
164127,0
234792,0
187335,0
70767,0
52662,0
87661,0
212500,0
182046,0
935,0
76486,0
243967,0
88773,0
44869,0
183338,0
136586,0
20111,0
90556,0
34476,0
220208,0
94976,0
62203,0
25744,0
158726,0
27008,0
131820,0
139696,0
68202,0
226467,0
169289,0
187511,0
64126,0
157982,0
195520,0
152393,0
11607,0
200573,0
210697,0
53942,0
71764,0
144361,0
211419,0
228269,0
50788,0
159089,0
124495,0
90644,0
118758,0
155949,0
149212,0
141528,0
3240,0
101430,0
236508,0
217019,0
77868,0
23389,0
45172,0
101259,0
215652,0
119186,0
102526,0
153506,0
113562,0
210439,0
48897,0
68950,0
19666,0
214218,0
169184,0
198764,0
55375,0
125648,0
20795,0
81505,0
78011,0
122153,0
92047,0
76468,0
216478,0
248096,0
151371,0
162782,0
51153,0
248433,0
247762,0
20587,0
154829,0
45019,0
236716,0
125656,0
56047,0
191072,0
154260,0
92463,0
57687,0
28374,0
26253,0
124084,0
58521,0
71532,0
45358,0
227822,0
183231,0
46070,0
11723,0
49081,0
139660,0
154476,0
96721,0
172581,0
203234,0
1127,0
224860,0
36255,0
65962,0
82902,0
179606,0
154622,0
24040,0
234879,0
22571,0
63384,0
140928,0
21464,0
52213,0
9898,0
219961,0
242167,0
100802,0
201270,0
133030,0
56916,0
99923,0
110066,0
204083,0
143762,0
110330,0
138332,0
233270,0
150974,0
121087,0
108211,0
75182,0
19101,0
95587,0
163140,0
170258,0
231221,0
169876,0
196396,0
125820,0
209624,0
189801,0
232983,0
164492,0
160116,0
141523,0
199642,0
39738,0
68564,0
9197,0
220958,0
220992,0
248292,0
241952,0
204291,0
214977,0
124966,0
249539,0
40275,0
62390,0
55743,0
125087,0
13687,0
11176,0
189054,0
111863,0
187913,0
127530,0
186092,0
120159,0
188990,0
212426,0
134258,0
45482,0
128423,0
234217,0
59569,0
100362,0
69701,0
183882,0
31416,0
98495,0
27645,0
109328,0
30074,0
120665,0
45627,0
112875,0
226165,0
72979,0
84971,0
48345,0
75217,0
126113,0
80080,0
86251,0
167397,0
188394,0
112737,0
18526,0
188230,0
78778,0
188583,0
118232,0
174010,0
29722,0
178088,0
222103,0
30515,0
99145,0
221383,0
14733,0
76469,0
163203,0
154670,0
106631,0
35637,0
237022,0
32662,0
206192,0
97096,0
225848,0
158947,0
113966,0
71067,0
138729,0
155405,0
113464,0
134378,0
193236,0
42185,0
31815,0
246878,0
30693,0
13463,0
25417,0
197104,0
130894,0
249523,0
112279,0
39476,0
29276,0
209261,0
160517,0
109448,0
221615,0
99825,0
160227,0
150837,0
233790,0
144523,0
200987,0
39990,0
110808,0
60800,0
241375,0
136616,0
187814,0
80300,0
29989,0
151050,0
11051,0
175500,0
216339,0
10544,0
83932,0
108765,0
168459,0
242692,0
104580,0
147894,0
66359,0
106872,0
65429,0
94512,0
204439,0
89807,0
168325,0
42259,0
134555,0
51607,0
165747,0
241875,0
156743,0
85190,0
14032,0
202639,0
162154,0
123127,0
198065,0
227639,0
192868,0
217155,0
223061,0
137574,0
115175,0
201173,0
176300,0
42535,0
224147,0
195257,0
31486,0
248972,0
168075,0
136012,0
184491,0
67781,0
46650,0
190964,0
49500,0
127321,0
21817,0
176474,0
223769,0
139581,0
35533,0
100045,0
101145,0
44977,0
212297,0
196280,0
2022,0
128299,0
213522,0
42400,0
231847,0
38330,0
223484,0
39078,0
74995,0
193017,0
10912,0
16030,0
191049,0
124545,0
38525,0
81360,0
15661,0
179957,0
136180,0
125461,0
181194,0
60425,0
201360,0
185436,0
146627,0
72064,0
246261,0
205965,0
236223,0
192963,0
151794,0
5789,0
58903,0
89467,0
47831,0
25401,0
54001,0
226818,0
242339,0
13272,0
154240,0
6904,0
137512,0
142739,0
70878,0
134981,0
7372,0
165568,0
209215,0
192975,0
164836,0
142926,0
122054,0
20807,0
89509,0
225051,0
203110,0
249110,0
201238,0
229675,0
93038,0
246491,0
58439,0
68006,0
34547,0
39617,0
53356,0
225746,0
137330,0
26441,0
149480,0
75847,0
114842,0
210135,0
222692,0
121769,0
225449,0
159916,0
212076,0
63598,0
37791,0
241889,0
70457,0
94276,0
176514,0
234940,0
33789,0
88067,0
202874,0
47705,0
162510,0
149766,0
147862,0
209585,0
121746,0
234413,0
197281,0
238953,0
17329,0
237892,0
187608,0
140744,0
72673,0
108077,0
139378,0
86640,0
141269,0
147633,0
130545,0
190416,0
221732,0
139483,0
174465,0
217219,0
149165,0
233723,0
167709,0
47517,0
152796,0
79161,0
99207,0
172335,0
245268,0
1417,0
205975,0
100930,0
98638,0
243512,0
110868,0
184525,0
90831,0
171052,0
76613,0
214626,0
221458,0
154070,0
218397,0
234046,0
126249,0
62484,0
166430,0
88504,0
120049,0
215645,0
110294,0
157006,0
156148,0
137209,0
170587,0
246076,0
165287,0
132535,0
19902,0
215896,0
117059,0
197854,0
152064,0
210561,0
214915,0
77532,0
222971,0
26491,0
124005,0
120058,0
165056,0
31838,0
188251,0
102212,0
146327,0
242053,0
2146,0
150192,0
114378,0
35230,0
114525,0
15138,0
195384,0
202179,0
240490,0
188736,0
154002,0
32838,0
198069,0
47327,0
215583,0
23216,0
88899,0
190995,0
81860,0
130749,0
102607,0
131308,0
1485,0
69738,0
135355,0
244223,0
136431,0
54593,0
242299,0
223908,0
89240,0
19413,0
181007,0
107031,0
179278,0
222608,0
239715,0
213048,0
40090,0
7641,0
75369,0
26856,0
174341,0
114106,0
196589,0
218828,0
30126,0
87990,0
73186,0
204996,0
166737,0
37176,0
98693,0
225924,0
61289,0
235543,0
71319,0
79659,0
29981,0
89798,0
176429,0
21026,0
51548,0
15978,0
50320,0
238680,0
124548,0
36842,0
138737,0
175013,0
97935,0
68981,0
57938,0
160377,0
132676,0
92180,0
84914,0
59334,0
77989,0
168142,0
202738,0
21859,0
108663,0
142128,0
198576,0
236153,0
188146,0
24950,0
107259,0
184994,0
175995,0
243544,0
13656,0
97618,0
133742,0
79474,0
225798,0
245324,0
185894,0
3279,0
106949,0
238998,0
203373,0
7935,0
85495,0
97168,0
29966,0
8722,0
191756,0
149007,0
214506,0
139631,0
147700,0
11681,0
118618,0
191603,0
198501,0
56537,0
121174,0
159161,0
229837,0
50268,0
205270,0
197356,0
209199,0
120961,0
64672,0
66507,0
86213,0
77730,0
215306,0
42068,0
248372,0
113301,0
248406,0
122335,0
78514,0
78089,0
237757,0
234399,0
215442,0
101431,0
131450,0
69601,0
27145,0
93320,0
147155,0
245499,0
1045,0
248439,0
61381,0
212561,0
176810,0
70052,0
104316,0
217154,0
112378,0
99876,0
90530,0
91083,0
57672,0
8575,0
210345,0
104778,0
164910,0
168938,0
81047,0
10005,0
155971,0
211191,0
118205,0
67874,0
82580,0
193819,0
45364,0
25231,0
127940,0
103736,0
118114,0
162344,0
53231,0
249928,0
62048,0
34355,0
166733,0
230798,0
54366,0
198864,0
144265,0
226459,0
52686,0
44351,0
183286,0
6711,0
175440,0
39691,0
208250,0
110471,0
203435,0
112344,0
71944,0
203927,0
234998,0
53715,0
112049,0
37598,0
190098,0
164485,0
54196,0
225420,0
143800,0
7823,0
41823,0
182746,0
95021,0
230765,0
139458,0
228091,0
101161,0
127827,0
203362,0
7052,0
129487,0
5396,0
190906,0
225699,0
78021,0
204931,0
232031,0
13477,0
246408,0
200060,0
160720,0
153830,0
206882,0
120841,0
88932,0
191367,0
141478,0
22488,0
220278,0
156468,0
230134,0
28958,0
87812,0
128784,0
55112,0
128521,0
38826,0
232439,0
121259,0
113235,0
170090,0
35105,0
50327,0
93578,0
180284,0
157862,0
12478,0
27457,0
29902,0
235636,0
159426,0
75525,0
69930,0
208584,0
154538,0
55522,0
208105,0
150092,0
241277,0
188480,0
246088,0
43529,0
11914,0
198489,0
120944,0
234843,0
137474,0
246611,0
89228,0
188267,0
210735,0
110688,0
67651,0
232157,0
80376,0
71878,0
213552,0
116401,0
1763,0
78414,0
37217,0
96317,0
198938,0
128608,0
166327,0
83507,0
121466,0
249226,0
25327,0
57953,0
77399,0
81842,0
247561,0
147726,0
13387,0
24846,0
121722,0
130280,0
207463,0
91995,0
123117,0
83893,0
184362,0
7467,0
161060,0
52616,0
208641,0
151685,0
215506,0
165657,0
184829,0
175596,0
218428,0
25260,0
218469,0
121658,0
28085,0
113381,0
80287,0
111003,0
2167,0
9835,0
37114,0
157799,0
79246,0
171081,0
106302,0
248785,0
187229,0
143580,0
244742,0
153951,0
3561,0
125156,0
162484,0
76346,0
85610,0
171694,0
92371,0
169466,0
87952,0
219809,0
169313,0
127518,0
94223,0
110528,0
46407,0
44277,0
85704,0
89097,0
191742,0
107074,0
183181,0
119608,0
32615,0
248687,0
29626,0
9619,0
233886,0
124623,0
18086,0
245372,0
235568,0
139136,0
232498,0
235461,0
83314,0
11987,0
43849,0
67753,0
233160,0
248807,0
163325,0
202555,0
200823,0
188055,0
417,0
75031,0
96995,0
39243,0
245211,0
120694,0
45143,0
236062,0
188574,0
196593,0
22827,0
164979,0
139653,0
107758,0
53022,0
209761,0
18771,0
231466,0
82730,0
48521,0
144714,0
188694,0
159237,0
165988,0
109183,0
16981,0
18668,0
56070,0
133100,0
74121,0
17571,0
150797,0
248124,0
101809,0
85515,0
178503,0
147604,0
199987,0
27099,0
7861,0
44093,0
231450,0
13202,0
150005,0
148825,0
21567,0
115960,0
92587,0
235080,0
69116,0
76984,0
211857,0
199513,0
67273,0
126453,0
29900,0
134301,0
41309,0
202905,0
121486,0
52815,0
85203,0
132834,0
65194,0
214174,0
55494,0
228648,0
1564,0
137160,0
237482,0
234656,0
211409,0
161853,0
202909,0
74958,0
198809,0
132420,0
92289,0
209595,0
167048,0
23598,0
160605,0
139383,0
240106,0
137691,0
206321,0
148660,0
26535,0
85514,0
184974,0
173906,0
159076,0
5785,0
49880,0
109866,0
91149,0
80095,0
9758,0
31708,0
101008,0
36457,0
211329,0
168020,0
175056,0
224680,0
227820,0
113649,0
158467,0
229463,0
79750,0
17425,0
247894,0
157984,0
11842,0
114351,0
218637,0
19147,0
138853,0
26331,0
51676,0
86178,0
140673,0
26947,0
17477,0
76808,0
40303,0
106024,0
35482,0
23069,0
208528,0
33148,0
6698,0
196857,0
23343,0
7908,0
65918,0
65022,0
67436,0
57416,0
118113,0
2141,0
201643,0
202248,0
1300,0
241523,0
121312,0
190733,0
74591,0
213254,0
229082,0
140173,0
98152,0
139618,0
60691,0
181005,0
125718,0
17222,0
61831,0
142636,0
214731,0
129906,0
6345,0
611,0
217390,0
206638,0
56470,0
218744,0
137771,0
178413,0
192929,0
85187,0
101155,0
27739,0
174607,0
186486,0
121811,0
161264,0
172545,0
197283,0
248690,0
54105,0
50104,0
182808,0
186137,0
105434,0
24750,0
31875,0
95183,0
182350,0
240953,0
115232,0
20060,0
73047,0
20779,0
91137,0
107189,0
120248,0
145583,0
23677,0
97824,0
109485,0
245274,0
57139,0
14311,0
79263,0
218018,0
37330,0
159887,0
215715,0
134790,0
68552,0
79836,0
177937,0
67666,0
123426,0
32095,0
194730,0
31564,0
116083,0
29547,0
60175,0
3651,0
20395,0
63250,0
120108,0
182215,0
61046,0
247030,0
156244,0
28524,0
100658,0
56031,0
11420,0
69482,0
175337,0
177775,0
149106,0
215929,0
158618,0
138203,0
249740,0
167664,0
117808,0
80361,0
216417,0
213415,0
8266,0
215187,0
169334,0
147371,0
173182,0
234643,0
199729,0
106650,0
62043,0
80571,0
32210,0
116873,0
190302,0
135060,0
139330,0
233866,0
191604,0
212558,0
104497,0
215746,0
234405,0
188525,0
59629,0
230987,0
145685,0
248480,0
219867,0
14186,0
102685,0
130032,0
26262,0
114247,0
239429,0
132644,0
65442,0
168977,0
212284,0
220388,0
151096,0
23730,0
53746,0
188430,0
74248,0
16307,0
245355,0
52841,0
71883,0
155896,0
39254,0
84196,0
79749,0
191714,0
141687,0
186308,0
56259,0
8863,0
175028,0
113401,0
24627,0
182507,0
183899,0
86115,0
5870,0
160970,0
92143,0
124055,0
13131,0
59378,0
11208,0
112772,0
194181,0
245603,0
121059,0
94657,0
44849,0
205352,0
134446,0
203698,0
13577,0
192193,0
105279,0
182548,0
96970,0
181067,0
54295,0
195104,0
185121,0
3215,0
18650,0
74057,0
62450,0
54467,0
234644,0
116691,0
185968,0
9762,0
94783,0
213602,0
153294,0
147900,0
189442,0
176960,0
128196,0
74028,0
198695,0
44382,0
70033,0
50954,0
18713,0
232499,0
213822,0
20508,0
17548,0
248743,0
196745,0
30372,0
5348,0
30672,0
246177,0
70551,0
167752,0
149729,0
224099,0
99196,0
111835,0
125743,0
50671,0
168986,0
110043,0
3999,0
51130,0
222778,0
158862,0
52261,0
60082,0
101962,0
97844,0
53464,0
165665,0
37813,0
87323,0
12162,0
195532,0
247539,0
34735,0
103759,0
20670,0
6724,0
245083,0
156235,0
30329,0
16176,0
246794,0
159362,0
174661,0
31944,0
62516,0
111142,0
74728,0
152453,0
162245,0
73892,0
70733,0
166201,0
42296,0
32917,0
15649,0
30752,0
172971,0
44416,0
167463,0
107751,0
36495,0
94501,0
3786,0
152419,0
79748,0
139218,0
120437,0
162166,0
205222,0
80706,0
167834,0
76835,0
133935,0
230375,0
10324,0
208417,0
194578,0
163679,0
62057,0
244631,0
174913,0
148639,0
147983,0
169728,0
52898,0
86397,0
96650,0
205153,0
128388,0
247851,0
224663,0
39100,0
166368,0
19442,0
147200,0
241813,0
238693,0
208206,0
79033,0
244943,0
139823,0
136780,0
54863,0
211263,0
5935,0
5226,0
65972,0
223483,0
194588,0
117438,0
204146,0
8260,0
166708,0
19852,0
15484,0
7292,0
157405,0
110568,0
7763,0
124671,0
26131,0
5847,0
61027,0
65034,0
240658,0
73187,0
115529,0
123148,0
91832,0
57214,0
87679,0
65710,0
210143,0
87318,0
157607,0
79612,0
175142,0
21801,0
58592,0
244289,0
181139,0
2841,0
242964,0
220970,0
204032,0
84898,0
132403,0
132589,0
178508,0
63065,0
78544,0
205312,0
96702,0
215858,0
70383,0
112802,0
57321,0
71400,0
111852,0
66622,0
32278,0
189529,0
165363,0
153611,0
185707,0
154283,0
70715,0
181843,0
196978,0
71279,0
221147,0
170975,0
76046,0
92053,0
208050,0
183593,0
131367,0
93229,0
233132,0
181647,0
101740,0
14932,0
41840,0
73976,0
236597,0
168404,0
111856,0
224120,0
110201,0
69552,0
86418,0
22484,0
238194,0
229637,0
231050,0
192563,0
82670,0
234576,0
166260,0
171078,0
87047,0
50667,0
219520,0
199986,0
113405,0
59656,0
8473,0
107175,0
63432,0
149431,0
74928,0
25375,0
13479,0
208082,0
246766,0
32987,0
164095,0
54595,0
132426,0
90920,0
88265,0
214494,0
241634,0
218625,0
51648,0
126636,0
69996,0
61941,0
134888,0
237017,0
12320,0
228728,0
191740,0
187255,0
233639,0
232222,0
207510,0
104024,0
114995,0
228392,0
47983,0
90928,0
182039,0
23981,0
74669,0
31701,0
92242,0
103808,0
167,0
245655,0
27850,0
40214,0
143415,0
207829,0
40779,0
5714,0
226839,0
242921,0
245809,0
63393,0
112735,0
5012,0
15514,0
10306,0
178687,0
207021,0
193190,0
106007,0
29163,0
172442,0
195007,0
78225,0
152972,0
14701,0
134937,0
33421,0
74695,0
211879,0
101256,0
195892,0
94571,0
68777,0
132294,0
32196,0
105631,0
98821,0
209363,0
92898,0
79519,0
167085,0
217634,0
57243,0
242418,0
57140,0
177660,0
67487,0
121442,0
62696,0
173621,0
214016,0
148708,0
106787,0
177307,0
187128,0
62286,0
184864,0
212245,0
125075,0
124183,0
103404,0
47360,0
195170,0
110132,0
200419,0
205118,0
60909,0
95143,0
26327,0
172180,0
123195,0
81528,0
150268,0
142069,0
107213,0
44691,0
124329,0
188403,0
12917,0
127731,0
229938,0
209850,0
42444,0
58069,0
73305,0
87347,0
248174,0
133182,0
139455,0
198198,0
247761,0
141827,0
127823,0
66137,0
48381,0
6029,0
126556,0
143240,0
196267,0
95550,0
55423,0
154543,0
241883,0
59561,0
175367,0
105237,0
193577,0
65666,0
173638,0
171371,0
145140,0
130829,0
69923,0
239048,0
229460,0
180737,0
132913,0
158162,0
135211,0
213771,0
68502,0
105197,0
129673,0
175502,0
42989,0
3365,0
211327,0
30645,0
21899,0
65301,0
206976,0
28149,0
232754,0
99310,0
138247,0
198717,0
192369,0
115540,0
50518,0
39945,0
180330,0
44061,0
138619,0
23564,0
42389,0
168328,0
158372,0
137904,0
108390,0
218177,0
13143,0
150922,0
177328,0
12113,0
133855,0
79410,0
17306,0
96222,0
153633,0
81495,0
197673,0
9929,0
127645,0
125136,0
248581,0
198845,0
41294,0
114606,0
178506,0
52407,0
103477,0
199197,0
7419,0
5180,0
248269,0
21477,0
104787,0
122491,0
102289,0
73043,0
223926,0
177849,0
141452,0
105158,0
237210,0
210152,0
146411,0
126157,0
174740,0
56251,0
36939,0
72371,0
208707,0
140000,0
65061,0
87358,0
42224,0
211146,0
239938,0
100605,0
156304,0
221781,0
102586,0
149019,0
237116,0
200264,0
140394,0
6,0
143392,0
172938,0
35443,0
215808,0
93161,0
177130,0
155549,0
113067,0
7722,0
205122,0
20880,0
62392,0
162202,0
86958,0
55548,0
155201,0
48370,0
108452,0
208895,0
219997,0
203863,0
140708,0
90797,0
242218,0
28227,0
216081,0
119791,0
100397,0
219115,0
102086,0
135149,0
109531,0
201385,0
210157,0
58346,0
85241,0
196360,0
222812,0
166771,0
241299,0
147913,0
6375,0
172344,0
223137,0
204070,0
197611,0
9357,0
4916,0
133171,0
214995,0
118305,0
38642,0
62634,0
1193,0
179127,0
132375,0
187181,0
243690,0
46071,0
72834,0
238142,0
193270,0
9520,0
176268,0
49638,0
164143,0
209974,0
116121,0
68877,0
217534,0
37430,0
189113,0
7972,0
57227,0
147499,0
27417,0
128009,0
56932,0
106066,0
2346,0
158965,0
234601,0
29049,0
27056,0
10158,0
79871,0
75533,0
105978,0
239038,0
243107,0
16166,0
57842,0
53959,0
195831,0
37747,0
216786,0
97019,0
228525,0
63912,0
22807,0
240425,0
40670,0
242433,0
147955,0
127405,0
77517,0
32415,0
159198,0
53818,0
100487,0
3080,0
108240,0
166189,0
152502,0
106250,0
226895,0
237377,0
111531,0
15526,0
61431,0
10640,0
216012,0
174857,0
139561,0
48319,0
147760,0
8183,0
6606,0
173644,0
246963,0
167288,0
963,0
80546,0
121336,0
114112,0
222176,0
12498,0
74788,0
240400,0
115573,0
170202,0
236277,0
39129,0
150748,0
51664,0
81033,0
154864,0
170969,0
43045,0
180549,0
3791,0
3550,0
16287,0
4784,0
118743,0
111957,0
234074,0
18337,0
175787,0
16021,0
15794,0
229617,0
109361,0
206551,0
224978,0
97090,0
99856,0
52467,0
54586,0
186369,0
146272,0
89339,0
60905,0
33011,0
25638,0
103364,0
214769,0
44792,0
52438,0
43040,0
43466,0
15053,0
123921,0
34414,0
32909,0
202131,0
43170,0
7271,0
62881,0
32311,0
53136,0
148375,0
172235,0
148093,0
37732,0
83938,0
117665,0
38431,0
225392,0
137698,0
50805,0
135297,0
224944,0
2914,0
249325,0
87970,0
121796,0
121434,0
112227,0
104805,0
178914,0
87879,0
99400,0
173709,0
116353,0
245539,0
32262,0
31906,0
246920,0
22354,0
57069,0
128611,0
22212,0
191631,0
41092,0
151206,0
59342,0
105641,0
229564,0
57444,0
199051,0
156293,0
25489,0
79633,0
174184,0
147305,0
31110,0
116809,0
123028,0
188863,0
101068,0
75998,0
180921,0
20166,0
125344,0
177278,0
51280,0
238166,0
54787,0
44996,0
29112,0
63678,0
222241,0
94438,0
65892,0
247019,0
159527,0
106129,0
149742,0
24341,0
43679,0
71115,0
239848,0
200380,0
199954,0
138660,0
116428,0
195997,0
139202,0
131080,0
214744,0
212894,0
104412,0
134136,0
49919,0
197731,0
44704,0
91888,0
33080,0
67773,0
149910,0
181109,0
248932,0
164165,0
53049,0
247477,0
190117,0
18443,0
240989,0
231938,0
127967,0
96413,0
60212,0
224361,0
140162,0
206686,0
188194,0
77742,0
229932,0
43932,0
112346,0
17512,0
5614,0
67701,0
235623,0
204236,0
18483,0
93900,0
43874,0
8987,0
240310,0
18638,0
152992,0
67939,0
148635,0
184645,0
7262,0
44710,0
8887,0
148335,0
33656,0
63759,0
126898,0
151340,0
214981,0
50902,0
71059,0
203976,0
37610,0
117773,0
240477,0
15554,0
232987,0
228397,0
186037,0
101792,0
175327,0
199931,0
178038,0
11918,0
98712,0
75770,0
48812,0
127055,0
234988,0
121542,0
218251,0
208604,0
126725,0
25267,0
162909,0
9454,0
75665,0
57675,0
226720,0
33166,0
194739,0
37151,0
86224,0
40840,0
12339,0
124307,0
9350,0
48908,0
144630,0
113231,0
204494,0
114063,0
29629,0
36567,0
203682,0
160506,0
206979,0
74765,0
51927,0
240289,0
198055,0
197805,0
194505,0
113969,0
231798,0
83435,0
214324,0
140359,0
150346,0
156445,0
95885,0
219666,0
154890,0
193810,0
34655,0
52955,0
68407,0
176691,0
210715,0
32614,0
118388,0
54853,0
132875,0
150114,0
236280,0
112154,0
40203,0
32958,0
206211,0
233804,0
184495,0
38659,0
111007,0
71226,0
219856,0
151884,0
60134,0
64537,0
161154,0
230777,0
226771,0
174854,0
11458,0
74890,0
32842,0
24591,0
106004,0
164365,0
189401,0
141690,0
207106,0
57449,0
153626,0
101281,0
244100,0
73713,0
129423,0
151394,0
236626,0
124273,0
126855,0
14209,0
67686,0
125289,0
66154,0
68132,0
34016,0
189548,0
87735,0
239859,0
129818,0
187749,0
166820,0
30449,0
195449,0
21429,0
53772,0
151819,0
154704,0
35354,0
135944,0
88825,0
34199,0
234284,0
125315,0
169301,0
24709,0
106936,0
103248,0
89585,0
17850,0
115989,0
68703,0
179874,0
177580,0
220059,0
231415,0
190519,0
9904,0
48464,0
8509,0
57698,0
152216,0
198081,0
128541,0
119842,0
103703,0
26748,0
118466,0
154430,0
41634,0
97880,0
159928,0
19495,0
70066,0
210557,0
135762,0
23706,0
241383,0
109731,0
91866,0
177843,0
197842,0
170618,0
99461,0
33766,0
235341,0
23993,0
34190,0
197912,0
38358,0
128858,0
160169,0
196507,0
74021,0
201781,0
27012,0
6031,0
209078,0
58365,0
200300,0
136749,0
237204,0
114032,0
226460,0
134397,0
190727,0
120683,0
14461,0
204409,0
1534,0
5759,0
7330,0
229422,0
18664,0
21368,0
141194,0
201084,0
227117,0
106077,0
23474,0
83875,0
29496,0
76495,0
127751,0
90699,0
6700,0
229435,0
205584,0
138028,0
166438,0
27852,0
142410,0
214590,0
235485,0
46732,0
65268,0
18872,0
230694,0
67140,0
158143,0
55338,0
97310,0
213688,0
118376,0
57752,0
63515,0
192492,0
82046,0
80885,0
126703,0
21960,0
189450,0
3912,0
6597,0
128995,0
222381,0
209972,0
167448,0
223245,0
4451,0
140830,0
158551,0
173547,0
150587,0
110905,0
171856,0
74597,0
45587,0
105266,0
77155,0
47504,0
53946,0
11425,0
181761,0
176880,0
31268,0
202279,0
45144,0
9161,0
149600,0
93579,0
150803,0
224551,0
62640,0
227781,0
213992,0
42930,0
12041,0
189686,0
238408,0
147202,0
84528,0
227023,0
124894,0
60626,0
227269,0
190933,0
169032,0
144288,0
243546,0
48992,0
10978,0
206831,0
80775,0
97851,0
73692,0
6990,0
2780,0
63788,0
3798,0
70708,0
233520,0
88776,0
243938,0
103000,0
29120,0
42349,0
11885,0
230897,0
143045,0
212881,0
240218,0
177825,0
61483,0
10229,0
220682,0
189953,0
92841,0
118986,0
187353,0
209094,0
108181,0
115099,0
96991,0
139641,0
18762,0
239006,0
171029,0
39019,0
134992,0
122976,0
174121,0
104630,0
219416,0
161950,0
64421,0
64655,0
165612,0
217890,0
136980,0
172411,0
175857,0
249169,0
164056,0
237193,0
110819,0
209609,0
144578,0
140768,0
165576,0
101831,0
149131,0
13756,0
201522,0
199763,0
223619,0
105350,0
181371,0
120090,0
161882,0
112162,0
59842,0
30728,0
105427,0
143288,0
170371,0
29562,0
99513,0
163503,0
188837,0
246370,0
125299,0
52037,0
60237,0
44862,0
95375,0
144092,0
19718,0
168618,0
234909,0
9358,0
156067,0
170560,0
65280,0
212608,0
229263,0
169440,0
234007,0
155575,0
102954,0
142932,0
6525,0
15177,0
23770,0
58749,0
85750,0
194185,0
222083,0
84690,0
103428,0
222242,0
122875,0
175731,0
72116,0
103824,0
5670,0
167660,0
72030,0
37057,0
66142,0
235292,0
226990,0
152761,0
146006,0
10310,0
114424,0
163449,0
139263,0
53936,0
122498,0
121048,0
82861,0
238850,0
121158,0
61935,0
230534,0
51848,0
100807,0
240175,0
8207,0
92838,0
32512,0
130385,0
50850,0
12925,0
245932,0
184771,0
166511,0
68123,0
203204,0
124642,0
195614,0
41008,0
215823,0
211203,0
13059,0
68793,0
31955,0
238181,0
36756,0
188610,0
24187,0
69651,0
179568,0
97640,0
89560,0
117803,0
145621,0
130767,0
181405,0
152145,0
243400,0
172983,0
212592,0
63429,0
171787,0
220918,0
83755,0
150723,0
188034,0
149035,0
163684,0
92626,0
27053,0
85243,0
98973,0
202078,0
69931,0
225759,0
177541,0
232814,0
165551,0
94559,0
230286,0
29291,0
174831,0
123339,0
92741,0
176250,0
82140,0
85589,0
29233,0
248435,0
56913,0
36485,0
43817,0
209805,0
212486,0
185766,0
111334,0
59315,0
155113,0
218504,0
115809,0
190667,0
52478,0
209241,0
152854,0
30637,0
141884,0
228327,0
196853,0
41162,0
94507,0
195717,0
125957,0
82448,0
52856,0
136838,0
112358,0
163852,0
43207,0
61023,0
12308,0
207343,0
104789,0
58386,0
114636,0
135430,0
193095,0
3472,0
136195,0
179668,0
227108,0
19861,0
67284,0
192899,0
177703,0
64937,0
209564,0
134021,0
132870,0
199418,0
31029,0
43710,0
66174,0
54053,0
171322,0
57552,0
181965,0
86997,0
87501,0
53058,0
80139,0
172073,0
25010,0
103501,0
95095,0
106136,0
19716,0
65400,0
31083,0
48722,0
159197,0
158286,0
164550,0
236063,0
85286,0
70216,0
125112,0
57647,0
221102,0
180178,0
206986,0
98487,0
144112,0
116537,0
99065,0
212326,0
246644,0
111167,0
246676,0
54782,0
204489,0
77998,0
12490,0
43667,0
127038,0
69599,0
89587,0
88098,0
111326,0
179443,0
169448,0
242427,0
177901,0
122901,0
206439,0
134885,0
181202,0
162562,0
177650,0
60168,0
126532,0
166149,0
50076,0
67840,0
80317,0
213447,0
25172,0
72662,0
153271,0
177161,0
173018,0
71174,0
128656,0
178654,0
88454,0
204015,0
80605,0
74593,0
76258,0
87088,0
163448,0
221551,0
122360,0
113347,0
123093,0
23800,0
231363,0
196669,0
241824,0
4523,0
166428,0
193370,0
53135,0
225442,0
132742,0
126792,0
55317,0
193601,0
35679,0
92394,0
50376,0
179328,0
113009,0
50092,0
241076,0
95555,0
48714,0
102545,0
29057,0
82891,0
92381,0
231894,0
214265,0
221062,0
27345,0
45673,0
139900,0
161905,0
32392,0
215590,0
166058,0
24522,0
234580,0
155401,0
111139,0
115457,0
69807,0
243115,0
73449,0
177769,0
117457,0
111592,0
237818,0
150237,0
72638,0
72509,0
202029,0
239990,0
78952,0
230903,0
20917,0
1510,0
205533,0
124266,0
39868,0
249932,0
171075,0
126437,0
233227,0
167918,0
53182,0
102879,0
143346,0
128631,0
69754,0
133259,0
144220,0
162517,0
139276,0
104066,0
135778,0
151483,0
159411,0
115404,0
27485,0
186562,0
187493,0
54840,0
193933,0
77857,0
27355,0
175823,0
32971,0
190475,0
24547,0
240691,0
66880,0
124666,0
89036,0
233727,0
118779,0
131638,0
30661,0
174404,0
133603,0
127279,0
205886,0
236489,0
118421,0
122858,0
718,0
11277,0
100035,0
22173,0
189738,0
2530,0
144886,0
36030,0
162235,0
28053,0
201304,0
200851,0
248259,0
237877,0
218437,0
152266,0
211798,0
200039,0
128691,0
174143,0
239910,0
2275,0
57050,0
57992,0
232721,0
113542,0
240082,0
126116,0
59641,0
215256,0
95805,0
77174,0
247462,0
187155,0
37726,0
139928,0
59362,0
13814,0
81293,0
190534,0
51263,0
237762,0
242673,0
227130,0
172306,0
19108,0
6262,0
8135,0
43676,0
109872,0
95861,0
171537,0
25000,0
238636,0
37465,0
165272,0
153289,0
209007,0
31732,0
182778,0
166834,0
92355,0
113108,0
243925,0
214070,0
154997,0
5137,0
35148,0
145072,0
167103,0
96024,0
150566,0
166075,0
160708,0
164657,0
156938,0
119019,0
88381,0
131249,0
125618,0
72719,0
14345,0
220493,0
239340,0
155593,0
145452,0
159577,0
191932,0
29254,0
211336,0
135848,0
20033,0
11806,0
9714,0
89853,0
199270,0
202266,0
108362,0
171422,0
123956,0
183511,0
79873,0
35393,0
174212,0
87627,0
184830,0
187078,0
132547,0
87604,0
45336,0
101491,0
32984,0
29279,0
167124,0
10389,0
204282,0
7384,0
138676,0
207393,0
159793,0
210797,0
167529,0
184035,0
146239,0
203457,0
49553,0
106445,0
89077,0
14625,0
50173,0
112124,0
7937,0
93764,0
37155,0
220463,0
48237,0
198109,0
80942,0
131597,0
69261,0
72609,0
64581,0
207784,0
47970,0
79897,0
120593,0
193483,0
152648,0
60950,0
44521,0
74412,0
215729,0
234768,0
114535,0
198255,0
56836,0
175983,0
133511,0
110000,0
18812,0
188341,0
112412,0
162832,0
55806,0
195970,0
162203,0
130816,0
2343,0
210264,0
84055,0
197587,0
197824,0
24699,0
47629,0
231763,0
3128,0
223942,0
184171,0
65871,0
76727,0
115314,0
143658,0
46593,0
168522,0
97455,0
44969,0
139615,0
30097,0
21187,0
168135,0
94175,0
43334,0
249352,0
41282,0
189460,0
46363,0
229179,0
176821,0
42917,0
29549,0
21938,0
46398,0
6025,0
158743,0
227242,0
235907,0
174301,0
2532,0
195719,0
37362,0
131199,0
94005,0
113402,0
244977,0
9631,0
24597,0
138953,0
216543,0
60045,0
97769,0
89140,0
108309,0
24659,0
70196,0
81885,0
76480,0
210979,0
215237,0
1802,0
112832,0
72868,0
158606,0
124574,0
19572,0
166841,0
98277,0
159874,0
102683,0
9828,0
247994,0
237531,0
244813,0
249722,0
238098,0
228962,0
211383,0
61999,0
22825,0
199719,0
219281,0
206261,0
188484,0
51434,0
223418,0
34854,0
95627,0
227039,0
42251,0
172254,0
15128,0
105606,0
34780,0
5001,0
185143,0
77436,0
46888,0
137156,0
229528,0
136105,0
114790,0
144141,0
40879,0
152636,0
244952,0
22619,0
171940,0
87143,0
33568,0
214268,0
164917,0
175637,0
104761,0
79537,0
154444,0
187491,0
165812,0
29684,0
16866,0
226872,0
122719,0
8790,0
105172,0
39998,0
6999,0
174510,0
168026,0
120978,0
215262,0
230382,0
37351,0
60141,0
199619,0
159350,0
142277,0
1370,0
245615,0
101,0
222399,0
133391,0
74979,0
83980,0
38885,0
216518,0
78695,0
174635,0
219792,0
49634,0
56118,0
39659,0
8948,0
19581,0
113992,0
64191,0
168686,0
147451,0
74653,0
153054,0
157081,0
168288,0
14818,0
109939,0
13249,0
78717,0
27354,0
158604,0
111199,0
80504,0
184325,0
227037,0
29706,0
43267,0
226715,0
220890,0
140336,0
192135,0
55092,0
31698,0
14144,0
135273,0
120261,0
138586,0
244797,0
241970,0
55685,0
216150,0
246945,0
151678,0
136481,0
227367,0
34113,0
33140,0
1303,0
74124,0
51684,0
66061,0
204997,0
11212,0
175421,0
68035,0
33564,0
220479,0
170328,0
146438,0
132468,0
118549,0
79668,0
50675,0
109252,0
160097,0
153357,0
16745,0
72067,0
64304,0
214049,0
20131,0
217224,0
53587,0
245760,0
113698,0
211016,0
48006,0
69113,0
23695,0
177470,0
176626,0
107928,0
85069,0
7733,0
141692,0
1929,0
80025,0
123534,0
235547,0
122483,0
235818,0
42565,0
28741,0
63778,0
90912,0
88186,0
248900,0
87647,0
130083,0
18104,0
224246,0
3494,0
104928,0
118612,0
4148,0
27382,0
112524,0
82406,0
47066,0
150516,0
114611,0
200275,0
206554,0
97611,0
25891,0
94727,0
91395,0
56621,0
82130,0
239942,0
12950,0
200248,0
27839,0
146355,0
159037,0
46298,0
13173,0
247634,0
127555,0
55467,0
19125,0
3745,0
45916,0
42295,0
116281,0
87676,0
226046,0
128143,0
10032,0
19027,0
19094,0
180616,0
148881,0
98267,0
87398,0
109837,0
240659,0
5308,0
26705,0
70345,0
88446,0
78108,0
89515,0
73027,0
104933,0
156291,0
65594,0
151469,0
108628,0
194504,0
53881,0
232218,0
53943,0
188324,0
101955,0
151510,0
5944,0
35502,0
65716,0
244749,0
61848,0
95072,0
1457,0
212925,0
36998,0
28313,0
52645,0
213828,0
71206,0
101843,0
80234,0
101238,0
133037,0
49514,0
245388,0
221935,0
218677,0
247996,0
97371,0
178407,0
217037,0
183447,0
241163,0
214534,0
117628,0
131252,0
15742,0
112992,0
134319,0
27173,0
44715,0
159469,0
170210,0
114304,0
124492,0
212034,0
155347,0
62767,0
181998,0
112690,0
164071,0
11368,0
190175,0
144975,0
100639,0
157496,0
121609,0
230174,0
144884,0
168100,0
240080,0
152249,0
57034,0
116040,0
115325,0
13458,0
51489,0
133544,0
17315,0
159661,0
95677,0
229808,0
132193,0
182649,0
23314,0
164031,0
51249,0
51748,0
213203,0
73802,0
200974,0
222180,0
162587,0
218728,0
185839,0
130548,0
169053,0
120146,0
13760,0
157040,0
5591,0
82405,0
225230,0
102030,0
114696,0
204087,0
152674,0
13969,0
88910,0
223065,0
140065,0
170117,0
49329,0
205210,0
42276,0
59878,0
94490,0
55150,0
79433,0
2393,0
166572,0
128502,0
143138,0
146057,0
175961,0
219862,0
20109,0
102810,0
211844,0
209319,0
57212,0
112278,0
166283,0
94620,0
244567,0
210261,0
97472,0
144903,0
30641,0
69411,0
97709,0
30275,0
116678,0
166462,0
164034,0
30664,0
43278,0
215376,0
38988,0
244932,0
34392,0
224139,0
137390,0
20763,0
87865,0
84471,0
1779,0
130655,0
97871,0
104434,0
39200,0
112400,0
86297,0
182019,0
158506,0
145529,0
183,0
77803,0
183857,0
70175,0
242905,0
239831,0
213779,0
176277,0
26519,0
244614,0
186184,0
156533,0
132497,0
52099,0
126017,0
96880,0
148569,0
193562,0
86440,0
126022,0
196428,0
197871,0
79151,0
172266,0
92637,0
220224,0
9989,0
166198,0
199579,0
9945,0
157822,0
215089,0
231423,0
171458,0
171023,0
244735,0
88055,0
213310,0
6648,0
233504,0
215094,0
185688,0
102557,0
1923,0
218646,0
220888,0
243810,0
88473,0
178790,0
32336,0
133459,0
24859,0
219092,0
41121,0
154485,0
114573,0
29857,0
112600,0
83153,0
154883,0
216878,0
52415,0
88595,0
74098,0
220980,0
163517,0
73115,0
232435,0
117251,0
74376,0
19823,0
83812,0
48549,0
1275,0
1057,0
142817,0
116497,0
112370,0
208312,0
84678,0
132101,0
40448,0
39687,0
201923,0
201845,0
23912,0
247747,0
201133,0
225296,0
14055,0
53873,0
242993,0
195002,0
92209,0
116530,0
149964,0
236603,0
173759,0
2605,0
16345,0
130590,0
30489,0
224472,0
77079,0
150244,0
8347,0
90717,0
239800,0
148106,0
11,0
80716,0
246967,0
2762,0
81781,0
76366,0
126495,0
60766,0
128811,0
5989,0
169233,0
84782,0
9923,0
45665,0
101995,0
161791,0
126585,0
79901,0
183964,0
150686,0
6238,0
71205,0
151058,0
97589,0
243545,0
212873,0
121616,0
26925,0
114086,0
1036,0
94878,0
244551,0
136396,0
53500,0
62975,0
44140,0
242762,0
59933,0
246523,0
238713,0
66456,0
14149,0
118378,0
232454,0
114277,0
193310,0
59465,0
71902,0
246008,0
223806,0
128049,0
210166,0
148853,0
94037,0
166264,0
130405,0
111740,0
203627,0
168987,0
143509,0
73634,0
126721,0
68593,0
5059,0
79913,0
34900,0
43970,0
48830,0
210711,0
48585,0
34605,0
191045,0
94654,0
222391,0
7299,0
40380,0
23702,0
95100,0
123073,0
54121,0
161167,0
114630,0
94195,0
144891,0
146059,0
30454,0
192925,0
111579,0
74878,0
25876,0
97329,0
103076,0
242432,0
94299,0
138046,0
186197,0
217562,0
100423,0
201467,0
151587,0
163561,0
89034,0
54179,0
231224,0
84240,0
203943,0
243973,0
47222,0
52094,0
178509,0
61163,0
25696,0
87297,0
9325,0
180976,0
52589,0
77708,0
14643,0
109776,0
207963,0
169381,0
78748,0
166704,0
63857,0
233370,0
91662,0
245175,0
153268,0
147262,0
219819,0
4245,0
53146,0
189090,0
112611,0
49961,0
158897,0
13342,0
137823,0
174952,0
147976,0
137754,0
229869,0
58872,0
165139,0
197315,0
110519,0
130862,0
245595,0
99075,0
137206,0
62367,0
70700,0
64148,0
228267,0
21355,0
235872,0
93946,0
126293,0
171519,0
133038,0
83223,0
205182,0
101528,0
116952,0
205092,0
173986,0
204330,0
58628,0
12902,0
59893,0
82545,0
90032,0
217913,0
218624,0
34652,0
147502,0
133256,0
205365,0
234655,0
63202,0
134726,0
209554,0
214702,0
16826,0
215651,0
193047,0
145692,0
33831,0
123730,0
214379,0
53323,0
192705,0
187997,0
140016,0
234008,0
175229,0
42201,0
22409,0
130052,0
183794,0
95056,0
70306,0
123963,0
108834,0
246893,0
97174,0
22675,0
23383,0
175790,0
152044,0
169039,0
132415,0
36358,0
85685,0
82254,0
192756,0
15299,0
176888,0
208127,0
207076,0
150515,0
32296,0
77933,0
32638,0
129515,0
120893,0
5818,0
124287,0
101796,0
87307,0
196982,0
163154,0
126216,0
18571,0
70235,0
220671,0
2624,0
133718,0
75071,0
88436,0
136854,0
177661,0
162534,0
140212,0
152607,0
230610,0
72065,0
32607,0
7881,0
120427,0
208631,0
156835,0
45071,0
230077,0
58607,0
34246,0
62321,0
231783,0
239695,0
221392,0
208762,0
218287,0
3612,0
46597,0
204637,0
186858,0
78409,0
117307,0
115311,0
173543,0
59699,0
87176,0
65664,0
31175,0
125004,0
59611,0
116811,0
16732,0
22898,0
124529,0
81922,0
214594,0
230189,0
241497,0
125537,0
227695,0
163680,0
100914,0
173351,0
152071,0
91292,0
188497,0
227671,0
162378,0
99792,0
207895,0
186054,0
100070,0
81717,0
173086,0
122050,0
238431,0
198034,0
156069,0
201949,0
17594,0
65368,0
217487,0
113439,0
81295,0
165052,0
241250,0
99161,0
14398,0
59669,0
133353,0
54227,0
139924,0
156969,0
14227,0
98868,0
221886,0
166681,0
246312,0
39393,0
200594,0
198704,0
169185,0
14920,0
50610,0
124748,0
171439,0
228261,0
232926,0
89259,0
48510,0
15614,0
171865,0
43522,0
11361,0
136534,0
193662,0
143152,0
128092,0
248865,0
150152,0
241893,0
76806,0
110434,0
122451,0
51813,0
61389,0
195585,0
49498,0
173384,0
186585,0
45905,0
73372,0
49629,0
105590,0
145113,0
162280,0
81887,0
81543,0
37663,0
215741,0
107372,0
18533,0
210437,0
196940,0
2865,0
215438,0
144149,0
107766,0
191856,0
73282,0
209301,0
204459,0
114656,0
177935,0
161405,0
224590,0
152358,0
231054,0
168574,0
105869,0
47580,0
217389,0
2242,0
108310,0
80113,0
97629,0
217991,0
220380,0
202018,0
155595,0
88172,0
106842,0
44893,0
29222,0
230167,0
200014,0
45491,0
32277,0
98928,0
40719,0
45198,0
130463,0
202495,0
161030,0
98800,0
243508,0
152300,0
227681,0
200205,0
4175,0
247084,0
232829,0
115417,0
32762,0
128857,0
226790,0
196386,0
46401,0
18938,0
4464,0
26753,0
220075,0
21971,0
7779,0
230976,0
58493,0
77569,0
190897,0
236177,0
65649,0
30304,0
238857,0
149423,0
41898,0
91340,0
27652,0
110211,0
97134,0
14458,0
89720,0
210646,0
8644,0
85585,0
213369,0
241979,0
162208,0
8661,0
16386,0
248693,0
143679,0
68113,0
3235,0
161535,0
27607,0
4465,0
229816,0
14395,0
128695,0
215727,0
28445,0
159059,0
184970,0
160288,0
147390,0
222420,0
141730,0
69342,0
32395,0
217976,0
8216,0
20627,0
174778,0
59240,0
73611,0
23208,0
11947,0
98646,0
139358,0
215019,0
181477,0
211328,0
114219,0
114366,0
230681,0
46314,0
219262,0
148058,0
31281,0
77814,0
123655,0
168120,0
216124,0
16718,0
154001,0
11318,0
150041,0
214515,0
187472,0
209117,0
218856,0
123266,0
80335,0
142244,0
119876,0
146066,0
223774,0
38750,0
207166,0
137946,0
182372,0
155968,0
130549,0
37075,0
75197,0
22273,0
61092,0
172260,0
151577,0
113046,0
152602,0
187833,0
205588,0
75712,0
243519,0
201688,0
105663,0
134184,0
110306,0
14346,0
136333,0
108970,0
100896,0
184942,0
24392,0
142123,0
9588,0
152359,0
28303,0
249344,0
131549,0
6569,0
234362,0
130932,0
175025,0
167004,0
59020,0
80900,0
63349,0
53261,0
24785,0
81805,0
92315,0
234953,0
179021,0
160238,0
132119,0
169879,0
180665,0
93530,0
215765,0
131126,0
25041,0
100416,0
186062,0
205368,0
216119,0
67688,0
209183,0
228325,0
150046,0
69559,0
243707,0
152168,0
14670,0
153172,0
40455,0
222062,0
243189,0
191702,0
30102,0
193391,0
201024,0
186393,0
214293,0
48846,0
117108,0
164787,0
145640,0
245660,0
129154,0
9410,0
212416,0
75763,0
28995,0
27779,0
116023,0
194280,0
101710,0
31974,0
64244,0
155460,0
207699,0
83642,0
191877,0
166136,0
225679,0
133139,0
36565,0
7329,0
193957,0
126064,0
14366,0
137275,0
113013,0
17908,0
157570,0
71161,0
145236,0
179878,0
247958,0
49543,0
226500,0
15170,0
65987,0
118715,0
173415,0
97050,0
121481,0
81886,0
15066,0
5895,0
142731,0
5518,0
22186,0
43136,0
1772,0
227020,0
124386,0
171056,0
62882,0
135561,0
236330,0
34145,0
6479,0
15127,0
47974,0
96255,0
121143,0
152848,0
1762,0
91158,0
53802,0
28294,0
64855,0
192612,0
170084,0
60605,0
119711,0
168051,0
219833,0
100701,0
34960,0
61669,0
87944,0
175401,0
194359,0
6291,0
221880,0
220969,0
59381,0
72093,0
17980,0
124886,0
9722,0
200881,0
21082,0
203641,0
105904,0
14826,0
16430,0
45525,0
234009,0
175141,0
100853,0
63148,0
120545,0
197390,0
161718,0
118534,0
54837,0
239845,0
82354,0
224268,0
228453,0
37785,0
157759,0
62509,0
142430,0
60767,0
15502,0
82325,0
194022,0
161198,0
183028,0
127706,0
130680,0
26483,0
148205,0
97787,0
17560,0
22221,0
143830,0
194297,0
2852,0
101009,0
129384,0
100551,0
240291,0
34886,0
241795,0
130344,0
79424,0
114309,0
23159,0
234249,0
202955,0
211055,0
187809,0
61283,0
225632,0
225955,0
154801,0
96670,0
168695,0
89514,0
217447,0
173309,0
239791,0
157441,0
218844,0
79013,0
243713,0
139503,0
168419,0
201677,0
129901,0
217216,0
225450,0
175115,0
209589,0
142595,0
185865,0
94585,0
175925,0
193872,0
47334,0
87093,0
78357,0
234288,0
174283,0
129241,0
238611,0
142612,0
136988,0
51420,0
170125,0
154554,0
149866,0
215348,0
71625,0
25941,0
135219,0
153292,0
149611,0
33331,0
23972,0
51989,0
75284,0
236920,0
12246,0
34770,0
203328,0
21046,0
185213,0
70315,0
19886,0
90142,0
77501,0
97617,0
240160,0
91144,0
208489,0
111802,0
132246,0
115789,0
220135,0
64886,0
68584,0
4887,0
114037,0
180307,0
80236,0
130113,0
46317,0
114558,0
138133,0
184930,0
133348,0
217824,0
104300,0
107296,0
57860,0
231375,0
249515,0
232992,0
39033,0
32764,0
179548,0
8197,0
170889,0
229771,0
230480,0
179042,0
81883,0
128008,0
179090,0
213689,0
182540,0
75011,0
111457,0
22122,0
194130,0
52000,0
196025,0
192998,0
93143,0
198646,0
103365,0
123813,0
227301,0
162797,0
162129,0
185624,0
225147,0
228019,0
63748,0
86819,0
15822,0
230422,0
220284,0
169536,0
10617,0
161724,0
62122,0
89112,0
222160,0
187106,0
172271,0
52128,0
66370,0
197543,0
66288,0
43500,0
246004,0
50149,0
116896,0
59786,0
182687,0
180675,0
90560,0
27291,0
201145,0
44631,0
213748,0
198711,0
75621,0
240899,0
11038,0
163181,0
157171,0
209270,0
30039,0
61588,0
5746,0
187799,0
150482,0
102238,0
91481,0
245438,0
210002,0
242221,0
243817,0
81154,0
212024,0
172365,0
217946,0
218525,0
56107,0
130645,0
111225,0
120251,0
214748,0
98554,0
9659,0
178975,0
94676,0
181466,0
63282,0
183101,0
234597,0
166297,0
84158,0
122541,0
105758,0
49673,0
131723,0
5201,0
142525,0
12964,0
237823,0
42854,0
224081,0
212918,0
129853,0
121431,0
32951,0
226781,0
63504,0
57597,0
236580,0
110457,0
46359,0
108804,0
225662,0
159461,0
83770,0
66176,0
54730,0
156333,0
63124,0
217378,0
188167,0
101657,0
216178,0
67385,0
138229,0
214019,0
71219,0
130123,0
140019,0
121711,0
48713,0
191927,0
223442,0
118229,0
188313,0
24023,0
200372,0
204091,0
89290,0
35763,0
63531,0
20020,0
24712,0
243440,0
194670,0
55045,0
104093,0
80230,0
91447,0
221384,0
79055,0
150574,0
82651,0
3343,0
123084,0
122551,0
61960,0
126623,0
42526,0
54815,0
216974,0
233063,0
139277,0
9373,0
27193,0
145859,0
209549,0
161246,0
204005,0
121423,0
184220,0
193841,0
51741,0
86347,0
22278,0
87376,0
59969,0
46952,0
24235,0
124602,0
186746,0
28780,0
161312,0
72389,0
63357,0
33901,0
116394,0
180650,0
154679,0
41233,0
86333,0
20145,0
28061,0
234691,0
164162,0
175068,0
63941,0
196598,0
132109,0
160011,0
202469,0
111588,0
125378,0
128760,0
41338,0
84131,0
11661,0
205356,0
93290,0
6893,0
33661,0
18303,0
110101,0
242105,0
186107,0
239663,0
142733,0
80778,0
14406,0
247322,0
213588,0
4822,0
122356,0
11561,0
238133,0
248570,0
212545,0
53649,0
25982,0
76097,0
103411,0
15199,0
161721,0
151163,0
107254,0
114260,0
146471,0
120009,0
145245,0
215620,0
196471,0
75668,0
107023,0
107448,0
214611,0
175197,0
147613,0
246311,0
203314,0
145460,0
101893,0
135855,0
22832,0
217510,0
102010,0
34194,0
95577,0
99938,0
39559,0
136008,0
128728,0
179203,0
227335,0
92489,0
104206,0
21587,0
189205,0
142461,0
136724,0
167828,0
84632,0
112810,0
109842,0
173440,0
32170,0
169859,0
243953,0
242452,0
241113,0
190894,0
66153,0
71471,0
8822,0
206975,0
105085,0
208847,0
193068,0
200472,0
242248,0
118921,0
245557,0
35325,0
81016,0
28109,0
224581,0
19297,0
163485,0
195477,0
222411,0
3658,0
99355,0
96959,0
180309,0
179261,0
99510,0
142802,0
65835,0
98836,0
191681,0
226143,0
51090,0
82627,0
225185,0
52676,0
83498,0
184562,0
18731,0
67921,0
150132,0
86601,0
153486,0
37684,0
230830,0
221409,0
22589,0
245910,0
134167,0
204634,0
27517,0
93328,0
153427,0
115896,0
57635,0
166847,0
37223,0
118096,0
209089,0
164710,0
98887,0
244854,0
64414,0
70059,0
170990,0
48898,0
101414,0
175493,0
70955,0
122988,0
6673,0
213290,0
72646,0
238272,0
14961,0
212396,0
229961,0
69995,0
61461,0
206167,0
41595,0
173693,0
136420,0
49265,0
96932,0
179768,0
245422,0
33972,0
236283,0
246307,0
127432,0
67604,0
28713,0
71603,0
221359,0
193133,0
176735,0
175619,0
157301,0
189527,0
163777,0
49022,0
54374,0
139364,0
157663,0
129067,0
142278,0
228273,0
130055,0
222509,0
163286,0
145915,0
184135,0
52674,0
36748,0
37568,0
222666,0
233714,0
25138,0
51334,0
108514,0
36333,0
54141,0
14634,0
37648,0
219154,0
187569,0
91688,0
182752,0
107728,0
238482,0
40098,0
8794,0
118169,0
49908,0
106396,0
21467,0
77130,0
246258,0
46348,0
232138,0
13373,0
153286,0
34360,0
76903,0
23962,0
40993,0
164874,0
192943,0
147338,0
152497,0
19968,0
220003,0
68353,0
172170,0
36976,0
1356,0
213330,0
28913,0
245828,0
219254,0
123542,0
35160,0
56465,0
16113,0
90307,0
202400,0
57747,0
23505,0
195012,0
246650,0
93121,0
195448,0
99362,0
242607,0
206135,0
79809,0
149618,0
149699,0
86999,0
66432,0
108990,0
109223,0
32626,0
30811,0
208597,0
71179,0
155871,0
100121,0
123893,0
32526,0
84848,0
161309,0
142250,0
228445,0
66659,0
203456,0
15981,0
14339,0
103126,0
241638,0
49653,0
224466,0
220329,0
131139,0
69266,0
23612,0
222673,0
220019,0
143146,0
54640,0
166600,0
249259,0
21160,0
142070,0
121672,0
7832,0
139442,0
21448,0
225403,0
28237,0
50922,0
100624,0
99560,0
95730,0
5388,0
129194,0
194339,0
217680,0
123835,0
247947,0
11145,0
39958,0
232108,0
98922,0
155237,0
53967,0
117673,0
73659,0
225172,0
171168,0
149053,0
59601,0
158363,0
72552,0
210898,0
34223,0
196279,0
227433,0
161317,0
212447,0
173751,0
195080,0
221252,0
104538,0
149687,0
179708,0
156964,0
122123,0
214215,0
116874,0
114007,0
116765,0
12843,0
64750,0
217882,0
174871,0
193369,0
216676,0
245500,0
190504,0
109193,0
45728,0
239285,0
139184,0
107313,0
42869,0
16268,0
65517,0
179007,0
243858,0
180716,0
174187,0
196902,0
19294,0
55454,0
1554,0
25625,0
215374,0
234136,0
22256,0
126603,0
75534,0
238422,0
32318,0
180594,0
99604,0
190127,0
27445,0
210206,0
82684,0
231843,0
163582,0
130808,0
101199,0
32932,0
158291,0
177582,0
134292,0
94166,0
128481,0
191952,0
187462,0
190221,0
11052,0
118097,0
233352,0
51387,0
11491,0
214437,0
25017,0
150490,0
57979,0
210668,0
248874,0
233191,0
158184,0
123326,0
247211,0
202205,0
141658,0
151143,0
217779,0
224277,0
56512,0
1748,0
126600,0
225951,0
22587,0
101166,0
26659,0
107756,0
69235,0
133475,0
126188,0
245538,0
16045,0
194178,0
131210,0
241765,0
114553,0
176212,0
150123,0
31597,0
116366,0
192856,0
153196,0
92441,0
77841,0
155744,0
166947,0
44910,0
215595,0
227101,0
64781,0
149490,0
183793,0
49833,0
221534,0
154520,0
26468,0
93227,0
162039,0
244052,0
152555,0
62702,0
35909,0
222747,0
121067,0
209130,0
96065,0
165133,0
14369,0
14399,0
53725,0
18630,0
122117,0
53782,0
225265,0
233001,0
82133,0
191628,0
150225,0
245033,0
101396,0
49785,0
190205,0
146098,0
212231,0
71228,0
38563,0
27826,0
187138,0
75166,0
145020,0
30878,0
248705,0
43875,0
122926,0
133247,0
81763,0
33636,0
45824,0
201471,0
24662,0
202721,0
82825,0
208930,0
44821,0
110686,0
124902,0
196026,0
197782,0
92405,0
200849,0
31747,0
115726,0
241543,0
189716,0
132253,0
175664,0
3701,0
28945,0
180711,0
144746,0
132421,0
176163,0
86011,0
15432,0
180301,0
244836,0
228058,0
19368,0
161003,0
178035,0
2856,0
188991,0
228545,0
125979,0
162427,0
76784,0
81458,0
149322,0
117929,0
236480,0
137255,0
205539,0
176416,0
154436,0
9054,0
41495,0
135490,0
128734,0
131840,0
21977,0
158591,0
46807,0
30140,0
82371,0
140861,0
6197,0
217232,0
27533,0
25288,0
149677,0
245065,0
59359,0
26424,0
186866,0
80712,0
39112,0
191965,0
95216,0
214056,0
64950,0
120613,0
12531,0
108851,0
160739,0
4537,0
120847,0
149652,0
135489,0
141477,0
197632,0
217353,0
53741,0
244949,0
13161,0
27317,0
148698,0
54742,0
18992,0
162037,0
138170,0
132478,0
151334,0
219712,0
213446,0
36556,0
150420,0
201642,0
99954,0
155112,0
196746,0
60970,0
176763,0
188947,0
119327,0
85441,0
141968,0
176297,0
147219,0
12382,0
50398,0
187157,0
123661,0
196259,0
79382,0
160748,0
71039,0
18815,0
240386,0
24669,0
95801,0
16710,0
63156,0
245991,0
186906,0
217698,0
66435,0
113911,0
24473,0
99667,0
52850,0
124141,0
41712,0
23006,0
18947,0
72044,0
158289,0
144024,0
141441,0
180617,0
243871,0
230287,0
200989,0
91401,0
50475,0
171183,0
20610,0
84451,0
74839,0
192951,0
60847,0
130022,0
155696,0
8353,0
103592,0
42931,0
66484,0
107037,0
149577,0
41211,0
238786,0
128620,0
238920,0
19014,0
159713,0
228406,0
214360,0
43550,0
195995,0
245255,0
71768,0
92298,0
22607,0
54084,0
185156,0
244711,0
128095,0
187870,0
186273,0
88732,0
158010,0
44359,0
169818,0
105407,0
170377,0
158697,0
118878,0
99457,0
211098,0
113531,0
15905,0
240004,0
5753,0
245345,0
38370,0
86697,0
114414,0
128997,0
6436,0
187601,0
142271,0
12885,0
217317,0
209937,0
53181,0
101841,0
29523,0
28596,0
234766,0
110334,0
245132,0
96133,0
213991,0
64060,0
192531,0
24195,0
63498,0
76912,0
234471,0
62246,0
203144,0
246537,0
75838,0
142252,0
143171,0
23242,0
121572,0
175423,0
141051,0
169633,0
168737,0
162292,0
249291,0
228585,0
170388,0
50266,0
59313,0
229815,0
122752,0
175992,0
156655,0
233328,0
245697,0
213085,0
35768,0
244147,0
129389,0
138610,0
226796,0
16637,0
201684,0
95635,0
230646,0
74331,0
120439,0
210201,0
145173,0
202347,0
30023,0
100926,0
223745,0
208966,0
119563,0
34211,0
119435,0
162379,0
111923,0
170550,0
245560,0
98378,0
198243,0
244013,0
57496,0
163809,0
111386,0
15340,0
38973,0
198683,0
141635,0
228618,0
236676,0
218071,0
179064,0
272,0
140348,0
37724,0
164829,0
200159,0
106703,0
1351,0
149048,0
229715,0
22301,0
147011,0
285,0
165110,0
178709,0
110108,0
21252,0
38625,0
122888,0
103378,0
243094,0
83161,0
15786,0
230637,0
153785,0
233283,0
143243,0
26643,0
26721,0
217739,0
18558,0
168834,0
155729,0
139904,0
154484,0
52223,0
32319,0
110163,0
104550,0
139668,0
156447,0
32736,0
34631,0
48183,0
16240,0
201945,0
104242,0
41624,0
23360,0
120543,0
156576,0
50695,0
185330,0
18349,0
173153,0
62895,0
241056,0
76738,0
176448,0
129358,0
26259,0
173216,0
200274,0
160038,0
152673,0
240070,0
99883,0
112317,0
84884,0
149445,0
94671,0
24393,0
7143,0
161418,0
40843,0
108216,0
236777,0
7745,0
228661,0
123883,0
45535,0
225572,0
193139,0
154545,0
183809,0
233544,0
81601,0
198980,0
136462,0
67280,0
158210,0
46872,0
163374,0
145045,0
241502,0
208911,0
249960,0
1983,0
19693,0
232772,0
130948,0
238560,0
160107,0
145087,0
108682,0
37838,0
46182,0
209954,0
133306,0
230898,0
209600,0
25047,0
75299,0
185107,0
118197,0
44847,0
135129,0
3504,0
60685,0
219892,0
126511,0
24203,0
137721,0
44202,0
90350,0
67851,0
151030,0
41511,0
228473,0
214541,0
164852,0
44181,0
207552,0
32339,0
40182,0
6090,0
207653,0
201325,0
88822,0
93604,0
215404,0
178873,0
208498,0
219701,0
25013,0
199398,0
212118,0
100004,0
218213,0
227872,0
228099,0
21890,0
10764,0
152681,0
47735,0
44570,0
187121,0
222521,0
52605,0
134931,0
115085,0
85116,0
132593,0
67223,0
235052,0
138529,0
71159,0
27520,0
249887,0
105,0
22135,0
101887,0
227800,0
200021,0
140449,0
173814,0
130457,0
168817,0
82206,0
20626,0
57421,0
95538,0
23583,0
108729,0
49397,0
71379,0
32973,0
193862,0
238345,0
228450,0
32461,0
180359,0
245306,0
30914,0
178820,0
100001,0
74782,0
191650,0
152056,0
139210,0
194591,0
97996,0
212161,0
64675,0
55312,0
175620,0
217997,0
212841,0
27127,0
125218,0
214599,0
13087,0
38093,0
84657,0
42671,0
160368,0
22349,0
239875,0
7451,0
62533,0
136920,0
45402,0
145660,0
99204,0
110607,0
112371,0
231869,0
99649,0
176140,0
96192,0
13034,0
60994,0
99725,0
38838,0
45733,0
27703,0
112925,0
7781,0
223823,0
93845,0
95172,0
78788,0
174345,0
104623,0
232875,0
229039,0
121079,0
178349,0
102007,0
213681,0
14535,0
194503,0
117971,0
21353,0
15992,0
19807,0
237274,0
54081,0
92834,0
38952,0
205350,0
164493,0
147644,0
88239,0
103132,0
87345,0
77566,0
160415,0
18040,0
73843,0
160009,0
32436,0
103936,0
164893,0
222348,0
236034,0
172508,0
157811,0
25283,0
43940,0
151368,0
122466,0
73895,0
211759,0
40383,0
47789,0
76828,0
47959,0
124512,0
78419,0
158318,0
51433,0
249942,0
36448,0
128931,0
65219,0
140687,0
212087,0
134261,0
45112,0
197860,0
171944,0
209144,0
9731,0
148788,0
100103,0
122460,0
243170,0
187765,0
221515,0
32155,0
180762,0
75311,0
190589,0
73317,0
1039,0
64029,0
28587,0
176686,0
249117,0
141741,0
89498,0
68632,0
233274,0
234788,0
142188,0
37523,0
154464,0
192640,0
225795,0
71782,0
63573,0
48131,0
134085,0
61912,0
111427,0
126177,0
177598,0
53302,0
121690,0
156725,0
36438,0
156842,0
220371,0
18122,0
6120,0
190853,0
165580,0
235449,0
237866,0
143353,0
159151,0
230629,0
90778,0
43810,0
98078,0
104744,0
42236,0
159189,0
81891,0
205624,0
124866,0
92450,0
243235,0
111746,0
241684,0
230708,0
180416,0
32312,0
218911,0
228863,0
150934,0
93292,0
69379,0
163956,0
9563,0
102584,0
109789,0
60311,0
133448,0
104517,0
79816,0
12603,0
241213,0
27530,0
121113,0
182858,0
35506,0
188702,0
229599,0
86367,0
117757,0
231539,0
62627,0
60763,0
231395,0
77724,0
27879,0
28143,0
170770,0
215255,0
48140,0
147831,0
22843,0
112534,0
157545,0
208746,0
77673,0
211464,0
202024,0
147111,0
35970,0
248621,0
227197,0
190604,0
81068,0
146680,0
112136,0
32090,0
16039,0
122945,0
202019,0
161936,0
37464,0
206605,0
134898,0
82857,0
29249,0
43073,0
120604,0
93056,0
150414,0
32682,0
184290,0
41350,0
186225,0
23522,0
69757,0
107423,0
8588,0
207223,0
200405,0
213449,0
123088,0
142434,0
216986,0
33740,0
15262,0
241284,0
171062,0
57598,0
129059,0
165571,0
147126,0
139409,0
174613,0
135541,0
244372,0
227237,0
166484,0
216216,0
471,0
110,0
114268,0
188734,0
180840,0
22676,0
135218,0
236029,0
21202,0
76132,0
193453,0
70406,0
179454,0
201054,0
104514,0
172244,0
28108,0
80654,0
11048,0
62435,0
173720,0
15780,0
147469,0
186408,0
216811,0
146651,0
107750,0
25396,0
213758,0
23658,0
111721,0
14468,0
171879,0
145224,0
222145,0
143253,0
170358,0
175524,0
223498,0
238200,0
239993,0
237058,0
14965,0
234220,0
193648,0
126523,0
173568,0
79755,0
240865,0
205802,0
222652,0
18959,0
236267,0
138870,0
38668,0
12540,0
147798,0
15001,0
128629,0
223600,0
85958,0
189273,0
101205,0
205049,0
79966,0
43975,0
22048,0
217736,0
267,0
243331,0
81207,0
134243,0
172322,0
176714,0
150520,0
151370,0
206651,0
44139,0
174590,0
243821,0
52246,0
127544,0
89512,0
1900,0
192273,0
194560,0
187239,0
52450,0
27078,0
58409,0
191284,0
175488,0
211072,0
186494,0
210101,0
163612,0
54108,0
104515,0
141855,0
40839,0
53357,0
4859,0
69272,0
110407,0
14685,0
27751,0
227440,0
43287,0
197088,0
143795,0
89174,0
22341,0
8420,0
80593,0
29380,0
28195,0
54064,0
93460,0
141505,0
198796,0
101712,0
125134,0
2331,0
215326,0
27613,0
218934,0
134412,0
23943,0
168423,0
48103,0
116044,0
189437,0
155528,0
174006,0
142058,0
135519,0
221464,0
218982,0
76940,0
245341,0
44396,0
241185,0
26391,0
30809,0
192648,0
173882,0
111939,0
41660,0
67049,0
216626,0
249569,0
209943,0
17902,0
94419,0
61297,0
102016,0
116061,0
96362,0
240710,0
122437,0
207324,0
100733,0
50134,0
213751,0
82671,0
166113,0
214555,0
230129,0
217288,0
904,0
91425,0
26103,0
29827,0
104325,0
14662,0
142254,0
100557,0
98472,0
235373,0
15165,0
140420,0
132319,0
14255,0
80851,0
135564,0
189984,0
76766,0
124859,0
126253,0
223002,0
182549,0
158013,0
183053,0
180184,0
151916,0
99151,0
171676,0
138646,0
3383,0
29019,0
130821,0
198174,0
215476,0
85732,0
117390,0
204213,0
124508,0
44646,0
127821,0
988,0
40292,0
44965,0
149654,0
10941,0
248430,0
103544,0
142065,0
75915,0
79678,0
207071,0
15599,0
212940,0
3782,0
28621,0
78697,0
116279,0
163017,0
33868,0
61247,0
122100,0
11462,0
247899,0
170788,0
82797,0
175898,0
69277,0
56200,0
199698,0
73880,0
3610,0
104331,0
183496,0
178005,0
220382,0
33390,0
8856,0
27411,0
236081,0
185483,0
199142,0
45448,0
167295,0
97974,0
216770,0
394,0
88079,0
127007,0
154143,0
168402,0
171318,0
9014,0
175315,0
114635,0
12851,0
149116,0
194695,0
162390,0
121330,0
153733,0
67665,0
48837,0
192242,0
114334,0
132793,0
149683,0
98341,0
208770,0
223107,0
138427,0
172231,0
104908,0
48955,0
184012,0
247427,0
223560,0
191318,0
104305,0
197605,0
57811,0
239234,0
61698,0
110362,0
98999,0
60463,0
34092,0
9955,0
234732,0
102807,0
86131,0
32346,0
221569,0
247130,0
90087,0
220442,0
109292,0
112213,0
7849,0
3683,0
168275,0
36733,0
2731,0
84385,0
31599,0
81351,0
64109,0
63417,0
138658,0
154503,0
178177,0
26743,0
183143,0
191900,0
50162,0
106095,0
33764,0
92081,0
145007,0
126896,0
108103,0
174244,0
159707,0
114562,0
79620,0
505,0
213930,0
162030,0
106163,0
129766,0
116271,0
180959,0
93905,0
8533,0
185171,0
164620,0
158732,0
101097,0
199833,0
190638,0
187046,0
245782,0
237891,0
119262,0
219209,0
10075,0
120322,0
230598,0
54188,0
55470,0
29869,0
36964,0
231343,0
236012,0
217455,0
188547,0
76332,0
30391,0
55018,0
186313,0
30719,0
141612,0
222177,0
146973,0
21195,0
145567,0
92781,0
173910,0
73048,0
178918,0
115986,0
207622,0
77676,0
34048,0
242806,0
214191,0
36316,0
112609,0
146522,0
109275,0
90514,0
119675,0
43171,0
88248,0
21705,0
222805,0
230572,0
8137,0
152693,0
72354,0
16991,0
116593,0
2218,0
25109,0
215391,0
148350,0
167533,0
236730,0
158102,0
76538,0
234938,0
107527,0
214795,0
237114,0
103921,0
7786,0
116452,0
210235,0
29787,0
125519,0
223787,0
75615,0
45220,0
114554,0
57111,0
46367,0
159918,0
142460,0
101835,0
148863,0
25075,0
99323,0
145179,0
87422,0
101988,0
419,0
9463,0
47247,0
214621,0
8524,0
167985,0
225123,0
110152,0
127268,0
103151,0
142473,0
210867,0
111621,0
176729,0
73418,0
215420,0
6927,0
187284,0
180661,0
111087,0
168242,0
114596,0
180187,0
133254,0
44128,0
55925,0
96351,0
89462,0
57819,0
21571,0
247769,0
142253,0
139434,0
66212,0
118107,0
62710,0
40766,0
186771,0
193104,0
180919,0
92682,0
43768,0
87442,0
43450,0
14998,0
167643,0
186706,0
151049,0
84748,0
103243,0
201897,0
224813,0
216380,0
144869,0
249597,0
29359,0
11508,0
225823,0
178186,0
91768,0
65286,0
127508,0
26151,0
153445,0
155071,0
7144,0
140253,0
68817,0
226284,0
135888,0
248600,0
67129,0
16613,0
54521,0
212872,0
116690,0
206252,0
40280,0
118938,0
178988,0
40741,0
152435,0
236473,0
75329,0
204755,0
59257,0
151189,0
416,0
194856,0
205911,0
154511,0
54955,0
54308,0
219710,0
143671,0
103286,0
241165,0
183661,0
188742,0
222986,0
52871,0
108690,0
102089,0
180815,0
247954,0
78411,0
222272,0
136257,0
191831,0
201595,0
33130,0
64602,0
205054,0
213042,0
174349,0
54590,0
25142,0
201605,0
214078,0
137582,0
160029,0
192380,0
209892,0
34580,0
139440,0
65168,0
217369,0
49442,0
62838,0
146258,0
90423,0
172748,0
82981,0
188522,0
107054,0
232281,0
230550,0
163974,0
52834,0
109243,0
112405,0
29835,0
83825,0
46282,0
120686,0
161218,0
146432,0
29650,0
249634,0
110354,0
169309,0
60001,0
63473,0
19951,0
228993,0
244422,0
217305,0
196696,0
16788,0
120520,0
20440,0
9798,0
165400,0
161955,0
11959,0
216314,0
89759,0
243229,0
134370,0
11883,0
111423,0
30004,0
223978,0
190616,0
183556,0
89634,0
211174,0
231242,0
209688,0
234992,0
237476,0
82751,0
202781,0
106101,0
194635,0
113525,0
161291,0
151757,0
158123,0
39239,0
216534,0
24454,0
52972,0
174448,0
163587,0
8415,0
189416,0
135812,0
149852,0
33171,0
77073,0
229080,0
108727,0
132357,0
215484,0
32785,0
109402,0
120806,0
192913,0
31274,0
36716,0
136947,0
154479,0
47810,0
107098,0
177699,0
168565,0
107272,0
31243,0
65499,0
124637,0
160464,0
8830,0
100143,0
167165,0
144658,0
182409,0
189412,0
149185,0
23917,0
199892,0
173656,0
133759,0
124910,0
227014,0
246037,0
92785,0
62446,0
182022,0
149268,0
58094,0
244803,0
190999,0
18857,0
220029,0
50760,0
184040,0
134265,0
138710,0
151166,0
146976,0
190352,0
12469,0
75826,0
92576,0
47522,0
40589,0
56389,0
2379,0
53835,0
132914,0
5022,0
214547,0
13141,0
76353,0
70811,0
133487,0
88998,0
39382,0
93569,0
199274,0
173340,0
8419,0
199706,0
211874,0
214466,0
578,0
10883,0
176949,0
159641,0
203559,0
195407,0
93192,0
245368,0
174457,0
52728,0
125485,0
175131,0
166660,0
6883,0
67139,0
58779,0
54889,0
228714,0
50334,0
137874,0
46362,0
102844,0
190042,0
7698,0
138900,0
45497,0
66595,0
17105,0
140566,0
244233,0
16518,0
71202,0
29147,0
74387,0
141396,0
35390,0
72734,0
121960,0
16521,0
201478,0
12443,0
216459,0
11348,0
164116,0
32094,0
174810,0
162400,0
181146,0
242730,0
75072,0
238397,0
90923,0
73893,0
16816,0
164613,0
72214,0
89691,0
28110,0
116834,0
219922,0
27112,0
122532,0
103052,0
147033,0
128067,0
100581,0
95584,0
35475,0
213927,0
181657,0
192216,0
99413,0
248783,0
167359,0
133068,0
69610,0
116306,0
212782,0
227602,0
188053,0
4183,0
249686,0
174971,0
34102,0
185714,0
62464,0
153991,0
124610,0
187173,0
111877,0
139886,0
244571,0
195764,0
241919,0
45898,0
134758,0
238802,0
210472,0
234308,0
18329,0
28046,0
214991,0
94617,0
164417,0
223040,0
100118,0
140845,0
52780,0
151643,0
58144,0
114783,0
117190,0
149858,0
108445,0
83935,0
78144,0
170138,0
171540,0
93902,0
140383,0
79969,0
18355,0
98974,0
84208,0
233778,0
6947,0
245555,0
17863,0
40534,0
84310,0
194961,0
55915,0
113288,0
92183,0
162307,0
60132,0
75326,0
71457,0
221674,0
180320,0
78135,0
59929,0
66009,0
133817,0
177294,0
29729,0
122442,0
54401,0
3233,0
149043,0
12923,0
235389,0
209882,0
183337,0
74249,0
247406,0
152670,0
117848,0
23895,0
164391,0
39864,0
89601,0
32246,0
108733,0
216021,0
115693,0
86886,0
93233,0
25717,0
83841,0
195126,0
194071,0
171998,0
123957,0
232595,0
35156,0
63480,0
15858,0
46742,0
217887,0
243063,0
190180,0
2601,0
1454,0
102923,0
40569,0
174836,0
224079,0
229936,0
160093,0
64912,0
55762,0
141546,0
73262,0
128425,0
61144,0
101642,0
77639,0
124071,0
127282,0
94046,0
54556,0
92012,0
136776,0
137528,0
221933,0
151238,0
145376,0
77869,0
180893,0
21154,0
240034,0
136363,0
200605,0
184433,0
74831,0
72737,0
124744,0
122178,0
238259,0
224028,0
32043,0
95809,0
68372,0
146644,0
152211,0
170194,0
120479,0
141578,0
186289,0
34436,0
213352,0
24329,0
72537,0
212495,0
175589,0
9690,0
201341,0
215084,0
92616,0
131193,0
240213,0
244293,0
210796,0
96642,0
57951,0
51282,0
169459,0
216670,0
63558,0
193927,0
172547,0
244033,0
20046,0
51752,0
211792,0
233947,0
39160,0
32427,0
171099,0
151211,0
103629,0
209226,0
20775,0
100096,0
177894,0
244713,0
144432,0
238037,0
240460,0
148614,0
96869,0
17996,0
191912,0
3103,0
35721,0
78474,0
38483,0
83628,0
127207,0
5962,0
76866,0
156112,0
175418,0
19660,0
217271,0
225460,0
3165,0
9712,0
139572,0
119861,0
28077,0
63186,0
240229,0
118640,0
135159,0
110493,0
191092,0
202878,0
80015,0
121508,0
31355,0
52617,0
35273,0
78438,0
75797,0
136274,0
17462,0
123589,0
101258,0
62504,0
21211,0
102041,0
69587,0
239435,0
65714,0
210034,0
202777,0
124473,0
188402,0
61419,0
119329,0
225148,0
202388,0
211033,0
224342,0
15764,0
79482,0
155051,0
47843,0
216987,0
51564,0
83345,0
148855,0
128708,0
146490,0
152187,0
237415,0
6989,0
94872,0
43599,0
3366,0
161117,0
46342,0
106878,0
114570,0
100301,0
45150,0
182282,0
153197,0
161800,0
76741,0
93570,0
107862,0
158953,0
25140,0
193129,0
123443,0
62572,0
26448,0
131897,0
212638,0
32375,0
37184,0
146740,0
153566,0
205151,0
111100,0
124186,0
202213,0
118182,0
151992,0
21184,0
13273,0
99398,0
222968,0
165470,0
111137,0
230748,0
88413,0
93379,0
249639,0
222613,0
60225,0
57947,0
235257,0
99985,0
197336,0
248462,0
35009,0
85663,0
27963,0
32755,0
237072,0
103552,0
231020,0
195322,0
14993,0
98003,0
15166,0
147466,0
45563,0
28990,0
199179,0
101557,0
224077,0
221271,0
113210,0
132308,0
18265,0
12035,0
238972,0
21371,0
193535,0
34974,0
120414,0
229732,0
25255,0
32742,0
34672,0
97187,0
6096,0
106925,0
219876,0
141285,0
51505,0
88404,0
210900,0
52706,0
240605,0
134432,0
161817,0
176966,0
211717,0
110505,0
227279,0
39741,0
206620,0
202087,0
226498,0
775,0
218026,0
236701,0
152476,0
175932,0
47851,0
231755,0
1826,0
212813,0
17541,0
123647,0
41183,0
198833,0
245266,0
35302,0
127138,0
144376,0
13248,0
5803,0
122605,0
23351,0
227225,0
50649,0
6867,0
220832,0
110926,0
202631,0
186332,0
85159,0
170144,0
167915,0
147930,0
184708,0
155909,0
206421,0
247785,0
29790,0
73604,0
88031,0
35002,0
34771,0
63540,0
151103,0
45473,0
23468,0
61682,0
242037,0
216589,0
180911,0
111909,0
200663,0
226534,0
150098,0
179643,0
19489,0
164776,0
239215,0
132842,0
22809,0
160668,0
176354,0
130378,0
147592,0
173961,0
212627,0
107058,0
173131,0
223782,0
185446,0
134293,0
20899,0
220701,0
95631,0
171431,0
200070,0
48592,0
229009,0
182205,0
115214,0
135140,0
245572,0
119237,0
22862,0
201832,0
183833,0
10193,0
176518,0
217329,0
117923,0
208421,0
135364,0
190607,0
26827,0
226967,0
208415,0
168629,0
193864,0
222522,0
103086,0
99085,0
191503,0
24506,0
159812,0
131529,0
109940,0
69846,0
114765,0
149802,0
35103,0
42619,0
148516,0
106992,0
60502,0
168269,0
58412,0
101770,0
92625,0
88468,0
78770,0
229704,0
177807,0
78529,0
40854,0
127150,0
202901,0
36240,0
29874,0
189212,0
175800,0
67870,0
114216,0
189413,0
29512,0
242755,0
70335,0
236016,0
188361,0
107429,0
155166,0
183494,0
215903,0
134581,0
229108,0
217699,0
107976,0
216457,0
71866,0
159406,0
194520,0
8361,0
221559,0
83912,0
226484,0
192680,0
199914,0
162318,0
109683,0
82903,0
249074,0
24806,0
53941,0
199039,0
248518,0
106715,0
31594,0
215022,0
90786,0
236747,0
119298,0
89775,0
217856,0
210037,0
67508,0
158779,0
155221,0
105181,0
119063,0
235576,0
77345,0
99382,0
45228,0
153008,0
208949,0
103110,0
211435,0
230919,0
188479,0
235022,0
93349,0
198748,0
137010,0
47199,0
116684,0
78083,0
135761,0
111158,0
110388,0
37721,0
204687,0
224569,0
222766,0
238893,0
118931,0
20058,0
109013,0
15539,0
98867,0
47130,0
234536,0
95409,0
171925,0
103244,0
93641,0
223313,0
203771,0
73708,0
138855,0
230336,0
25659,0
186375,0
169483,0
142805,0
82883,0
118720,0
80791,0
186130,0
47422,0
133506,0
211267,0
219639,0
31538,0
162908,0
100421,0
212359,0
128943,0
154201,0
44042,0
94677,0
110006,0
186317,0
138718,0
149645,0
182647,0
224260,0
174937,0
248132,0
55635,0
212345,0
131606,0
97808,0
113128,0
114712,0
54372,0
118470,0
141119,0
157739,0
189507,0
102186,0
240204,0
222150,0
93692,0
176247,0
40350,0
244382,0
117761,0
199170,0
109262,0
10305,0
156765,0
19934,0
96415,0
76458,0
239693,0
170983,0
101794,0
124352,0
156944,0
185208,0
148666,0
164461,0
209647,0
42247,0
80418,0
99150,0
243982,0
217956,0
3807,0
81259,0
187400,0
34762,0
232408,0
50423,0
65483,0
11180,0
5705,0
248916,0
188020,0
219139,0
146412,0
107699,0
46457,0
107201,0
93316,0
170331,0
233715,0
45460,0
219106,0
52961,0
130285,0
148218,0
242656,0
33100,0
85725,0
210872,0
198072,0
58863,0
212513,0
113061,0
37583,0
238751,0
7959,0
12212,0
118351,0
98578,0
48096,0
108356,0
135093,0
248464,0
248741,0
178195,0
105331,0
158182,0
12412,0
78559,0
159471,0
127464,0
199911,0
23791,0
248105,0
69418,0
235602,0
17383,0
62981,0
240972,0
224883,0
200323,0
152707,0
52472,0
11849,0
110461,0
236156,0
204039,0
103688,0
186677,0
15658,0
22858,0
213649,0
51732,0
71493,0
221148,0
108608,0
99755,0
203817,0
223266,0
161332,0
573,0
105490,0
249413,0
206898,0
186610,0
79022,0
197081,0
36016,0
188732,0
40940,0
148543,0
23276,0
158733,0
219301,0
47433,0
201018,0
208698,0
105253,0
123258,0
2342,0
198415,0
91332,0
158065,0
151596,0
43257,0
176858,0
112530,0
93686,0
21059,0
40600,0
78453,0
36270,0
168966,0
238235,0
118717,0
127584,0
199183,0
184261,0
214479,0
108826,0
61364,0
27882,0
147342,0
126418,0
113470,0
19993,0
222632,0
81281,0
200437,0
101072,0
201190,0
133921,0
220919,0
165241,0
232582,0
59436,0
108206,0
126490,0
240933,0
159207,0
113410,0
28097,0
64395,0
127303,0
234437,0
97970,0
32889,0
119852,0
197939,0
153255,0
63089,0
3231,0
203724,0
174183,0
24100,0
233638,0
234105,0
197358,0
4019,0
234984,0
85361,0
56265,0
220165,0
72992,0
160823,0
74347,0
13676,0
61299,0
43999,0
4833,0
166705,0
84062,0
179141,0
243822,0
115716,0
245455,0
83242,0
145233,0
36140,0
127721,0
43546,0
41373,0
229405,0
24460,0
214098,0
83453,0
176740,0
101133,0
226744,0
155521,0
28744,0
102219,0
188308,0
235264,0
241326,0
179590,0
161690,0
190266,0
64813,0
42507,0
234109,0
118291,0
2310,0
82900,0
13664,0
85910,0
231871,0
210282,0
92386,0
211151,0
211673,0
57776,0
1727,0
120130,0
226682,0
101859,0
220607,0
68973,0
158990,0
111396,0
36209,0
91077,0
212741,0
88930,0
31079,0
30895,0
121056,0
52769,0
233330,0
45982,0
165824,0
183298,0
61437,0
158144,0
201539,0
113589,0
174522,0
150134,0
103839,0
109680,0
69218,0
101864,0
61137,0
79461,0
33086,0
81760,0
24210,0
53169,0
70356,0
202527,0
66644,0
103641,0
105281,0
93451,0
79279,0
66762,0
204795,0
88216,0
157737,0
146881,0
109234,0
175870,0
161751,0
245273,0
5006,0
157340,0
207708,0
134159,0
237883,0
1933,0
56277,0
233777,0
80297,0
107599,0
223222,0
234527,0
88221,0
227378,0
96640,0
76052,0
129795,0
177486,0
114046,0
177193,0
176749,0
67248,0
95167,0
21132,0
160898,0
920,0
226147,0
241994,0
60723,0
188950,0
59297,0
191940,0
22361,0
122489,0
227191,0
168485,0
162996,0
103847,0
200096,0
165181,0
214122,0
80889,0
168058,0
84404,0
143561,0
134995,0
35793,0
118321,0
126146,0
75576,0
194535,0
38377,0
113086,0
24706,0
42304,0
232330,0
173479,0
174754,0
38149,0
239125,0
30441,0
33256,0
224852,0
172575,0
159510,0
158130,0
179763,0
109102,0
53375,0
156310,0
190641,0
112681,0
111901,0
33272,0
215940,0
248737,0
241070,0
125325,0
226383,0
41271,0
49188,0
21543,0
231988,0
218638,0
141951,0
103695,0
232089,0
135651,0
244117,0
24954,0
37288,0
146667,0
1377,0
226157,0
50028,0
166779,0
73182,0
51317,0
54314,0
191995,0
231766,0
135456,0
189119,0
183783,0
214052,0
71145,0
248262,0
196179,0
59864,0
37285,0
67093,0
176997,0
237264,0
170713,0
6252,0
157100,0
137174,0
89198,0
94470,0
175849,0
87048,0
159328,0
56904,0
212702,0
233336,0
146013,0
159746,0
125922,0
153456,0
15920,0
193796,0
242424,0
183335,0
59212,0
94720,0
177330,0
35982,0
127154,0
116244,0
231671,0
19376,0
2129,0
141274,0
212667,0
208901,0
107337,0
183910,0
83423,0
10347,0
25948,0
40386,0
14651,0
196350,0
243042,0
110730,0
199156,0
18431,0
202552,0
164716,0
227324,0
90760,0
105230,0
149470,0
223433,0
11954,0
24919,0
13306,0
88379,0
15850,0
125584,0
232269,0
16906,0
10471,0
237787,0
146759,0
186997,0
236633,0
214481,0
19221,0
205315,0
41485,0
25708,0
58341,0
31352,0
67001,0
204513,0
116645,0
44160,0
110789,0
229126,0
217196,0
79927,0
8335,0
235103,0
109585,0
125739,0
12826,0
176090,0
37424,0
164385,0
160937,0
99734,0
78519,0
233156,0
116951,0
136370,0
231602,0
18282,0
149062,0
91600,0
55466,0
125708,0
81520,0
205754,0
169034,0
62001,0
39183,0
109409,0
88772,0
162744,0
230493,0
31396,0
160705,0
232521,0
212131,0
227666,0
134785,0
80451,0
119150,0
41861,0
44058,0
206447,0
115620,0
37735,0
143793,0
243829,0
142162,0
114852,0
208742,0
42741,0
124963,0
190836,0
17815,0
187151,0
104057,0
36708,0
93478,0
182954,0
9771,0
235429,0
213113,0
178653,0
169583,0
73754,0
14729,0
8405,0
78826,0
107405,0
227270,0
101236,0
104955,0
71244,0
97660,0
106943,0
59100,0
212318,0
166717,0
132657,0
186867,0
241800,0
188565,0
116682,0
227292,0
130237,0
181790,0
226785,0
153932,0
37281,0
176610,0
11161,0
58744,0
124469,0
70770,0
180880,0
160990,0
63307,0
216763,0
240579,0
16636,0
72980,0
247832,0
209766,0
236554,0
11630,0
29536,0
7693,0
129042,0
129328,0
67576,0
208078,0
141490,0
131667,0
211733,0
122657,0
72699,0
102306,0
27951,0
67761,0
29631,0
82527,0
62970,0
17499,0
121526,0
21908,0
159699,0
121333,0
208727,0
198200,0
11372,0
109944,0
116162,0
167213,0
154208,0
77679,0
219020,0
231918,0
224554,0
143108,0
128646,0
68995,0
99548,0
20210,0
137777,0
85167,0
204302,0
78718,0
173202,0
217454,0
72962,0
137427,0
39511,0
68429,0
45969,0
130884,0
207929,0
138422,0
132240,0
218009,0
67158,0
214937,0
51081,0
163855,0
154738,0
119983,0
1552,0
34386,0
178354,0
40112,0
101366,0
41473,0
70513,0
28542,0
109434,0
113336,0
237745,0
187540,0
32608,0
211441,0
123436,0
106583,0
46518,0
139822,0
245497,0
217075,0
166672,0
186077,0
95412,0
60732,0
100514,0
125106,0
110318,0
80144,0
171271,0
142374,0
120337,0
128285,0
193898,0
92136,0
24378,0
205429,0
131698,0
48583,0
87537,0
233534,0
193603,0
227176,0
35613,0
199370,0
100798,0
225493,0
105628,0
19707,0
57460,0
135096,0
26942,0
40460,0
113473,0
242008,0
144965,0
182200,0
6256,0
160210,0
230010,0
6981,0
38477,0
187769,0
193816,0
71720,0
170747,0
40336,0
239317,0
40652,0
178880,0
80403,0
72654,0
21486,0
232360,0
191019,0
234142,0
195608,0
244853,0
160223,0
165055,0
24683,0
202862,0
81300,0
218283,0
91120,0
26650,0
134640,0
196754,0
43547,0
167459,0
214115,0
213154,0
207016,0
153757,0
169788,0
208856,0
235049,0
86382,0
84128,0
54453,0
230529,0
112080,0
136369,0
241885,0
189817,0
99620,0
194932,0
74703,0
40184,0
156534,0
193896,0
137783,0
161393,0
13379,0
180182,0
220397,0
193997,0
32910,0
48660,0
23184,0
7156,0
190654,0
45333,0
133096,0
29766,0
127913,0
194987,0
21701,0
162778,0
176413,0
210937,0
219843,0
47381,0
206718,0
114318,0
166858,0
134728,0
203028,0
188494,0
227158,0
171177,0
43728,0
36340,0
144029,0
224032,0
133383,0
91955,0
147626,0
78606,0
4752,0
139820,0
126858,0
203340,0
56719,0
116419,0
42969,0
153575,0
221457,0
211926,0
235181,0
5718,0
239801,0
145861,0
13748,0
195904,0
25246,0
33284,0
43663,0
33930,0
59477,0
90008,0
45366,0
171923,0
231126,0
119108,0
246084,0
13615,0
25149,0
210964,0
98527,0
41289,0
179473,0
159571,0
151800,0
14724,0
121802,0
102812,0
65706,0
248712,0
233845,0
12880,0
152153,0
120410,0
17964,0
246435,0
7654,0
48195,0
183812,0
222299,0
91530,0
235180,0
134190,0
182956,0
126276,0
74565,0
148615,0
203396,0
21385,0
28863,0
166322,0
234148,0
33801,0
3752,0
170357,0
88839,0
153511,0
27359,0
36292,0
48690,0
231629,0
236608,0
213470,0
236766,0
178332,0
214245,0
230602,0
11587,0
142459,0
14147,0
227468,0
242490,0
131635,0
227691,0
161406,0
188860,0
220243,0
53597,0
220819,0
150464,0
11107,0
113420,0
56807,0
146694,0
19639,0
22234,0
170108,0
210528,0
102517,0
90637,0
186221,0
159047,0
133493,0
113465,0
197575,0
1254,0
236471,0
87874,0
118471,0
30160,0
165195,0
205620,0
79113,0
204998,0
147051,0
91852,0
204982,0
83397,0
118837,0
98411,0
110177,0
134575,0
153655,0
57361,0
44856,0
151574,0
180366,0
231650,0
226947,0
51788,0
98270,0
17120,0
164981,0
67191,0
29369,0
102351,0
188365,0
147867,0
59106,0
93380,0
94742,0
231103,0
15840,0
44632,0
109568,0
56541,0
11840,0
36036,0
81398,0
90406,0
113595,0
241417,0
48326,0
242130,0
234880,0
171194,0
168176,0
61819,0
21811,0
236512,0
97075,0
91880,0
73161,0
184743,0
233492,0
72989,0
240084,0
23537,0
46447,0
234023,0
9592,0
39092,0
879,0
22040,0
131037,0
152840,0
44413,0
81986,0
5926,0
222033,0
78326,0
224556,0
104982,0
136822,0
241205,0
406,0
26003,0
135735,0
63108,0
186503,0
60709,0
38945,0
117078,0
70234,0
74245,0
162125,0
183759,0
185622,0
237503,0
159538,0
214445,0
247577,0
23464,0
55089,0
47145,0
29189,0
227150,0
191530,0
123196,0
189032,0
91599,0
94190,0
23715,0
90235,0
25214,0
97522,0
88417,0
107409,0
46987,0
73498,0
135650,0
88319,0
55684,0
90711,0
157701,0
242158,0
95108,0
33768,0
105756,0
31510,0
155445,0
107825,0
215408,0
121965,0
246972,0
16843,0
194217,0
17810,0
2152,0
190074,0
151495,0
93527,0
63398,0
199353,0
98609,0
245391,0
142164,0
226600,0
120446,0
41687,0
124598,0
97773,0
55949,0
191715,0
137511,0
155436,0
129088,0
110938,0
147382,0
20814,0
238290,0
162424,0
115015,0
80973,0
4086,0
42695,0
104552,0
102732,0
44574,0
241045,0
156556,0
218458,0
232081,0
246639,0
93370,0
3241,0
39196,0
128014,0
7138,0
211854,0
95638,0
146880,0
208388,0
123650,0
160762,0
97221,0
61577,0
172639,0
135580,0
60701,0
78773,0
26476,0
187815,0
146716,0
175406,0
142030,0
23188,0
128528,0
34209,0
98961,0
16899,0
225271,0
196153,0
244673,0
115366,0
1869,0
13207,0
52430,0
134844,0
249531,0
136076,0
168665,0
177283,0
248121,0
123070,0
188306,0
111808,0
133843,0
179390,0
155875,0
186337,0
52471,0
162886,0
41038,0
165071,0
115762,0
79845,0
218040,0
15635,0
144976,0
150758,0
131273,0
72016,0
11047,0
154218,0
105786,0
164697,0
146442,0
148287,0
34272,0
154853,0
86614,0
212234,0
208866,0
236007,0
77172,0
23903,0
23235,0
71078,0
216565,0
83862,0
43834,0
115627,0
225216,0
91925,0
43000,0
162847,0
154257,0
249166,0
71109,0
171247,0
73716,0
148043,0
226620,0
167912,0
669,0
2295,0
246703,0
224990,0
64432,0
24231,0
133084,0
148926,0
71959,0
125680,0
246345,0
31710,0
156791,0
233367,0
172104,0
196160,0
72171,0
135005,0
237343,0
39792,0
87505,0
14107,0
162398,0
29125,0
108172,0
161390,0
139275,0
116485,0
61392,0
83120,0
236516,0
169678,0
157892,0
33303,0
76299,0
246170,0
68838,0
23485,0
73757,0
162641,0
80893,0
115101,0
162718,0
214242,0
9108,0
38904,0
56640,0
175057,0
53640,0
153160,0
56992,0
184926,0
7819,0
10444,0
120949,0
16227,0
156824,0
130837,0
96277,0
179441,0
28883,0
37897,0
221287,0
87626,0
211011,0
249473,0
53616,0
62379,0
158552,0
51992,0
241348,0
233332,0
244103,0
153032,0
163554,0
159631,0
156275,0
149744,0
187703,0
135029,0
35966,0
244054,0
229833,0
49906,0
128035,0
206112,0
147942,0
77534,0
40872,0
59900,0
174842,0
75023,0
15443,0
129260,0
211288,0
79442,0
165004,0
163110,0
77195,0
174902,0
217888,0
95542,0
68257,0
88152,0
46615,0
173081,0
86949,0
99564,0
106830,0
120369,0
217482,0
118722,0
199567,0
71103,0
225221,0
44922,0
25360,0
190617,0
149192,0
213360,0
92753,0
68715,0
193308,0
87203,0
249679,0
228708,0
37970,0
94463,0
69095,0
218439,0
170189,0
233416,0
14370,0
228064,0
229724,0
80896,0
208244,0
189348,0
204897,0
119826,0
234535,0
57638,0
125536,0
64070,0
234566,0
16070,0
118775,0
41955,0
243589,0
238785,0
168894,0
224650,0
226012,0
47220,0
185665,0
93859,0
142590,0
144117,0
208817,0
116426,0
186572,0
225831,0
185638,0
183159,0
227597,0
2694,0
5950,0
246400,0
187481,0
128310,0
134031,0
223816,0
206533,0
42085,0
115044,0
163166,0
154152,0
44341,0
203015,0
168792,0
198598,0
209863,0
194461,0
192724,0
219259,0
22194,0
24477,0
38179,0
32024,0
151919,0
213865,0
133841,0
46507,0
52096,0
25434,0
41524,0
204007,0
162153,0
165645,0
193882,0
82129,0
109902,0
47364,0
245064,0
98796,0
107827,0
115807,0
102223,0
76007,0
247972,0
131336,0
143539,0
96789,0
38892,0
136376,0
234990,0
197522,0
240420,0
240686,0
50086,0
41293,0
70944,0
240459,0
64270,0
36357,0
146671,0
200486,0
139117,0
29454,0
217289,0
243252,0
89104,0
97063,0
41754,0
20619,0
63085,0
153257,0
125969,0
215276,0
220289,0
208893,0
189869,0
193357,0
155570,0
198820,0
37303,0
144173,0
97384,0
154275,0
96374,0
238523,0
143982,0
49276,0
162028,0
195137,0
35474,0
122361,0
11333,0
87215,0
64553,0
102558,0
142458,0
27352,0
79495,0
216299,0
125567,0
35963,0
4903,0
167804,0
163568,0
232028,0
23701,0
71066,0
135764,0
165807,0
63454,0
179265,0
9318,0
78376,0
176293,0
215801,0
230894,0
63223,0
169756,0
125780,0
229738,0
207517,0
69643,0
99034,0
1352,0
107605,0
164547,0
150007,0
63681,0
47745,0
54130,0
191438,0
177306,0
142143,0
6566,0
79811,0
140335,0
215987,0
47090,0
108155,0
56130,0
205014,0
95411,0
166956,0
201156,0
117017,0
112974,0
199267,0
62445,0
167528,0
80607,0
11733,0
66687,0
178046,0
79727,0
175905,0
82484,0
216900,0
190325,0
164543,0
80304,0
25687,0
56609,0
200686,0
50311,0
241308,0
3787,0
136995,0
176084,0
68490,0
49238,0
103006,0
71542,0
35213,0
148752,0
1888,0
193415,0
192308,0
221203,0
68534,0
117170,0
16606,0
82664,0
112182,0
2629,0
183898,0
162029,0
199438,0
75943,0
45193,0
238102,0
174369,0
28659,0
137950,0
22377,0
71923,0
214002,0
235754,0
240143,0
64434,0
71538,0
146378,0
247115,0
179651,0
152030,0
127195,0
216304,0
194634,0
117521,0
152619,0
142829,0
109445,0
194426,0
38285,0
130178,0
6915,0
48986,0
23837,0
53395,0
199601,0
249202,0
108045,0
3614,0
222991,0
14728,0
236506,0
110153,0
181569,0
246348,0
220611,0
150734,0
96625,0
29569,0
70945,0
76483,0
22127,0
13614,0
90543,0
90097,0
236171,0
67387,0
37139,0
30857,0
102051,0
118705,0
167578,0
97284,0
217708,0
217401,0
159611,0
218494,0
123559,0
85829,0
133559,0
28828,0
49850,0
212746,0
224335,0
243109,0
222072,0
206559,0
113380,0
240962,0
208750,0
199445,0
55241,0
68723,0
57634,0
36645,0
200480,0
161736,0
167878,0
15059,0
53248,0
138204,0
27688,0
129056,0
239754,0
45233,0
41443,0
32525,0
211565,0
243775,0
145680,0
203237,0
202634,0
44978,0
20302,0
30997,0
208618,0
33910,0
99433,0
200447,0
194134,0
246914,0
87241,0
57864,0
67598,0
59239,0
152803,0
126163,0
98201,0
212402,0
8098,0
223257,0
164174,0
112274,0
21726,0
13826,0
197446,0
5556,0
64952,0
67947,0
183369,0
35124,0
91431,0
224636,0
76171,0
1334,0
9131,0
106130,0
204966,0
52129,0
117477,0
31867,0
231564,0
209273,0
80516,0
23451,0
16250,0
245807,0
44775,0
56053,0
16254,0
226405,0
242595,0
25454,0
57288,0
24784,0
19280,0
91423,0
200599,0
179649,0
202392,0
123486,0
90763,0
46765,0
201948,0
30919,0
148445,0
162566,0
115141,0
92952,0
111521,0
218938,0
187501,0
1864,0
227084,0
149279,0
32011,0
71144,0
57837,0
60834,0
194991,0
39773,0
25087,0
79603,0
79567,0
178816,0
46762,0
19048,0
95124,0
194849,0
173569,0
247866,0
152950,0
164422,0
239996,0
230127,0
151041,0
192508,0
112778,0
218342,0
45772,0
116368,0
213287,0
242368,0
190020,0
185391,0
78360,0
220362,0
65038,0
7892,0
14463,0
23441,0
13697,0
59885,0
35386,0
108320,0
106070,0
139444,0
15900,0
53244,0
192398,0
100383,0
1075,0
119266,0
78145,0
160005,0
141886,0
105069,0
86523,0
235989,0
9941,0
230729,0
211683,0
226924,0
77269,0
173778,0
168428,0
226183,0
77435,0
213624,0
99619,0
154669,0
70414,0
239074,0
61567,0
35908,0
41972,0
223085,0
40166,0
136520,0
8396,0
5731,0
71674,0
122683,0
169010,0
239040,0
51094,0
6237,0
236848,0
36168,0
168809,0
211201,0
142074,0
118435,0
13868,0
165872,0
108203,0
41610,0
159524,0
48557,0
45964,0
56982,0
76184,0
27405,0
131062,0
194726,0
148356,0
200475,0
36792,0
245118,0
50554,0
121338,0
202073,0
112137,0
114274,0
228191,0
22096,0
145689,0
219669,0
147951,0
19286,0
114663,0
117300,0
239949,0
247543,0
50951,0
227198,0
22364,0
98798,0
15472,0
16799,0
56978,0
208227,0
119220,0
58078,0
114745,0
9447,0
142738,0
157595,0
249219,0
24857,0
215926,0
82183,0
223705,0
60676,0
117692,0
125970,0
172197,0
231219,0
199865,0
123788,0
136226,0
47198,0
225257,0
43858,0
176002,0
31049,0
21648,0
128111,0
213393,0
5619,0
37894,0
115952,0
56761,0
213690,0
74571,0
90576,0
221979,0
201806,0
131753,0
93178,0
222553,0
134712,0
243880,0
111729,0
120495,0
120208,0
42315,0
18511,0
76431,0
207185,0
177203,0
226501,0
203259,0
23520,0
93580,0
239609,0
234269,0
23305,0
40861,0
42167,0
80012,0
119300,0
163667,0
233130,0
60219,0
85510,0
22380,0
172799,0
15771,0
113778,0
109194,0
117142,0
100234,0
48468,0
218959,0
234487,0
225694,0
53408,0
40705,0
181277,0
126364,0
171092,0
115502,0
57019,0
238332,0
79917,0
82400,0
197346,0
238518,0
242208,0
139331,0
44909,0
113867,0
120485,0
210909,0
135276,0
210301,0
147533,0
48138,0
120903,0
67062,0
249659,0
123566,0
3057,0
19100,0
109999,0
198979,0
145897,0
31056,0
53174,0
202876,0
122742,0
219840,0
134617,0
123874,0
183486,0
2868,0
177564,0
140307,0
100936,0
24332,0
142084,0
237965,0
245019,0
13941,0
213291,0
143966,0
117916,0
201593,0
120559,0
239492,0
72524,0
37981,0
59576,0
29244,0
180690,0
194825,0
34277,0
21909,0
40352,0
201490,0
160531,0
6403,0
61867,0
79719,0
145023,0
32460,0
157690,0
105624,0
75543,0
228508,0
80583,0
54037,0
91957,0
249024,0
7002,0
162206,0
42947,0
131784,0
121107,0
54893,0
206305,0
215441,0
41255,0
137908,0
182776,0
243323,0
64982,0
169935,0
159160,0
215433,0
89625,0
24905,0
94757,0
224821,0
59680,0
13009,0
178598,0
86102,0
204526,0
223509,0
704,0
84067,0
64506,0
127883,0
150428,0
31717,0
192654,0
114858,0
166238,0
207061,0
78967,0
106865,0
86762,0
210408,0
173258,0
223394,0
92062,0
165615,0
144882,0
176797,0
189133,0
8864,0
144251,0
144142,0
156527,0
155632,0
226693,0
23131,0
125747,0
102441,0
206720,0
107673,0
193954,0
173282,0
212937,0
110376,0
52192,0
33670,0
138690,0
84781,0
83217,0
181416,0
10434,0
39658,0
69971,0
8113,0
82913,0
18229,0
21465,0
134232,0
40294,0
58713,0
74122,0
44474,0
2679,0
17407,0
207946,0
156618,0
190879,0
111941,0
80311,0
127797,0
170329,0
171971,0
17823,0
32184,0
66743,0
119994,0
6616,0
56156,0
5820,0
246686,0
127715,0
160233,0
168256,0
223991,0
243965,0
233680,0
30962,0
131946,0
215390,0
56253,0
41249,0
153347,0
131744,0
118555,0
24705,0
226753,0
179435,0
104376,0
100039,0
160414,0
143916,0
216737,0
14137,0
107876,0
80207,0
196510,0
90240,0
11331,0
170873,0
139185,0
188042,0
241719,0
39763,0
147575,0
122896,0
12593,0
176075,0
7695,0
76403,0
88451,0
49060,0
203434,0
124710,0
63167,0
58670,0
179450,0
228811,0
70263,0
58023,0
146296,0
146697,0
241946,0
225680,0
71870,0
66043,0
44203,0
70452,0
142778,0
110880,0
61754,0
58367,0
80362,0
151433,0
110900,0
115832,0
66002,0
119902,0
100186,0
166115,0
61274,0
79309,0
154788,0
125430,0
18194,0
3148,0
80708,0
53275,0
111599,0
49,0
218672,0
58096,0
219714,0
208263,0
64069,0
227915,0
160113,0
210707,0
122769,0
79746,0
125724,0
100323,0
111484,0
149716,0
77655,0
106758,0
232534,0
90830,0
25914,0
172676,0
85231,0
108412,0
233948,0
222330,0
87251,0
68579,0
65250,0
205697,0
220145,0
141236,0
16540,0
41766,0
214344,0
147422,0
159581,0
93952,0
149951,0
106933,0
148081,0
152134,0
18052,0
156316,0
238293,0
91171,0
87885,0
57088,0
127952,0
15579,0
73476,0
92723,0
101305,0
120370,0
81338,0
101817,0
112916,0
39473,0
135965,0
218687,0
29637,0
247653,0
71619,0
175752,0
15124,0
1375,0
78322,0
7635,0
154643,0
111322,0
151565,0
188182,0
18298,0
242774,0
61117,0
166474,0
41724,0
88102,0
156306,0
235586,0
48681,0
90991,0
118911,0
243937,0
75429,0
11525,0
181319,0
137570,0
240172,0
242908,0
140361,0
58622,0
46860,0
240775,0
133616,0
43754,0
57188,0
107657,0
148596,0
240164,0
134244,0
95362,0
144144,0
59697,0
241620,0
194210,0
176854,0
188506,0
82352,0
44824,0
245548,0
25946,0
19098,0
218519,0
164413,0
179327,0
22443,0
132324,0
197290,0
185557,0
174984,0
212390,0
23230,0
207981,0
207642,0
207939,0
167868,0
95582,0
160593,0
187762,0
126870,0
216617,0
25398,0
223234,0
70140,0
124740,0
205699,0
176082,0
154715,0
130941,0
118364,0
76713,0
129199,0
148001,0
190597,0
17234,0
150751,0
182418,0
38120,0
234515,0
103128,0
183949,0
51869,0
94659,0
203901,0
202494,0
226681,0
56489,0
19409,0
103760,0
91933,0
6101,0
95508,0
182061,0
177067,0
206285,0
7801,0
81368,0
224738,0
169329,0
191138,0
66620,0
49225,0
93457,0
85095,0
179824,0
154799,0
221915,0
158091,0
191214,0
218271,0
25754,0
93166,0
71001,0
45462,0
30121,0
9049,0
54051,0
142282,0
20259,0
200155,0
177285,0
183745,0
79159,0
43859,0
54161,0
103941,0
243912,0
156022,0
118111,0
36991,0
166162,0
103750,0
148986,0
54000,0
4865,0
141843,0
32847,0
100308,0
189697,0
133056,0
28049,0
64516,0
206103,0
108095,0
174528,0
25019,0
37716,0
117215,0
124771,0
193728,0
156808,0
151931,0
160279,0
181977,0
208001,0
11307,0
57935,0
5757,0
136166,0
3695,0
156848,0
158822,0
204098,0
233060,0
123346,0
198723,0
198806,0
55732,0
180058,0
207819,0
142016,0
221860,0
90103,0
21445,0
134665,0
89951,0
20423,0
60470,0
145402,0
133072,0
134202,0
50558,0
24800,0
113137,0
69746,0
28169,0
34318,0
15671,0
47082,0
201278,0
231401,0
178684,0
11685,0
189385,0
75082,0
145368,0
174063,0
161375,0
88049,0
172287,0
53914,0
64719,0
59947,0
163705,0
125131,0
246561,0
248925,0
13218,0
60189,0
133966,0
100595,0
52578,0
148050,0
217539,0
5672,0
101644,0
71874,0
67171,0
132998,0
205431,0
237785,0
126577,0
572,0
213343,0
143229,0
230625,0
75654,0
230654,0
184427,0
104969,0
248950,0
222719,0
227329,0
194456,0
208007,0
245226,0
173487,0
248306,0
110622,0
73746,0
209604,0
99298,0
65264,0
166832,0
114095,0
92171,0
230645,0
153987,0
129685,0
36172,0
14907,0
59940,0
155224,0
138845,0
110934,0
224593,0
179644,0
107988,0
139059,0
174939,0
90785,0
191792,0
208382,0
16879,0
249304,0
178659,0
90675,0
6316,0
29828,0
221981,0
95531,0
119245,0
239789,0
44421,0
130831,0
167304,0
220296,0
125723,0
89770,0
198890,0
134709,0
7796,0
197062,0
38657,0
115205,0
80133,0
246662,0
219418,0
233697,0
218149,0
183387,0
220348,0
139630,0
163675,0
193078,0
178528,0
117149,0
159986,0
219160,0
83112,0
84537,0
273,0
47675,0
91847,0
55675,0
160601,0
183236,0
102087,0
225757,0
241212,0
84287,0
126737,0
166441,0
147023,0
145351,0
11401,0
144791,0
172582,0
218910,0
204638,0
248663,0
41558,0
22535,0
106362,0
96386,0
225365,0
77430,0
114459,0
168816,0
242336,0
246706,0
243514,0
190238,0
133327,0
152417,0
189226,0
113672,0
144428,0
209920,0
34721,0
130074,0
77120,0
9645,0
158423,0
40486,0
113194,0
103769,0
32134,0
13832,0
221950,0
61781,0
161518,0
110060,0
201871,0
65467,0
147790,0
107872,0
222175,0
85964,0
38902,0
207244,0
133141,0
183507,0
76786,0
200218,0
172010,0
186386,0
24263,0
121302,0
130470,0
240200,0
6980,0
189559,0
123019,0
223259,0
195633,0
245827,0
210246,0
230211,0
38198,0
189186,0
94711,0
126916,0
95135,0
44081,0
218937,0
13838,0
81044,0
244624,0
194869,0
210046,0
80923,0
24075,0
178233,0
112373,0
2463,0
157736,0
154178,0
78114,0
153663,0
181467,0
77224,0
10700,0
182423,0
121511,0
190568,0
25514,0
79271,0
100249,0
34331,0
227860,0
210252,0
84446,0
19754,0
127665,0
1599,0
229887,0
59369,0
64592,0
28970,0
161350,0
75140,0
57757,0
17029,0
7569,0
62418,0
247374,0
229572,0
80608,0
133416,0
216363,0
238023,0
24778,0
16210,0
147110,0
79783,0
202663,0
118258,0
202729,0
202716,0
105673,0
48569,0
106201,0
126665,0
86736,0
73232,0
105047,0
226177,0
110705,0
193022,0
168875,0
61658,0
29498,0
210973,0
41497,0
243918,0
170648,0
23587,0
39921,0
190737,0
38944,0
163159,0
236352,0
214693,0
41776,0
30933,0
149161,0
154046,0
126844,0
196152,0
240730,0
8321,0
201120,0
46719,0
114905,0
161349,0
231823,0
234181,0
138403,0
98553,0
243853,0
120183,0
47253,0
61740,0
59266,0
50006,0
134747,0
228865,0
117392,0
232761,0
20928,0
54435,0
92252,0
17246,0
184138,0
6213,0
229023,0
157852,0
186245,0
173901,0
84077,0
172176,0
80860,0
205828,0
68434,0
133949,0
131662,0
242240,0
204333,0
205521,0
85254,0
105794,0
102792,0
65128,0
24612,0
101771,0
55463,0
44332,0
1860,0
163662,0
120947,0
93814,0
139002,0
75307,0
138674,0
248882,0
11084,0
94059,0
164965,0
147404,0
140874,0
50405,0
43726,0
229482,0
18430,0
94247,0
55853,0
220106,0
227875,0
191701,0
178139,0
180405,0
74889,0
125434,0
132328,0
113994,0
100555,0
66980,0
61170,0
93124,0
28850,0
10326,0
39823,0
32479,0
98607,0
37226,0
129641,0
107043,0
33079,0
158673,0
139989,0
103779,0
153543,0
128581,0
93662,0
7634,0
186230,0
1682,0
244640,0
96049,0
184229,0
5627,0
188220,0
177973,0
89985,0
238495,0
168978,0
55969,0
185417,0
36810,0
133665,0
8620,0
221467,0
154900,0
233037,0
156467,0
16233,0
66160,0
77587,0
249063,0
27231,0
130068,0
139599,0
128434,0
195271,0
104380,0
228785,0
42003,0
139577,0
203448,0
155408,0
238204,0
113010,0
246595,0
201507,0
126893,0
55752,0
77787,0
239871,0
248953,0
162323,0
143520,0
182838,0
27384,0
36116,0
248420,0
143798,0
117175,0
36577,0
45564,0
103,0
228077,0
179665,0
39320,0
7508,0
51400,0
138724,0
214759,0
171291,0
246858,0
1498,0
5525,0
176699,0
77595,0
17253,0
143242,0
236531,0
127908,0
196546,0
22482,0
158086,0
101183,0
31540,0
12747,0
48327,0
146599,0
232592,0
60674,0
17064,0
234335,0
48815,0
175513,0
203488,0
201775,0
96332,0
199037,0
52040,0
105164,0
197031,0
201523,0
130227,0
239974,0
108170,0
211217,0
36585,0
84680,0
7289,0
243699,0
69082,0
35895,0
165257,0
44059,0
100429,0
118613,0
249066,0
93844,0
79041,0
29786,0
104246,0
169620,0
183430,0
205294,0
164384,0
244399,0
89725,0
205634,0
34987,0
36306,0
137909,0
96718,0
38580,0
83810,0
134196,0
1527,0
100133,0
112381,0
193334,0
151158,0
25429,0
232122,0
91875,0
185127,0
73974,0
245448,0
244911,0
164269,0
216296,0
120121,0
235681,0
150646,0
195232,0
73503,0
148019,0
90737,0
67029,0
24271,0
11906,0
184223,0
225332,0
219414,0
203240,0
25677,0
79508,0
183837,0
162626,0
6582,0
119914,0
229763,0
164157,0
157697,0
213060,0
66569,0
114485,0
155770,0
77884,0
198004,0
145987,0
121605,0
228244,0
38373,0
151104,0
117956,0
68787,0
242416,0
28844,0
99353,0
77451,0
60497,0
109917,0
127487,0
52952,0
87462,0
210442,0
192982,0
207601,0
150197,0
26551,0
20285,0
29724,0
199923,0
225949,0
67111,0
240590,0
565,0
77467,0
160065,0
136719,0
156474,0
161347,0
13655,0
5908,0
14167,0
180024,0
58602,0
78933,0
55681,0
108298,0
228917,0
38246,0
115527,0
225008,0
36745,0
150530,0
47443,0
71221,0
102827,0
208969,0
109123,0
140724,0
93648,0
44861,0
109469,0
121517,0
162652,0
86797,0
196143,0
194810,0
84091,0
5548,0
135387,0
199324,0
189295,0
85200,0
244395,0
136224,0
195369,0
47353,0
180859,0
87598,0
122675,0
163170,0
194674,0
35602,0
130724,0
42885,0
52247,0
225595,0
33327,0
249847,0
8428,0
242516,0
70215,0
45324,0
96465,0
10888,0
37983,0
234047,0
131409,0
232506,0
47977,0
28607,0
184066,0
63383,0
77124,0
44444,0
145167,0
165484,0
13281,0
86358,0
120175,0
56943,0
137893,0
229531,0
212201,0
30703,0
120381,0
65182,0
154526,0
234588,0
225076,0
36309,0
19818,0
19526,0
142818,0
188569,0
149208,0
38814,0
121344,0
177764,0
163373,0
233361,0
170086,0
119027,0
125698,0
161302,0
247991,0
70064,0
141276,0
148700,0
151438,0
237425,0
68853,0
48804,0
61149,0
245694,0
43946,0
135814,0
120587,0
232970,0
179899,0
113317,0
237589,0
194693,0
94008,0
109873,0
141304,0
50645,0
235386,0
141661,0
223637,0
178894,0
153867,0
249663,0
228262,0
233124,0
87622,0
219011,0
55657,0
201062,0
57177,0
74997,0
32758,0
70751,0
54993,0
12129,0
208849,0
195669,0
161603,0
93978,0
95186,0
28167,0
69264,0
81790,0
81624,0
133756,0
160121,0
134737,0
69312,0
82649,0
89389,0
153118,0
181100,0
61593,0
226122,0
128229,0
229900,0
23465,0
60094,0
86935,0
172259,0
53567,0
240600,0
239202,0
194791,0
49896,0
26713,0
152785,0
189689,0
67458,0
200084,0
156615,0
172997,0
243680,0
15560,0
191972,0
96489,0
137533,0
92513,0
132142,0
98771,0
84659,0
232393,0
51994,0
82938,0
247082,0
123908,0
171942,0
173509,0
154603,0
144399,0
150108,0
105735,0
211534,0
227573,0
232014,0
232391,0
129733,0
89319,0
113040,0
216880,0
98445,0
223585,0
147822,0
217660,0
96035,0
31053,0
1449,0
221694,0
129783,0
223016,0
206694,0
94295,0
220532,0
179295,0
92247,0
91028,0
43053,0
126314,0
80774,0
140113,0
154527,0
223758,0
73224,0
181394,0
207671,0
145535,0
100746,0
20068,0
242950,0
51196,0
228479,0
1922,0
89013,0
204389,0
106969,0
89554,0
221223,0
127201,0
240221,0
173669,0
77387,0
151177,0
245251,0
243346,0
34478,0
99723,0
161007,0
172082,0
95403,0
204839,0
237900,0
74425,0
210676,0
59666,0
96045,0
183700,0
36664,0
158149,0
115851,0
123461,0
75782,0
227697,0
237770,0
25902,0
76930,0
40473,0
12016,0
26778,0
83910,0
140078,0
118517,0
194067,0
126269,0
30577,0
171413,0
53860,0
105662,0
237338,0
114408,0
192025,0
32978,0
246739,0
142495,0
53040,0
188932,0
187083,0
129268,0
77325,0
39731,0
98368,0
188900,0
90161,0
55843,0
124333,0
232630,0
87314,0
15925,0
11932,0
156813,0
30784,0
213663,0
118565,0
168822,0
113225,0
69386,0
24925,0
224283,0
70188,0
142776,0
181242,0
128332,0
40186,0
133200,0
220116,0
199125,0
119609,0
247714,0
9784,0
127889,0
84413,0
44990,0
209959,0
73826,0
122921,0
216593,0
50068,0
209518,0
117502,0
129439,0
225755,0
93239,0
243466,0
27543,0
190533,0
36387,0
231957,0
32677,0
23683,0
9938,0
98544,0
228536,0
243910,0
201378,0
227357,0
86201,0
147031,0
200547,0
60858,0
91208,0
39175,0
136823,0
217830,0
27049,0
123495,0
203722,0
34046,0
58027,0
129857,0
54602,0
92399,0
7605,0
38621,0
16461,0
29288,0
197690,0
158036,0
230252,0
94068,0
82112,0
98169,0
196261,0
233012,0
216262,0
242842,0
78441,0
83490,0
12710,0
136617,0
169547,0
23139,0
171319,0
137484,0
222684,0
173163,0
28368,0
199980,0
137068,0
37920,0
85299,0
207435,0
2805,0
104508,0
96438,0
56884,0
242701,0
47768,0
92980,0
193323,0
214196,0
178425,0
230108,0
212523,0
190905,0
184971,0
245174,0
101518,0
184945,0
234888,0
8045,0
53442,0
63700,0
204478,0
41957,0
154292,0
232633,0
174970,0
192698,0
143902,0
140684,0
150039,0
33679,0
148760,0
108179,0
83188,0
105648,0
131594,0
87837,0
21439,0
10709,0
49221,0
226447,0
144563,0
85248,0
201265,0
176914,0
229165,0
140339,0
66675,0
62492,0
55697,0
168739,0
39017,0
14984,0
144828,0
172147,0
149983,0
167560,0
15962,0
63919,0
193692,0
1445,0
220053,0
136992,0
101561,0
224292,0
149118,0
130335,0
54574,0
75260,0
224917,0
15888,0
249682,0
174265,0
60547,0
170494,0
173524,0
145678,0
231287,0
2233,0
38487,0
94895,0
142759,0
162963,0
75963,0
235143,0
149390,0
205216,0
196957,0
24570,0
96470,0
109701,0
218810,0
87605,0
62828,0
209034,0
192921,0
184548,0
236861,0
129403,0
30851,0
56272,0
247803,0
121342,0
122444,0
65239,0
213303,0
152321,0
153958,0
137215,0
72798,0
163940,0
143503,0
146961,0
189959,0
71682,0
202464,0
202412,0
22179,0
56906,0
80671,0
218217,0
130166,0
66542,0
168372,0
22082,0
20237,0
165191,0
54136,0
214060,0
79997,0
122816,0
121422,0
25011,0
183197,0
137986,0
43018,0
145549,0
194062,0
36844,0
178668,0
146263,0
65985,0
150458,0
243947,0
10646,0
119740,0
93741,0
220838,0
46997,0
140490,0
27185,0
55473,0
154389,0
63397,0
200012,0
206870,0
11934,0
181820,0
97321,0
205257,0
130060,0
197957,0
27023,0
31814,0
162116,0
132995,0
175924,0
222781,0
68142,0
70085,0
221361,0
206093,0
44983,0
167311,0
156039,0
181424,0
18296,0
176263,0
126028,0
52570,0
133201,0
181923,0
21594,0
133781,0
163729,0
226409,0
234092,0
121608,0
176594,0
47653,0
136868,0
246620,0
32565,0
91242,0
161709,0
64697,0
237063,0
180941,0
122260,0
114211,0
29143,0
82196,0
63337,0
58222,0
49082,0
181099,0
230463,0
247767,0
20112,0
55343,0
59396,0
240166,0
175922,0
3330,0
79673,0
231215,0
27761,0
6974,0
51062,0
247817,0
208005,0
165991,0
99121,0
148316,0
211066,0
30821,0
48177,0
161962,0
242753,0
11562,0
66708,0
116994,0
173250,0
188468,0
32476,0
76269,0
43658,0
60655,0
52941,0
152620,0
3242,0
150389,0
53751,0
7497,0
80228,0
220141,0
222169,0
33193,0
203589,0
222717,0
153238,0
62199,0
147172,0
157295,0
164426,0
151692,0
15500,0
166185,0
115079,0
78594,0
131810,0
205824,0
165149,0
69063,0
28006,0
163513,0
207046,0
94866,0
204016,0
150344,0
156461,0
77182,0
48613,0
224078,0
136565,0
36641,0
99470,0
94115,0
227793,0
53998,0
73753,0
58238,0
2741,0
66725,0
148318,0
53272,0
227852,0
163035,0
238842,0
217720,0
54983,0
189410,0
87001,0
69660,0
46703,0
41681,0
179438,0
46852,0
116334,0
104574,0
51124,0
215153,0
168301,0
129736,0
168691,0
90592,0
37229,0
215802,0
90309,0
192073,0
249365,0
161224,0
34858,0
65465,0
164446,0
148916,0
123838,0
188560,0
57543,0
226558,0
224530,0
62791,0
102040,0
170041,0
73184,0
59555,0
172261,0
27263,0
2002,0
108948,0
105375,0
26621,0
175113,0
146152,0
28740,0
244545,0
230653,0
94880,0
191447,0
243923,0
67131,0
119132,0
41703,0
103595,0
39283,0
3064,0
142837,0
137902,0
38679,0
183983,0
64227,0
135492,0
187020,0
112383,0
38452,0
203296,0
7643,0
229324,0
16926,0
177267,0
201105,0
13099,0
26406,0
102189,0
35347,0
210614,0
205127,0
148783,0
211219,0
114652,0
226223,0
100890,0
218178,0
163119,0
206579,0
107493,0
105764,0
137859,0
234398,0
105470,0
209593,0
40076,0
44904,0
243153,0
240216,0
231701,0
67833,0
160883,0
165842,0
136667,0
146299,0
83947,0
53381,0
85485,0
4339,0
221174,0
39540,0
144634,0
19463,0
114616,0
74364,0
171059,0
110001,0
228849,0
76037,0
163758,0
1261,0
156483,0
62020,0
155382,0
162896,0
81160,0
32560,0
188420,0
197807,0
40746,0
191455,0
234828,0
56059,0
197060,0
202244,0
167333,0
137516,0
200727,0
1790,0
201940,0
222903,0
191559,0
58340,0
79073,0
167205,0
168326,0
56375,0
125834,0
138767,0
3251,0
236887,0
211453,0
83296,0
103582,0
214470,0
207771,0
238945,0
145230,0
114096,0
89756,0
159867,0
218450,0
7266,0
184113,0
35856,0
224330,0
26970,0
128213,0
131447,0
13637,0
64725,0
53882,0
169383,0
111295,0
140446,0
183171,0
67742,0
162514,0
233635,0
234045,0
77976,0
208685,0
13782,0
106909,0
104107,0
22545,0
58272,0
168416,0
133519,0
102159,0
32330,0
128025,0
86428,0
153723,0
229569,0
34323,0
5300,0
186544,0
85766,0
21925,0
109104,0
104666,0
113662,0
222113,0
210880,0
170792,0
172623,0
159056,0
55838,0
174338,0
49139,0
234688,0
192484,0
10084,0
240845,0
227410,0
206923,0
11859,0
66315,0
107785,0
11335,0
243152,0
142046,0
76316,0
225517,0
9245,0
192204,0
77545,0
41362,0
160186,0
244703,0
9242,0
235160,0
180800,0
158265,0
59197,0
61884,0
174733,0
20318,0
134936,0
49658,0
228031,0
167350,0
169340,0
122272,0
212106,0
186893,0
18417,0
191749,0
205064,0
131161,0
97761,0
82590,0
6632,0
147188,0
125938,0
221037,0
140633,0
32586,0
173533,0
82252,0
174767,0
211326,0
84116,0
76813,0
209630,0
27649,0
103712,0
127217,0
116282,0
77819,0
91193,0
72126,0
249607,0
105766,0
23824,0
168201,0
102177,0
42257,0
196874,0
12243,0
161664,0
12844,0
127243,0
191326,0
242528,0
144364,0
174216,0
154192,0
54481,0
28962,0
153057,0
26703,0
94795,0
229795,0
71350,0
208916,0
221247,0
198548,0
238175,0
55704,0
93975,0
218343,0
6603,0
71503,0
124271,0
68871,0
20097,0
228751,0
236345,0
144722,0
190651,0
136903,0
23768,0
114942,0
46137,0
92432,0
245312,0
216725,0
156814,0
209967,0
224059,0
224914,0
223019,0
170735,0
247669,0
87092,0
155434,0
151934,0
111102,0
169472,0
158611,0
142172,0
189152,0
192024,0
15149,0
14333,0
40408,0
240347,0
112306,0
224743,0
133371,0
249008,0
185237,0
77218,0
165781,0
228888,0
180610,0
121862,0
124226,0
101804,0
21027,0
77315,0
47159,0
190311,0
38998,0
223838,0
70508,0
233329,0
4796,0
139391,0
46878,0
85678,0
95034,0
82547,0
191782,0
115904,0
51252,0
86180,0
124155,0
216068,0
84994,0
182494,0
209811,0
228847,0
28203,0
223946,0
135570,0
66089,0
71223,0
194852,0
39143,0
36987,0
217298,0
95104,0
106526,0
88282,0
61428,0
227971,0
78783,0
249442,0
226736,0
164263,0
123622,0
189106,0
180945,0
165292,0
217543,0
249507,0
124645,0
90605,0
116055,0
160363,0
217672,0
1801,0
123392,0
85149,0
93964,0
33407,0
196862,0
74139,0
109374,0
248724,0
2130,0
83993,0
79487,0
194368,0
128761,0
132761,0
214902,0
117370,0
144503,0
180835,0
172602,0
47912,0
71617,0
215944,0
97593,0
100633,0
60595,0
174270,0
192993,0
33710,0
4654,0
118851,0
232671,0
45966,0
232056,0
16884,0
165479,0
54417,0
19839,0
43447,0
89479,0
55846,0
121200,0
220805,0
197379,0
10717,0
107430,0
30918,0
2467,0
209098,0
67554,0
35670,0
116643,0
149426,0
53465,0
107633,0
115268,0
195181,0
74604,0
38112,0
4601,0
30643,0
198096,0
249332,0
140829,0
216016,0
4945,0
84783,0
70711,0
126965,0
207114,0
228515,0
112396,0
100729,0
193128,0
171190,0
93544,0
7544,0
148173,0
76453,0
244518,0
191581,0
226158,0
117899,0
146871,0
185696,0
246251,0
58363,0
151288,0
200105,0
69156,0
65090,0
25219,0
51694,0
140245,0
116273,0
133614,0
33931,0
64522,0
10654,0
123135,0
54577,0
84540,0
196872,0
237702,0
15685,0
235900,0
176091,0
42901,0
100562,0
225509,0
51918,0
2140,0
211840,0
117581,0
89874,0
177917,0
238266,0
53384,0
153165,0
183878,0
137071,0
145415,0
169875,0
178701,0
162320,0
179728,0
217421,0
87292,0
73243,0
29356,0
93712,0
217473,0
24756,0
13829,0
97263,0
123406,0
25718,0
222654,0
17170,0
56258,0
74498,0
101102,0
172516,0
92341,0
28346,0
119072,0
228974,0
146814,0
84014,0
237668,0
141324,0
180878,0
3826,0
28967,0
140554,0
210348,0
69045,0
190262,0
249300,0
96539,0
55844,0
173002,0
33402,0
185664,0
125187,0
194298,0
140898,0
23568,0
5758,0
156948,0
92634,0
156135,0
34818,0
134811,0
60382,0
200822,0
198537,0
176040,0
42493,0
124812,0
84429,0
57016,0
211152,0
246252,0
185317,0
237807,0
239946,0
143733,0
188144,0
192823,0
107852,0
63876,0
244486,0
5146,0
65968,0
40011,0
74490,0
14231,0
185377,0
221327,0
84797,0
173394,0
2417,0
78327,0
186620,0
154940,0
229077,0
173783,0
2905,0
185190,0
204065,0
236243,0
190601,0
69576,0
19112,0
237282,0
140024,0
185991,0
36170,0
63929,0
77650,0
51533,0
88994,0
191840,0
154680,0
181486,0
126254,0
2303,0
169431,0
91590,0
67328,0
173594,0
247741,0
159517,0
88651,0
223136,0
118971,0
24760,0
222840,0
188757,0
166344,0
126569,0
93586,0
88868,0
223015,0
48315,0
105743,0
226215,0
204960,0
202674,0
94017,0
41074,0
70686,0
224677,0
150863,0
116671,0
132096,0
121891,0
24824,0
70884,0
203353,0
202836,0
59038,0
245657,0
12796,0
156954,0
48918,0
72097,0
160837,0
102766,0
103490,0
30054,0
83618,0
101532,0
152188,0
236895,0
215675,0
212609,0
173370,0
77406,0
114698,0
177441,0
192876,0
237827,0
89122,0
149404,0
111506,0
139590,0
216056,0
207313,0
220690,0
187322,0
141432,0
238460,0
116686,0
18742,0
54996,0
152993,0
33495,0
125125,0
4739,0
234697,0
187292,0
65915,0
19893,0
110105,0
234506,0
116369,0
35175,0
246637,0
23158,0
88315,0
96693,0
70986,0
119831,0
163252,0
155441,0
64375,0
67159,0
159065,0
225059,0
193606,0
61984,0
34367,0
58236,0
149757,0
4013,0
217162,0
12107,0
9960,0
11796,0
242088,0
62642,0
172577,0
132073,0
192140,0
102117,0
501,0
75837,0
184815,0
149484,0
84339,0
26345,0
28267,0
233796,0
189031,0
170789,0
51205,0
35477,0
117168,0
228997,0
121375,0
130818,0
210231,0
162497,0
223967,0
16828,0
246246,0
138548,0
56388,0
129998,0
227505,0
15325,0
219080,0
146963,0
96569,0
22997,0
245356,0
221992,0
135641,0
75600,0
36385,0
122710,0
232135,0
213659,0
13436,0
194956,0
74203,0
159615,0
52509,0
43176,0
232047,0
18730,0
56280,0
60377,0
184432,0
225912,0
38271,0
241229,0
236690,0
184560,0
161710,0
41702,0
39751,0
9696,0
169605,0
132716,0
91433,0
145046,0
195414,0
246335,0
235856,0
90657,0
207258,0
103867,0
211712,0
17936,0
188969,0
114739,0
202798,0
9397,0
172636,0
196128,0
238390,0
111867,0
210840,0
177898,0
172136,0
141235,0
82937,0
109428,0
3464,0
207431,0
78611,0
191377,0
52844,0
212917,0
184881,0
69132,0
186434,0
170637,0
177524,0
62411,0
230958,0
86302,0
210340,0
57322,0
134754,0
37980,0
163604,0
242441,0
226187,0
128478,0
110700,0
116256,0
241697,0
150427,0
177978,0
33497,0
126790,0
5737,0
68845,0
165274,0
163507,0
41791,0
96809,0
141387,0
185336,0
223963,0
80786,0
101979,0
225132,0
16564,0
99267,0
237423,0
35997,0
123964,0
199607,0
45125,0
201683,0
88621,0
60156,0
107571,0
20445,0
161127,0
210217,0
140570,0
25493,0
75710,0
144339,0
245393,0
210920,0
58306,0
220182,0
67810,0
203591,0
14713,0
179078,0
119165,0
44071,0
92005,0
121712,0
168934,0
51780,0
89805,0
216843,0
26342,0
134748,0
196822,0
82874,0
16608,0
246437,0
89138,0
7794,0
208810,0
69629,0
94513,0
216824,0
141864,0
153910,0
237605,0
3727,0
119375,0
96620,0
32843,0
187253,0
99130,0
248620,0
105208,0
192689,0
164470,0
59206,0
121537,0
170819,0
160190,0
61668,0
29935,0
231769,0
227334,0
19250,0
101191,0
71590,0
111421,0
121835,0
105154,0
8775,0
53163,0
14821,0
49797,0
84792,0
245066,0
94724,0
22802,0
64130,0
201153,0
102120,0
75430,0
131010,0
176015,0
163263,0
155623,0
97071,0
202924,0
97978,0
175046,0
204892,0
111390,0
200011,0
168714,0
162885,0
143255,0
188893,0
123310,0
35117,0
238116,0
211255,0
4541,0
189178,0
4250,0
149033,0
197856,0
93429,0
36886,0
73808,0
53132,0
70861,0
204466,0
45937,0
131532,0
157063,0
131920,0
216499,0
129374,0
4891,0
38016,0
8559,0
235506,0
187512,0
193001,0
17956,0
232716,0
195840,0
248799,0
22074,0
208482,0
176335,0
173515,0
121073,0
180599,0
33967,0
193229,0
196997,0
89516,0
197448,0
221187,0
239155,0
153039,0
189659,0
168219,0
34791,0
6117,0
92560,0
210996,0
159146,0
175166,0
7423,0
105358,0
161135,0
178551,0
202134,0
156942,0
168533,0
98559,0
45155,0
42205,0
51503,0
161114,0
243708,0
206152,0
244403,0
50941,0
240635,0
127858,0
183423,0
208359,0
124916,0
187726,0
26480,0
120311,0
72864,0
118896,0
201235,0
235274,0
248117,0
243955,0
245141,0
171289,0
71050,0
72819,0
164907,0
139506,0
193032,0
128700,0
172488,0
120345,0
213848,0
38873,0
142977,0
107480,0
30673,0
203908,0
164107,0
57178,0
82330,0
184936,0
14257,0
96665,0
93742,0
25527,0
146027,0
63171,0
21762,0
198915,0
3353,0
75873,0
184707,0
61298,0
78098,0
99573,0
225796,0
26145,0
50722,0
247685,0
105877,0
213176,0
230621,0
241134,0
151977,0
88497,0
70876,0
36704,0
157413,0
223049,0
78690,0
116058,0
84745,0
150809,0
55868,0
76938,0
177811,0
38012,0
210312,0
163805,0
32483,0
164662,0
41641,0
82603,0
248122,0
173951,0
225607,0
134188,0
162453,0
222367,0
124981,0
86826,0
215201,0
92329,0
153567,0
225656,0
109008,0
206999,0
96864,0
102102,0
105659,0
212254,0
98468,0
141479,0
114520,0
88084,0
206585,0
110266,0
42934,0
98254,0
106795,0
161571,0
84089,0
178162,0
109662,0
148444,0
26459,0
199924,0
220045,0
108313,0
5953,0
107735,0
3688,0
164473,0
46030,0
155069,0
125908,0
107963,0
19736,0
160203,0
107267,0
228424,0
242691,0
99787,0
763,0
191161,0
5716,0
167971,0
70991,0
166150,0
153922,0
6341,0
143732,0
200761,0
226246,0
229227,0
130619,0
186210,0
138321,0
48881,0
173619,0
242369,0
103094,0
105310,0
40945,0
78241,0
62862,0
189763,0
36935,0
121285,0
173043,0
60460,0
24926,0
247915,0
107921,0
219656,0
64749,0
205192,0
183228,0
39368,0
154658,0
79354,0
151272,0
188166,0
213333,0
101474,0
102934,0
62474,0
46322,0
209841,0
171720,0
142294,0
149408,0
69877,0
20158,0
18542,0
231344,0
167585,0
167632,0
243478,0
126927,0
162121,0
175735,0
9086,0
134771,0
162865,0
193661,0
164864,0
44230,0
140695,0
5047,0
207305,0
186246,0
106189,0
114242,0
200407,0
69347,0
169970,0
70497,0
146939,0
186255,0
240954,0
209603,0
219771,0
23281,0
141457,0
14238,0
50354,0
142920,0
190160,0
116956,0
98082,0
141829,0
197889,0
228685,0
48522,0
237829,0
73792,0
172586,0
126771,0
154771,0
143368,0
184246,0
76259,0
218411,0
212552,0
129340,0
70420,0
62749,0
249246,0
136508,0
61050,0
129491,0
100560,0
140101,0
61130,0
215138,0
68997,0
190405,0
227136,0
70694,0
54510,0
221844,0
2986,0
121387,0
98335,0
76284,0
127687,0
153106,0
31948,0
42823,0
149079,0
192089,0
2709,0
1668,0
112617,0
208610,0
146648,0
125402,0
102184,0
210337,0
26644,0
115319,0
106961,0
46060,0
169411,0
170473,0
91960,0
194166,0
212630,0
9076,0
213005,0
153883,0
214152,0
239164,0
237196,0
237065,0
223375,0
237803,0
231651,0
192387,0
60575,0
48044,0
1483,0
107713,0
165535,0
107548,0
16145,0
56393,0
158974,0
172994,0
213741,0
223870,0
225816,0
110162,0
135118,0
137308,0
166431,0
42677,0
2040,0
150449,0
215681,0
122579,0
75612,0
130148,0
38849,0
94469,0
208187,0
119685,0
210160,0
32164,0
44615,0
178490,0
99019,0
30358,0
36732,0
216233,0
183014,0
237154,0
63664,0
185661,0
220677,0
169076,0
51139,0
220449,0
94094,0
41569,0
138885,0
108980,0
77031,0
44485,0
220786,0
138980,0
141839,0
4666,0
72875,0
518,0
187097,0
12903,0
211417,0
122449,0
86981,0
69048,0
210579,0
112877,0
195763,0
9833,0
94893,0
48021,0
89701,0
154122,0
104223,0
215425,0
205761,0
172881,0
99833,0
84379,0
63582,0
116836,0
26541,0
63121,0
135672,0
143823,0
173256,0
104532,0
247711,0
9155,0
177211,0
4195,0
66478,0
233925,0
113804,0
202238,0
228288,0
4217,0
7431,0
177930,0
248810,0
178004,0
217132,0
8437,0
154980,0
62077,0
36173,0
210304,0
64353,0
26369,0
62483,0
120115,0
195999,0
197669,0
147136,0
237505,0
138695,0
27700,0
12522,0
57209,0
53697,0
144546,0
137564,0
207153,0
183805,0
244311,0
13956,0
227000,0
67803,0
234309,0
136172,0
62557,0
220229,0
204429,0
142689,0
136707,0
177293,0
68727,0
184083,0
113215,0
164177,0
3106,0
146856,0
111384,0
216864,0
239395,0
60636,0
15914,0
205715,0
231551,0
159496,0
133620,0
78090,0
147498,0
71444,0
131043,0
26964,0
234265,0
75858,0
207297,0
170702,0
214378,0
23274,0
204422,0
194502,0
249350,0
148558,0
70929,0
110646,0
42267,0
227190,0
194375,0
219461,0
92234,0
49519,0
217939,0
87625,0
135329,0
48298,0
179851,0
165079,0
176642,0
222892,0
233743,0
144181,0
143845,0
222068,0
123337,0
190420,0
139072,0
207765,0
118860,0
51212,0
133988,0
196141,0
101485,0
171393,0
111932,0
243794,0
105724,0
205563,0
45719,0
61810,0
154820,0
178163,0
12066,0
239371,0
175615,0
62536,0
36665,0
62899,0
224050,0
10766,0
181188,0
115959,0
42179,0
68560,0
94554,0
118306,0
97514,0
243893,0
131714,0
44218,0
115946,0
36970,0
243593,0
8986,0
191699,0
167285,0
24603,0
159383,0
136231,0
218848,0
206425,0
147985,0
8049,0
191128,0
247791,0
172394,0
87003,0
158227,0
170246,0
203070,0
74576,0
60537,0
206268,0
139159,0
177599,0
203616,0
169800,0
40466,0
191362,0
53284,0
17819,0
35722,0
98080,0
32494,0
107607,0
240988,0
191247,0
157715,0
26364,0
124708,0
192891,0
230692,0
55537,0
65230,0
249345,0
28177,0
33118,0
49858,0
143411,0
222884,0
62832,0
62259,0
220206,0
211302,0
228972,0
146304,0
19083,0
163904,0
178111,0
73017,0
243393,0
220929,0
119763,0
238154,0
188116,0
190048,0
148551,0
166976,0
228343,0
110394,0
183657,0
46034,0
128559,0
41374,0
181896,0
53499,0
174681,0
52660,0
54052,0
176695,0
72259,0
152680,0
168352,0
48480,0
47560,0
101386,0
153965,0
223826,0
158837,0
214030,0
214883,0
12142,0
86961,0
121441,0
75077,0
39693,0
25445,0
171845,0
215321,0
167083,0
136797,0
3289,0
32140,0
215761,0
114825,0
61132,0
35697,0
114774,0
128820,0
145533,0
39830,0
11980,0
34885,0
39855,0
41931,0
19402,0
195264,0
173064,0
25857,0
24481,0
241553,0
226717,0
13380,0
38114,0
182902,0
132349,0
29054,0
100285,0
204608,0
228913,0
215803,0
190394,0
208043,0
80252,0
196543,0
110430,0
140189,0
218596,0
109739,0
15737,0
91584,0
146346,0
209389,0
110116,0
8825,0
47584,0
124,0
25587,0
148144,0
208322,0
138748,0
43075,0
246899,0
52580,0
102854,0
163434,0
205793,0
122852,0
49478,0
117726,0
100345,0
210847,0
116108,0
205332,0
106621,0
218305,0
42139,0
213700,0
46336,0
82487,0
53825,0
65481,0
64013,0
38883,0
20574,0
131292,0
11976,0
72696,0
122490,0
689,0
22946,0
83146,0
219565,0
180077,0
247604,0
37835,0
26184,0
97235,0
95563,0
18858,0
145608,0
97209,0
42610,0
183370,0
27937,0
159929,0
246877,0
194045,0
119663,0
70852,0
221316,0
216004,0
144488,0
206871,0
49947,0
21367,0
135473,0
14791,0
147826,0
180710,0
225098,0
108303,0
155577,0
7390,0
237801,0
174640,0
242748,0
186188,0
878,0
89706,0
91921,0
103931,0
169341,0
85812,0
19662,0
216357,0
95802,0
77549,0
47902,0
86955,0
190318,0
177436,0
79933,0
223895,0
216343,0
159356,0
194800,0
154118,0
187876,0
209404,0
45745,0
244619,0
62343,0
22648,0
114079,0
2727,0
136398,0
49637,0
132009,0
163280,0
146038,0
207851,0
46003,0
142965,0
15041,0
242165,0
168064,0
138386,0
159315,0
37543,0
233802,0
231770,0
167590,0
211001,0
226638,0
116937,0
121032,0
200151,0
94688,0
216792,0
218825,0
137898,0
157263,0
153108,0
187751,0
229789,0
32865,0
202429,0
89513,0
60242,0
120816,0
80816,0
159679,0
209293,0
16655,0
140933,0
153671,0
195817,0
46938,0
199835,0
186468,0
78194,0
4328,0
102286,0
44272,0
19492,0
192546,0
34591,0
238375,0
214633,0
129535,0
161300,0
202262,0
33778,0
66703,0
137609,0
136634,0
96026,0
208447,0
53310,0
128980,0
185284,0
23501,0
80545,0
206480,0
176426,0
65808,0
132061,0
145496,0
246422,0
163406,0
207295,0
247230,0
37415,0
112594,0
170158,0
200296,0
8006,0
163643,0
47069,0
133890,0
7127,0
112399,0
52235,0
96316,0
32386,0
239368,0
187119,0
3556,0
38417,0
72639,0
207235,0
64231,0
169675,0
134009,0
102883,0
185316,0
235757,0
245250,0
72203,0
109661,0
73439,0
196576,0
81269,0
81436,0
61633,0
66645,0
132485,0
88856,0
45282,0
84796,0
39228,0
162015,0
20087,0
180400,0
2231,0
166699,0
172955,0
204368,0
207743,0
27166,0
136230,0
74656,0
203873,0
178557,0
209384,0
244879,0
97890,0
121781,0
217849,0
9854,0
32852,0
118605,0
202415,0
199871,0
31386,0
74846,0
228574,0
86007,0
191554,0
36407,0
88360,0
183391,0
178051,0
206643,0
96138,0
167349,0
116417,0
174531,0
97111,0
248281,0
113274,0
95442,0
22294,0
228322,0
219972,0
125090,0
150185,0
182612,0
63373,0
157194,0
133900,0
133806,0
55534,0
192647,0
166356,0
26803,0
130532,0
52577,0
120350,0
216529,0
48903,0
15482,0
102265,0
133906,0
159230,0
137578,0
87621,0
15291,0
177200,0
212693,0
88157,0
212364,0
190705,0
169061,0
209439,0
71426,0
74517,0
10930,0
206685,0
206150,0
234545,0
194616,0
199484,0
56029,0
82705,0
22780,0
173743,0
245070,0
235226,0
152981,0
39108,0
194818,0
100780,0
67770,0
131014,0
71440,0
131822,0
234078,0
107434,0
147250,0
100861,0
45035,0
192471,0
203547,0
157288,0
165086,0
45566,0
70568,0
182605,0
78918,0
77530,0
181643,0
8925,0
213274,0
143529,0
27022,0
164521,0
207838,0
41944,0
190424,0
1239,0
123868,0
58241,0
34454,0
218925,0
101512,0
84795,0
1883,0
78338,0
135584,0
25701,0
240915,0
114655,0
187441,0
232693,0
181266,0
61487,0
163875,0
225790,0
248582,0
247420,0
61449,0
110630,0
249986,0
204002,0
77720,0
194350,0
245013,0
169804,0
211959,0
249550,0
164286,0
196774,0
99170,0
28921,0
202311,0
44451,0
44371,0
88463,0
105132,0
19591,0
243693,0
13361,0
42964,0
230573,0
126582,0
124563,0
156916,0
175191,0
81521,0
191786,0
112686,0
16152,0
167774,0
194807,0
28561,0
232098,0
43727,0
39394,0
61180,0
180556,0
25265,0
219847,0
8443,0
139025,0
132520,0
46740,0
52524,0
114353,0
188292,0
94077,0
38571,0
98153,0
38592,0
103451,0
170994,0
207978,0
49406,0
198263,0
88494,0
101609,0
146386,0
43343,0
238312,0
100058,0
14550,0
154600,0
84939,0
120002,0
196646,0
107492,0
159211,0
70525,0
150627,0
117137,0
167940,0
116717,0
147237,0
110556,0
42895,0
140244,0
26174,0
178521,0
72931,0
53005,0
61172,0
247605,0
134185,0
203315,0
189302,0
44957,0
118543,0
58393,0
219125,0
23447,0
41177,0
182622,0
7471,0
68032,0
183317,0
96994,0
147444,0
153285,0
221920,0
184393,0
15140,0
133193,0
34824,0
123700,0
179467,0
46699,0
223625,0
119337,0
2363,0
124363,0
47543,0
67408,0
113070,0
138637,0
194965,0
129691,0
122193,0
43538,0
25287,0
236600,0
247234,0
120313,0
206390,0
157537,0
143003,0
145064,0
68329,0
230873,0
43670,0
129584,0
201015,0
97993,0
224421,0
169769,0
87368,0
75843,0
248537,0
228994,0
151564,0
35045,0
109961,0
35952,0
62872,0
16096,0
31602,0
152621,0
163930,0
77816,0
56981,0
30650,0
237833,0
61697,0
86718,0
19129,0
161111,0
4569,0
22461,0
1575,0
130838,0
31240,0
137038,0
78814,0
58112,0
187285,0
167282,0
30792,0
104756,0
77523,0
35956,0
135626,0
78551,0
35850,0
90466,0
220582,0
173811,0
144277,0
87574,0
109666,0
154666,0
123067,0
110837,0
104109,0
198123,0
242287,0
191348,0
242275,0
188518,0
170616,0
234862,0
158386,0
88731,0
88551,0
88616,0
74380,0
207950,0
233801,0
40157,0
62687,0
236147,0
114925,0
68278,0
226518,0
134499,0
247600,0
40691,0
70114,0
182672,0
183953,0
237555,0
127379,0
10676,0
196565,0
201567,0
118311,0
87573,0
122497,0
130096,0
156626,0
249908,0
233547,0
132833,0
113690,0
71913,0
50343,0
2976,0
203704,0
136684,0
178995,0
135878,0
80644,0
127528,0
131791,0
245504,0
139965,0
6488,0
239584,0
16361,0
170038,0
180790,0
225761,0
187466,0
7242,0
200160,0
207715,0
6540,0
16775,0
87752,0
183020,0
239920,0
75968,0
146554,0
42210,0
118939,0
129248,0
165760,0
95214,0
179254,0
202364,0
221228,0
192938,0
91225,0
39642,0
40215,0
171102,0
36917,0
233015,0
49215,0
65907,0
23687,0
109693,0
41147,0
133215,0
138319,0
39115,0
60296,0
115348,0
5448,0
185443,0
185429,0
98260,0
176505,0
79945,0
178856,0
206202,0
127018,0
216379,0
208024,0
113491,0
109307,0
43711,0
108582,0
130240,0
152811,0
42463,0
59196,0
115489,0
204668,0
82059,0
243262,0
183706,0
236524,0
193683,0
148603,0
124466,0
157096,0
204441,0
181855,0
60958,0
100942,0
85996,0
241710,0
87441,0
246632,0
181501,0
86606,0
130235,0
35815,0
68425,0
106353,0
170162,0
58344,0
17583,0
67934,0
199868,0
183291,0
209253,0
121986,0
57054,0
131117,0
175917,0
101186,0
72334,0
70612,0
151730,0
240841,0
96174,0
76161,0
88224,0
64922,0
36723,0
8239,0
208217,0
7362,0
76319,0
157312,0
46179,0
219616,0
116970,0
48282,0
124554,0
229318,0
140879,0
80487,0
2675,0
153469,0
36057,0
101629,0
355,0
191563,0
180445,0
62101,0
115017,0
14985,0
217485,0
32013,0
177542,0
192329,0
131221,0
88036,0
98094,0
220448,0
210093,0
219403,0
211153,0
104523,0
194495,0
36957,0
137677,0
93956,0
203064,0
133728,0
209806,0
200664,0
204110,0
154086,0
12985,0
249650,0
157279,0
163873,0
20550,0
175727,0
211221,0
182738,0
132656,0
77692,0
177001,0
175818,0
28340,0
7833,0
203449,0
245888,0
179462,0
51691,0
175734,0
228166,0
116461,0
187548,0
52502,0
66869,0
51817,0
103554,0
4461,0
172879,0
136953,0
36759,0
217380,0
227769,0
103450,0
34108,0
27458,0
145015,0
128910,0
184799,0
121175,0
121731,0
241718,0
81080,0
90821,0
81967,0
178952,0
153246,0
106628,0
100735,0
220227,0
216847,0
217277,0
4568,0
139713,0
206374,0
236441,0
190821,0
25228,0
192490,0
227974,0
206082,0
226151,0
248769,0
126966,0
111851,0
203065,0
108325,0
48909,0
222919,0
149020,0
137195,0
52777,0
237030,0
200395,0
224290,0
62139,0
78159,0
52419,0
182817,0
248504,0
145358,0
4345,0
189227,0
107081,0
192977,0
108641,0
178643,0
811,0
244508,0
102980,0
75517,0
23269,0
120104,0
226100,0
7468,0
56051,0
104219,0
140427,0
118980,0
207385,0
119569,0
171142,0
197287,0
131788,0
64356,0
233316,0
196851,0
163728,0
68427,0
182709,0
172759,0
246933,0
208804,0
147375,0
163826,0
6532,0
51608,0
203390,0
44526,0
108968,0
100901,0
50563,0
231500,0
221356,0
149708,0
44032,0
202937,0
103239,0
101521,0
241604,0
188425,0
205910,0
56190,0
197812,0
217844,0
111329,0
13494,0
138390,0
169380,0
61857,0
113696,0
25838,0
3334,0
125558,0
249987,0
72234,0
210742,0
132170,0
121235,0
146810,0
108837,0
14655,0
169860,0
162228,0
217710,0
59620,0
104091,0
87742,0
60429,0
206907,0
89663,0
116635,0
77554,0
242276,0
218338,0
22698,0
221531,0
72632,0
51174,0
115607,0
178941,0
19912,0
141970,0
181995,0
176528,0
128318,0
168729,0
198928,0
233400,0
102721,0
14868,0
236026,0
60856,0
70070,0
162490,0
126456,0
169282,0
223474,0
126671,0
85860,0
48085,0
92095,0
220520,0
191719,0
237093,0
75393,0
181278,0
245347,0
60825,0
72655,0
39388,0
242354,0
169607,0
7818,0
227910,0
222994,0
123706,0
91542,0
24304,0
61932,0
157617,0
51662,0
45878,0
69488,0
1965,0
146857,0
37730,0
77206,0
145268,0
73871,0
47487,0
227228,0
112714,0
168067,0
184986,0
245263,0
239755,0
89255,0
148874,0
1749,0
93466,0
206262,0
124103,0
75946,0
185985,0
227751,0
61963,0
27018,0
26412,0
180749,0
58325,0
60054,0
197781,0
154789,0
103587,0
210804,0
130844,0
159343,0
108606,0
132897,0
186647,0
249602,0
131371,0
166757,0
28117,0
39776,0
164089,0
146618,0
50148,0
41455,0
98681,0
92232,0
103843,0
72496,0
213795,0
164959,0
246776,0
43363,0
75571,0
190746,0
175192,0
141100,0
71183,0
51208,0
73383,0
147133,0
109357,0
31469,0
8295,0
34852,0
214665,0
92092,0
240784,0
210316,0
185885,0
166398,0
178344,0
208915,0
21255,0
79348,0
162907,0
162740,0
113529,0
14267,0
43757,0
84051,0
244079,0
218448,0
48552,0
102009,0
55235,0
146056,0
182830,0
24367,0
237515,0
886,0
54117,0
201726,0
201959,0
79740,0
111127,0
5398,0
99921,0
37999,0
19603,0
53321,0
109312,0
80363,0
159099,0
139917,0
92140,0
95580,0
117975,0
85119,0
133352,0
25286,0
13618,0
72685,0
180045,0
181347,0
228206,0
231963,0
14290,0
59246,0
57641,0
214662,0
37782,0
244759,0
100107,0
241887,0
155740,0
233728,0
226310,0
98433,0
167855,0
129158,0
174161,0
100396,0
73407,0
173025,0
214297,0
12194,0
186315,0
18460,0
136605,0
238949,0
18428,0
105853,0
237318,0
228534,0
68381,0
233258,0
102435,0
242736,0
182865,0
100976,0
2262,0
82870,0
242943,0
156935,0
65932,0
95908,0
93031,0
130362,0
7865,0
137072,0
223622,0
33584,0
120065,0
64269,0
52253,0
123298,0
158758,0
137445,0
180240,0
112474,0
75107,0
164366,0
158410,0
159983,0
98455,0
153393,0
241625,0
119068,0
84771,0
218005,0
28527,0
17780,0
227147,0
27292,0
114927,0
226826,0
143649,0
66401,0
67812,0
211861,0
215851,0
212037,0
176477,0
135002,0
206927,0
72339,0
243149,0
94069,0
233538,0
39703,0
162822,0
115191,0
104879,0
212811,0
60980,0
125784,0
201729,0
180496,0
206197,0
194058,0
186747,0
8547,0
207137,0
209591,0
112937,0
85597,0
41322,0
49093,0
60845,0
249581,0
162342,0
230378,0
66568,0
193568,0
82992,0
215371,0
230942,0
90326,0
143850,0
21313,0
56556,0
234145,0
73674,0
40061,0
108133,0
11572,0
151993,0
203300,0
9493,0
132537,0
222179,0
3459,0
147185,0
111276,0
39300,0
159215,0
184621,0
118772,0
167227,0
205861,0
213441,0
189289,0
234967,0
56082,0
130882,0
216512,0
144055,0
140519,0
202072,0
245904,0
160993,0
50987,0
232113,0
221769,0
247796,0
11177,0
196603,0
200406,0
17912,0
140662,0
55180,0
195024,0
244997,0
203708,0
148794,0
236264,0
211125,0
90660,0
49633,0
20832,0
198171,0
84029,0
138179,0
79343,0
152838,0
48746,0
86215,0
176489,0
81287,0
113205,0
208112,0
32237,0
94337,0
194585,0
18747,0
2862,0
249915,0
128484,0
47453,0
145774,0
77520,0
167215,0
66052,0
141669,0
73500,0
101814,0
2111,0
187108,0
4606,0
54413,0
174056,0
109605,0
135766,0
133566,0
201230,0
203701,0
169293,0
86837,0
111016,0
237158,0
198952,0
37571,0
15820,0
45882,0
51829,0
180465,0
23994,0
8859,0
231372,0
67898,0
243243,0
40065,0
55493,0
198306,0
161085,0
107818,0
74961,0
150480,0
144164,0
156966,0
249477,0
113897,0
104023,0
219192,0
247647,0
101548,0
234060,0
121604,0
119310,0
228093,0
106247,0
132268,0
229835,0
168281,0
150069,0
142752,0
135998,0
132550,0
29769,0
42339,0
73508,0
228451,0
22540,0
71513,0
149103,0
144629,0
165239,0
87461,0
64094,0
137623,0
152932,0
5330,0
59524,0
176932,0
220571,0
20090,0
31992,0
55791,0
95188,0
77800,0
131962,0
108580,0
81731,0
1938,0
185466,0
157725,0
71704,0
221744,0
27103,0
91249,0
21364,0
57926,0
56710,0
176834,0
96616,0
52751,0
70987,0
150138,0
115326,0
186860,0
117054,0
117631,0
219371,0
218315,0
45782,0
16890,0
36500,0
200936,0
52556,0
115109,0
198337,0
146020,0
164883,0
97749,0
121541,0
147458,0
19303,0
231373,0
107086,0
60472,0
41287,0
29673,0
3462,0
212422,0
17359,0
4124,0
84958,0
150560,0
82692,0
45466,0
119748,0
208278,0
178913,0
193747,0
25181,0
57048,0
107899,0
90584,0
193787,0
214973,0
78256,0
17245,0
37974,0
69851,0
236574,0
165490,0
29797,0
14448,0
179984,0
117902,0
182656,0
49691,0
228207,0
106710,0
99877,0
109815,0
1847,0
109141,0
145936,0
94674,0
115863,0
85667,0
123176,0
21490,0
156076,0
49320,0
18494,0
68272,0
189737,0
2893,0
182750,0
217615,0
248482,0
191273,0
162350,0
23710,0
224269,0
163257,0
172979,0
220297,0
11346,0
68380,0
51379,0
10545,0
83888,0
2859,0
218706,0
228551,0
2846,0
15112,0
58740,0
27838,0
136044,0
5457,0
73357,0
243944,0
149216,0
188536,0
129435,0
124162,0
40266,0
148907,0
25866,0
188369,0
49816,0
91592,0
168708,0
33626,0
23081,0
137188,0
203942,0
215979,0
185415,0
16353,0
122326,0
225130,0
99624,0
105213,0
76135,0
141561,0
59534,0
19138,0
159233,0
90789,0
125046,0
187067,0
71595,0
191624,0
108901,0
80996,0
59066,0
30986,0
122586,0
225588,0
104286,0
218407,0
10566,0
86125,0
150984,0
130021,0
27920,0
14381,0
126346,0
174949,0
107901,0
180817,0
57972,0
163104,0
214734,0
163575,0
210878,0
66190,0
17787,0
138134,0
9158,0
75220,0
9801,0
78388,0
34351,0
86318,0
229818,0
203451,0
114609,0
219490,0
26300,0
147367,0
141993,0
6489,0
138581,0
199885,0
94064,0
39695,0
203992,0
38722,0
160076,0
136430,0
243836,0
215662,0
177004,0
231315,0
117134,0
130973,0
170206,0
112074,0
239748,0
117772,0
173884,0
88354,0
215845,0
123628,0
203006,0
175260,0
197740,0
186761,0
53854,0
21519,0
104754,0
152710,0
164477,0
48821,0
166920,0
25371,0
223391,0
166054,0
24,0
55758,0
10859,0
138424,0
140972,0
85258,0
6136,0
190985,0
216571,0
97846,0
49697,0
193120,0
213346,0
170306,0
12295,0
101328,0
235027,0
92392,0
227627,0
216199,0
183301,0
68636,0
193733,0
186510,0
20212,0
23193,0
242901,0
91741,0
201828,0
222443,0
31140,0
164820,0
73496,0
239385,0
218446,0
204490,0
86841,0
124284,0
207455,0
93037,0
49182,0
85828,0
249884,0
25241,0
129375,0
71256,0
210988,0
217311,0
187032,0
202849,0
213955,0
116913,0
46789,0
24155,0
160779,0
137960,0
247148,0
160339,0
184414,0
130450,0
122522,0
2047,0
193205,0
203523,0
15146,0
6459,0
105456,0
161387,0
81020,0
86216,0
194804,0
156929,0
139501,0
117471,0
216644,0
31929,0
212662,0
209331,0
238620,0
135023,0
141298,0
36287,0
168216,0
7816,0
42559,0
20073,0
163906,0
80465,0
212836,0
135021,0
86558,0
20437,0
214044,0
137077,0
137619,0
162530,0
96377,0
101452,0
211787,0
200176,0
185471,0
18335,0
24904,0
186870,0
3935,0
191971,0
26895,0
48933,0
48766,0
130042,0
85661,0
190796,0
218211,0
141412,0
234246,0
151904,0
88914,0
108830,0
27561,0
107784,0
102168,0
133300,0
245868,0
127467,0
112456,0
41827,0
188915,0
68262,0
102276,0
68856,0
2296,0
29299,0
53615,0
61707,0
115614,0
192858,0
166553,0
143215,0
48995,0
240277,0
117223,0
196304,0
216809,0
118361,0
1017,0
179286,0
65487,0
98089,0
136291,0
102682,0
133600,0
84936,0
15042,0
62868,0
115632,0
110387,0
104739,0
70016,0
166641,0
156744,0
201995,0
55034,0
218429,0
129318,0
27121,0
183263,0
184812,0
110046,0
54537,0
197376,0
109347,0
138399,0
219145,0
188943,0
26411,0
126252,0
152124,0
234310,0
145796,0
206757,0
78851,0
121492,0
135312,0
160013,0
165187,0
245943,0
221983,0
114898,0
45189,0
67721,0
153308,0
190829,0
104287,0
2099,0
78153,0
166687,0
200533,0
147359,0
88707,0
9626,0
16319,0
180839,0
72212,0
224327,0
83288,0
113800,0
89311,0
29522,0
168812,0
128827,0
152510,0
244068,0
65771,0
124470,0
133776,0
166770,0
227351,0
143327,0
247236,0
134350,0
118196,0
99984,0
86334,0
88406,0
41612,0
199543,0
174814,0
230500,0
183596,0
241746,0
86764,0
227500,0
192173,0
9555,0
1343,0
223530,0
30308,0
1949,0
173382,0
233182,0
147304,0
237713,0
107097,0
203183,0
147336,0
113522,0
12141,0
119825,0
192182,0
35996,0
51407,0
67802,0
138109,0
245063,0
188509,0
81756,0
94950,0
170250,0
78681,0
114788,0
29762,0
234734,0
65347,0
150459,0
228846,0
123442,0
145742,0
149821,0
153004,0
195504,0
48622,0
46120,0
176987,0
135512,0
127184,0
37233,0
118024,0
111194,0
7195,0
227204,0
194519,0
30362,0
1060,0
155459,0
34040,0
189812,0
235116,0
139068,0
193921,0
226331,0
21872,0
3072,0
2375,0
75255,0
75455,0
180450,0
150289,0
110773,0
217012,0
33274,0
248046,0
104461,0
49660,0
25985,0
71766,0
146100,0
133579,0
1781,0
148110,0
210865,0
214244,0
219667,0
179875,0
10825,0
225954,0
183703,0
182354,0
233787,0
232647,0
158627,0
7884,0
24533,0
172592,0
112464,0
184652,0
179432,0
67157,0
93796,0
45429,0
87823,0
169526,0
16139,0
92042,0
42710,0
196181,0
158612,0
217160,0
230105,0
74394,0
179399,0
127493,0
36501,0
176146,0
111960,0
210671,0
115336,0
234369,0
163749,0
117237,0
177221,0
104407,0
93000,0
72990,0
64644,0
164144,0
219091,0
165704,0
204453,0
190434,0
24936,0
26528,0
108683,0
30385,0
18247,0
34678,0
9355,0
208713,0
28710,0
212757,0
46993,0
16949,0
493,0
217648,0
186471,0
234278,0
227218,0
87545,0
154698,0
239498,0
169574,0
138327,0
185071,0
93813,0
35460,0
224550,0
85986,0
136583,0
190315,0
246418,0
117676,0
188544,0
70046,0
112801,0
243763,0
189855,0
141079,0
161488,0
12038,0
156315,0
197846,0
75941,0
125197,0
25572,0
9123,0
25774,0
139269,0
68626,0
25691,0
218681,0
167208,0
21315,0
167543,0
128173,0
215123,0
115452,0
28235,0
11642,0
115221,0
145170,0
132025,0
214185,0
211576,0
160927,0
162902,0
21790,0
173177,0
5488,0
178105,0
231299,0
110499,0
196759,0
47654,0
204,0
142729,0
98390,0
34625,0
216812,0
210390,0
167582,0
102523,0
35044,0
119776,0
56177,0
53127,0
82743,0
231880,0
191057,0
221497,0
232968,0
238195,0
211215,0
48797,0
187705,0
228185,0
187795,0
234742,0
154765,0
184477,0
181947,0
64272,0
177784,0
9434,0
125388,0
210729,0
71459,0
216336,0
207412,0
130649,0
73846,0
98241,0
105193,0
88433,0
239583,0
165500,0
157191,0
153945,0
161477,0
96424,0
49024,0
31534,0
122376,0
130890,0
219522,0
230374,0
187294,0
128190,0
92789,0
227460,0
183444,0
27116,0
221210,0
240242,0
195390,0
72341,0
70403,0
51609,0
58268,0
190881,0
64218,0
165798,0
229479,0
191340,0
159938,0
90573,0
23073,0
75383,0
24033,0
24179,0
161920,0
9469,0
108960,0
187141,0
73715,0
23489,0
214800,0
243248,0
109704,0
171828,0
248340,0
178499,0
95871,0
101731,0
34346,0
215380,0
100703,0
100987,0
56854,0
60998,0
243831,0
67447,0
90589,0
106882,0
106638,0
74678,0
80218,0
38515,0
24595,0
12791,0
83727,0
2588,0
23622,0
198595,0
67689,0
51640,0
185586,0
81659,0
225294,0
163043,0
150314,0
30477,0
217255,0
48262,0
22,0
198765,0
201353,0
112912,0
180780,0
105748,0
133033,0
79822,0
82696,0
108544,0
242643,0
45790,0
7845,0
94051,0
223281,0
12982,0
78730,0
129144,0
129315,0
1323,0
205126,0
178277,0
121137,0
189462,0
133403,0
214881,0
74610,0
126860,0
108071,0
193893,0
194773,0
166586,0
203223,0
207645,0
56374,0
218352,0
219837,0
66966,0
216943,0
142740,0
73682,0
22514,0
48560,0
109135,0
211777,0
187689,0
92071,0
161986,0
245446,0
190876,0
197930,0
200911,0
232150,0
116187,0
203709,0
82144,0
217707,0
155869,0
142042,0
182001,0
214289,0
84501,0
71238,0
233581,0
40493,0
36962,0
207956,0
177730,0
38595,0
21496,0
89316,0
236472,0
72159,0
236515,0
119697,0
93253,0
91161,0
30963,0
145805,0
7343,0
247512,0
227919,0
117780,0
152120,0
80055,0
138635,0
179237,0
204698,0
55716,0
205841,0
705,0
99247,0
122503,0
123576,0
169922,0
230756,0
217574,0
74749,0
137409,0
150766,0
72841,0
147492,0
103035,0
213433,0
6996,0
209780,0
95857,0
140769,0
87319,0
4604,0
23857,0
201873,0
82480,0
117072,0
120363,0
171920,0
199367,0
212468,0
168956,0
103016,0
219034,0
46296,0
67475,0
122549,0
203899,0
182590,0
224762,0
205409,0
79713,0
28057,0
90377,0
103713,0
37418,0
35522,0
234332,0
136938,0
133269,0
86081,0
139746,0
15537,0
5637,0
184665,0
128015,0
92774,0
227765,0
197568,0
55793,0
196824,0
25292,0
208777,0
213201,0
67176,0
58490,0
119082,0
75178,0
116554,0
243349,0
145809,0
27504,0
43800,0
65822,0
139395,0
156341,0
132708,0
170756,0
32477,0
242255,0
122364,0
132560,0
166382,0
222042,0
102576,0
215567,0
163651,0
174643,0
127526,0
182361,0
144416,0
201685,0
226491,0
190134,0
10039,0
81753,0
38767,0
52052,0
61121,0
85328,0
137132,0
134444,0
71823,0
142660,0
18492,0
22598,0
216141,0
126114,0
54637,0
111015,0
216241,0
105917,0
171718,0
248781,0
47516,0
207281,0
93896,0
211586,0
219225,0
175651,0
119986,0
104267,0
208964,0
232958,0
215528,0
194536,0
49821,0
208653,0
180914,0
92072,0
11585,0
115479,0
10407,0
179989,0
89188,0
1567,0
48496,0
31250,0
113371,0
51206,0
208592,0
21468,0
31767,0
76707,0
16874,0
60060,0
153764,0
185032,0
131174,0
12831,0
245494,0
247328,0
108022,0
201994,0
241177,0
38823,0
106211,0
169749,0
157516,0
85922,0
180676,0
175763,0
163056,0
43259,0
167844,0
198030,0
134858,0
69569,0
98865,0
242113,0
28503,0
213292,0
62554,0
9159,0
2855,0
88421,0
54296,0
184460,0
12250,0
33955,0
28131,0
61257,0
577,0
27253,0
119370,0
30336,0
224179,0
217871,0
220064,0
102580,0
76655,0
174282,0
174849,0
183658,0
88922,0
198310,0
176647,0
23538,0
95311,0
17251,0
201790,0
55738,0
48593,0
245938,0
103881,0
219455,0
211487,0
21614,0
129896,0
200212,0
120713,0
221101,0
174961,0
99182,0
63554,0
248868,0
240285,0
134121,0
195467,0
196176,0
108771,0
135342,0
157184,0
85588,0
85830,0
188136,0
61865,0
81614,0
164636,0
47729,0
98499,0
135652,0
33869,0
128861,0
162072,0
171895,0
16380,0
244380,0
204040,0
156035,0
221828,0
63068,0
10795,0
143917,0
169555,0
244041,0
55727,0
228654,0
120546,0
205221,0
129761,0
38434,0
72813,0
10723,0
203891,0
208131,0
161256,0
7540,0
205007,0
34451,0
109698,0
119274,0
206734,0
245350,0
17443,0
177753,0
104359,0
95145,0
226061,0
124203,0
61384,0
104015,0
186711,0
231666,0
182961,0
10477,0
244652,0
163010,0
43542,0
37797,0
83666,0
103669,0
211947,0
142107,0
184336,0
109669,0
114487,0
230498,0
230616,0
85631,0
23657,0
216973,0
207183,0
236173,0
152899,0
71414,0
217031,0
188224,0
35458,0
74508,0
62314,0
72850,0
148677,0
219420,0
107219,0
48890,0
87802,0
171993,0
209222,0
147719,0
72088,0
240405,0
109563,0
210521,0
172247,0
19486,0
144742,0
36784,0
187182,0
119438,0
10679,0
229743,0
95190,0
144606,0
65204,0
104006,0
136871,0
95658,0
60702,0
183766,0
177060,0
98783,0
118882,0
83740,0
105895,0
147829,0
53016,0
60516,0
14125,0
139239,0
71248,0
10507,0
131039,0
175106,0
106668,0
215556,0
221708,0
126752,0
74381,0
88628,0
6985,0
120103,0
209628,0
208081,0
164723,0
141212,0
233373,0
195933,0
53376,0
170571,0
206406,0
110855,0
43344,0
60143,0
56120,0
28724,0
35798,0
283,0
26322,0
102297,0
27858,0
18305,0
123843,0
61302,0
185987,0
87056,0
124755,0
207522,0
153162,0
70032,0
11175,0
220724,0
193907,0
242079,0
202457,0
70401,0
169594,0
30026,0
123170,0
115161,0
209201,0
77170,0
219978,0
227095,0
241425,0
230124,0
56604,0
172087,0
116194,0
108147,0
32763,0
195079,0
174927,0
105851,0
8093,0
76053,0
131165,0
57079,0
245842,0
241440,0
56647,0
207881,0
115113,0
128163,0
32776,0
222845,0
243133,0
59985,0
31473,0
128465,0
132180,0
239606,0
55936,0
181624,0
203937,0
195459,0
84262,0
23154,0
209619,0
146835,0
88739,0
100016,0
248670,0
157328,0
184283,0
118079,0
128343,0
16543,0
46028,0
73362,0
229687,0
22305,0
47170,0
221681,0
83147,0
130943,0
115293,0
7668,0
45185,0
18912,0
112234,0
214940,0
141514,0
47551,0
243283,0
67080,0
110313,0
68769,0
110885,0
171180,0
53249,0
117395,0
105934,0
182883,0
97337,0
210134,0
101357,0
20772,0
136688,0
20811,0
14314,0
212092,0
155041,0
96336,0
129799,0
24711,0
105166,0
83073,0
174426,0
149496,0
157707,0
10089,0
142139,0
182826,0
59165,0
84723,0
199118,0
111510,0
245008,0
138176,0
175955,0
90181,0
179317,0
182846,0
180333,0
248632,0
201067,0
154141,0
171211,0
125310,0
117135,0
183366,0
90056,0
152594,0
34339,0
149044,0
13089,0
213555,0
63482,0
84469,0
107863,0
17703,0
200918,0
156523,0
195218,0
150474,0
42997,0
42168,0
63401,0
29665,0
201970,0
40790,0
135111,0
130459,0
106851,0
152251,0
87722,0
86017,0
215805,0
98978,0
170322,0
156143,0
95421,0
37414,0
118924,0
167867,0
202757,0
187551,0
247793,0
184656,0
140385,0
136653,0
118151,0
26115,0
63601,0
74446,0
138780,0
207834,0
151441,0
249379,0
48588,0
176045,0
229660,0
241644,0
129229,0
27974,0
197720,0
138287,0
212168,0
50045,0
224953,0
58257,0
95723,0
147160,0
44110,0
211092,0
125070,0
51394,0
206872,0
151661,0
66468,0
189251,0
54642,0
126876,0
223315,0
157764,0
158397,0
131376,0
164548,0
185057,0
31776,0
190216,0
235023,0
22518,0
248899,0
222291,0
102536,0
42791,0
14326,0
69302,0
122773,0
97059,0
11935,0
38837,0
189501,0
62694,0
161927,0
5617,0
208601,0
144384,0
28310,0
62078,0
86498,0
242657,0
165132,0
53079,0
187781,0
143661,0
244805,0
106900,0
27422,0
144633,0
218777,0
72786,0
174545,0
141799,0
6804,0
143601,0
130728,0
34298,0
78217,0
227076,0
111766,0
103202,0
120712,0
20036,0
193265,0
120233,0
115512,0
234626,0
42133,0
182056,0
48710,0
72345,0
52041,0
15774,0
180692,0
94779,0
177991,0
194191,0
229488,0
59125,0
144918,0
34567,0
118937,0
89534,0
161967,0
98174,0
134359,0
196362,0
52205,0
152694,0
219144,0
124832,0
119152,0
14575,0
243837,0
7689,0
236653,0
49439,0
220325,0
35861,0
95443,0
165974,0
110743,0
22691,0
187233,0
169144,0
184287,0
71197,0
140614,0
230069,0
140224,0
125413,0
46291,0
70328,0
80443,0
222935,0
141511,0
3506,0
171327,0
174225,0
227226,0
120651,0
208999,0
169375,0
91027,0
243681,0
68128,0
85182,0
220676,0
247186,0
186238,0
43900,0
205999,0
222263,0
119417,0
63199,0
84250,0
208118,0
196157,0
51749,0
58264,0
165886,0
23866,0
39349,0
54773,0
233831,0
65040,0
127500,0
22448,0
147183,0
156117,0
222763,0
207578,0
82851,0
205792,0
137529,0
219761,0
101653,0
67892,0
55010,0
79851,0
215194,0
160742,0
209520,0
192310,0
192051,0
3800,0
190429,0
57309,0
112596,0
219960,0
157528,0
2307,0
173404,0
227804,0
209578,0
84163,0
99733,0
62096,0
88300,0
16666,0
60951,0
240935,0
74466,0
27666,0
11611,0
235059,0
25518,0
142378,0
51201,0
9680,0
249288,0
237185,0
226764,0
191459,0
66285,0
226931,0
83004,0
211374,0
69085,0
204594,0
47795,0
229603,0
189600,0
38792,0
198958,0
26193,0
243068,0
9794,0
98838,0
140442,0
81155,0
59174,0
56616,0
90205,0
133574,0
177302,0
8199,0
140730,0
241995,0
215835,0
30322,0
229492,0
94504,0
171501,0
138356,0
11652,0
155206,0
96826,0
133933,0
179638,0
109276,0
151603,0
34015,0
194731,0
22669,0
63316,0
17438,0
191629,0
221814,0
185341,0
70124,0
86541,0
4653,0
201419,0
59460,0
194779,0
60689,0
44943,0
169866,0
7361,0
152723,0
77958,0
231821,0
206173,0
29031,0
216360,0
126996,0
232420,0
23957,0
148219,0
39009,0
147246,0
139476,0
172918,0
212238,0
155137,0
136141,0
46559,0
227056,0
230342,0
219924,0
189893,0
137485,0
21965,0
85523,0
48597,0
121961,0
173342,0
195834,0
48466,0
225792,0
195547,0
232131,0
154162,0
224706,0
131317,0
186051,0
183266,0
111569,0
175868,0
111747,0
78026,0
58649,0
134341,0
78923,0
149814,0
224151,0
180457,0
72791,0
167992,0
186649,0
222049,0
212146,0
41539,0
138531,0
113602,0
107570,0
44888,0
146749,0
41222,0
153720,0
167192,0
135526,0
245971,0
152979,0
112775,0
213212,0
185791,0
2086,0
228357,0
178811,0
212475,0
242343,0
73549,0
54531,0
199699,0
154802,0
116138,0
15755,0
236497,0
36038,0
238439,0
27894,0
81333,0
135290,0
150154,0
228946,0
100696,0
140169,0
148887,0
197798,0
165422,0
228859,0
120979,0
137765,0
219050,0
6740,0
64880,0
205621,0
101408,0
139801,0
119379,0
211609,0
75716,0
167642,0
91823,0
181656,0
142909,0
79167,0
127907,0
212818,0
194089,0
40032,0
144225,0
20019,0
60074,0
26050,0
1024,0
247886,0
103626,0
32060,0
223896,0
188739,0
60065,0
219805,0
67828,0
237032,0
85278,0
133476,0
77683,0
13939,0
35630,0
84776,0
26134,0
84009,0
84072,0
77687,0
128499,0
154295,0
37694,0
51211,0
219333,0
228478,0
126835,0
12347,0
150577,0
21479,0
107720,0
45218,0
186309,0
102990,0
92629,0
93050,0
47056,0
142028,0
98090,0
63405,0
72904,0
130116,0
237550,0
190992,0
154107,0
170890,0
207293,0
102194,0
42006,0
6657,0
131970,0
89459,0
99375,0
224339,0
83245,0
99988,0
52553,0
172468,0
541,0
84653,0
195841,0
41600,0
139001,0
41545,0
193669,0
34373,0
157109,0
123387,0
175712,0
195500,0
56696,0
1344,0
144934,0
243451,0
208064,0
108302,0
240346,0
96482,0
247826,0
46816,0
55216,0
177856,0
122645,0
24499,0
66282,0
202793,0
210838,0
98485,0
230839,0
190353,0
182466,0
249708,0
212860,0
227244,0
171870,0
145139,0
65965,0
213115,0
182571,0
174222,0
226641,0
12321,0
49818,0
222849,0
27662,0
20781,0
231095,0
121033,0
70436,0
19998,0
204122,0
186643,0
106161,0
68341,0
33582,0
33916,0
38535,0
174407,0
213320,0
12172,0
146838,0
100150,0
53212,0
199102,0
21454,0
141697,0
2818,0
130259,0
229491,0
210877,0
73007,0
34057,0
46113,0
38104,0
28193,0
125707,0
135518,0
170403,0
60944,0
85511,0
36545,0
101673,0
33018,0
242005,0
86425,0
163279,0
20364,0
93351,0
54963,0
220650,0
11099,0
143454,0
141273,0
237950,0
212497,0
142765,0
118899,0
225971,0
219094,0
62472,0
151095,0
242087,0
155357,0
233688,0
158804,0
242508,0
139765,0
110513,0
206710,0
16930,0
7583,0
175517,0
211220,0
26288,0
77703,0
78890,0
33426,0
147706,0
202022,0
202324,0
37808,0
8817,0
57452,0
164035,0
35614,0
232307,0
60113,0
129609,0
29025,0
75235,0
106197,0
149195,0
170280,0
113059,0
192674,0
98501,0
179010,0
104432,0
107833,0
188171,0
36046,0
145009,0
167287,0
105677,0
13323,0
11250,0
130807,0
149183,0
109706,0
33492,0
210445,0
47550,0
124369,0
51191,0
113699,0
193350,0
180892,0
101643,0
7851,0
142970,0
225184,0
30001,0
77806,0
181595,0
11515,0
205323,0
96163,0
212788,0
167289,0
214358,0
210006,0
37484,0
56695,0
72299,0
185460,0
204025,0
38124,0
83506,0
222905,0
12813,0
105819,0
229812,0
157272,0
162321,0
142774,0
112462,0
91285,0
119065,0
173611,0
248849,0
90820,0
58555,0
33173,0
8774,0
99578,0
176675,0
239011,0
97457,0
125910,0
80964,0
108191,0
64025,0
139967,0
232938,0
120624,0
125073,0
7301,0
191946,0
131979,0
125246,0
158922,0
205623,0
128604,0
179876,0
51646,0
174578,0
152764,0
134915,0
217206,0
169113,0
142359,0
159970,0
138686,0
51837,0
11858,0
121527,0
157514,0
220392,0
201475,0
106008,0
107865,0
110229,0
214557,0
247550,0
10413,0
43178,0
96056,0
2891,0
249909,0
160915,0
148018,0
70329,0
28518,0
46723,0
205509,0
133101,0
247910,0
4050,0
42524,0
230655,0
31851,0
225782,0
237929,0
26367,0
75717,0
127255,0
203759,0
173943,0
161795,0
16051,0
230442,0
39638,0
51161,0
4468,0
10010,0
135521,0
240725,0
20809,0
82875,0
52296,0
126626,0
58597,0
41185,0
108498,0
66784,0
91415,0
26423,0
203844,0
231234,0
162843,0
86835,0
131537,0
79806,0
33838,0
61447,0
144674,0
197828,0
172877,0
158504,0
217083,0
160500,0
126904,0
181886,0
119903,0
3288,0
78473,0
210586,0
10475,0
86075,0
244552,0
39327,0
222600,0
182499,0
32180,0
53723,0
213593,0
125058,0
233420,0
230519,0
139912,0
17405,0
243394,0
239568,0
114733,0
118813,0
120915,0
129208,0
5115,0
128155,0
125111,0
158686,0
161463,0
149926,0
216470,0
66655,0
214383,0
228772,0
172034,0
42376,0
228929,0
114368,0
28749,0
131085,0
166214,0
74357,0
18455,0
24764,0
297,0
215684,0
170730,0
95158,0
175673,0
186350,0
188469,0
125025,0
218148,0
154437,0
96862,0
69732,0
129246,0
73121,0
31136,0
128627,0
184370,0
68102,0
78916,0
51708,0
11767,0
178607,0
131072,0
64921,0
34233,0
18118,0
157233,0
138404,0
32340,0
21224,0
217840,0
11657,0
110179,0
245156,0
116269,0
16892,0
17190,0
235798,0
238757,0
116427,0
7258,0
177018,0
219000,0
106386,0
160431,0
222516,0
148401,0
200483,0
136218,0
2254,0
117520,0
169339,0
140423,0
205546,0
63934,0
108622,0
222710,0
31870,0
74459,0
69520,0
185868,0
190776,0
752,0
41974,0
233592,0
221846,0
134696,0
160348,0
225305,0
130472,0
187526,0
125308,0
234172,0
206175,0
22248,0
176286,0
13240,0
36989,0
118468,0
71084,0
24239,0
66503,0
229584,0
13389,0
225181,0
194533,0
243940,0
16270,0
169514,0
140196,0
159802,0
169502,0
47179,0
139509,0
226937,0
206497,0
200166,0
227274,0
22714,0
243752,0
207783,0
132332,0
162262,0
235784,0
16200,0
78708,0
43665,0
143118,0
12819,0
94246,0
147360,0
188858,0
47134,0
231201,0
135017,0
178955,0
170864,0
131034,0
113328,0
142258,0
42233,0
29175,0
173378,0
101348,0
139606,0
80784,0
188866,0
199085,0
224595,0
162783,0
176408,0
93201,0
93268,0
90850,0
80285,0
53515,0
135695,0
161524,0
208065,0
170397,0
20105,0
239630,0
48936,0
190395,0
206537,0
112078,0
63547,0
56018,0
172013,0
142310,0
111285,0
97425,0
183330,0
212159,0
161548,0
165161,0
76030,0
129223,0
108571,0
199153,0
215346,0
35822,0
144553,0
105404,0
151657,0
240548,0
11699,0
36099,0
247153,0
30315,0
242010,0
183854,0
27704,0
201128,0
56423,0
145217,0
172763,0
145487,0
111012,0
40864,0
151415,0
31122,0
81830,0
168077,0
9912,0
138336,0
140895,0
61398,0
158783,0
188627,0
94694,0
158538,0
241717,0
61546,0
42058,0
36068,0
178682,0
97297,0
116662,0
65797,0
238294,0
200518,0
249370,0
183573,0
169877,0
115602,0
23604,0
244785,0
75456,0
65104,0
119465,0
128400,0
154644,0
183616,0
94796,0
68971,0
162683,0
57075,0
111920,0
137932,0
209532,0
38863,0
54687,0
82585,0
135151,0
153721,0
186400,0
235734,0
194729,0
87083,0
183275,0
43165,0
38558,0
1689,0
126010,0
123872,0
34224,0
4,0
222275,0
8688,0
160960,0
204367,0
204144,0
58179,0
42476,0
52920,0
149837,0
13970,0
104187,0
241138,0
25831,0
136346,0
76200,0
186449,0
175155,0
110102,0
180930,0
115342,0
22956,0
152567,0
222754,0
201244,0
166104,0
134799,0
151835,0
65102,0
99210,0
171165,0
205676,0
82835,0
66651,0
115181,0
214247,0
123209,0
138628,0
50829,0
208719,0
102909,0
141714,0
197942,0
184528,0
137851,0
145842,0
147597,0
244457,0
106271,0
158451,0
201085,0
71804,0
111956,0
97957,0
212487,0
203021,0
139797,0
67932,0
2122,0
28802,0
226468,0
131417,0
164792,0
209973,0
56589,0
76261,0
104750,0
72839,0
201423,0
9208,0
200612,0
40381,0
90418,0
107109,0
168984,0
38376,0
50824,0
196085,0
66958,0
219165,0
45808,0
90720,0
191641,0
217666,0
225695,0
247163,0
138838,0
210891,0
154221,0
10979,0
166768,0
203011,0
237524,0
188743,0
63848,0
40029,0
207238,0
19746,0
143896,0
148559,0
200238,0
123394,0
124850,0
224601,0
239887,0
66711,0
215498,0
80381,0
65497,0
143413,0
71387,0
55074,0
117979,0
31145,0
245580,0
75288,0
8803,0
127147,0
53313,0
50443,0
242046,0
28398,0
165719,0
223621,0
202246,0
1582,0
184659,0
204204,0
217963,0
11475,0
127204,0
146155,0
172091,0
241646,0
180478,0
141747,0
170390,0
188681,0
191497,0
90035,0
109230,0
141695,0
211575,0
229607,0
34192,0
155606,0
112887,0
117375,0
90268,0
5219,0
41356,0
27999,0
199414,0
249612,0
96267,0
169003,0
174663,0
145528,0
20079,0
28550,0
212816,0
145950,0
203494,0
85244,0
58690,0
45726,0
84583,0
191177,0
180196,0
177916,0
226514,0
4869,0
152728,0
197329,0
234126,0
32393,0
160340,0
229353,0
67464,0
212288,0
226462,0
245561,0
157647,0
57432,0
236296,0
246557,0
188393,0
122405,0
12773,0
228995,0
145032,0
76560,0
180846,0
73093,0
247207,0
232482,0
146809,0
173322,0
87407,0
198158,0
220610,0
142569,0
68072,0
150523,0
11792,0
173246,0
241466,0
7348,0
66937,0
240262,0
13122,0
193901,0
154861,0
122533,0
245630,0
68612,0
14100,0
228959,0
217917,0
130199,0
26893,0
116402,0
167544,0
117386,0
55457,0
157472,0
245772,0
44437,0
60087,0
182042,0
243317,0
110431,0
181251,0
2721,0
181785,0
83861,0
42653,0
115664,0
228211,0
12757,0
49580,0
193916,0
16780,0
216267,0
66992,0
30910,0
31369,0
76606,0
75730,0
197751,0
83430,0
70317,0
169994,0
138499,0
201825,0
205149,0
201886,0
47206,0
236636,0
214783,0
132764,0
150912,0
57882,0
235525,0
204553,0
36689,0
226853,0
199666,0
129710,0
68414,0
168327,0
128340,0
98413,0
17971,0
32169,0
23688,0
127248,0
54482,0
65438,0
10118,0
90160,0
26032,0
75704,0
59952,0
166131,0
67844,0
125442,0
51767,0
236974,0
112792,0
209793,0
47751,0
76452,0
26211,0
141310,0
186628,0
248768,0
245723,0
79281,0
197644,0
62526,0
6662,0
42916,0
230101,0
69189,0
73919,0
6413,0
191449,0
180252,0
8019,0
151801,0
14297,0
241541,0
85767,0
78603,0
61258,0
236136,0
99068,0
54535,0
17923,0
125725,0
83357,0
177029,0
210505,0
181163,0
39832,0
65859,0
204275,0
35449,0
149655,0
77866,0
160968,0
26511,0
86992,0
88931,0
141361,0
135663,0
117346,0
165488,0
91209,0
223132,0
26180,0
133807,0
148406,0
157705,0
25111,0
201787,0
168420,0
52574,0
169613,0
129197,0
157899,0
98959,0
140852,0
231294,0
188473,0
134113,0
115932,0
173913,0
249423,0
220628,0
220512,0
71125,0
70912,0
24096,0
76953,0
111684,0
111034,0
115043,0
167646,0
23532,0
196295,0
134810,0
24667,0
92472,0
61569,0
133729,0
5477,0
86761,0
73855,0
164684,0
191919,0
224734,0
101526,0
244386,0
200553,0
52767,0
192548,0
39484,0
153411,0
173818,0
71954,0
162470,0
82592,0
39252,0
233468,0
44558,0
214493,0
85204,0
225519,0
211813,0
240098,0
117205,0
234681,0
241251,0
174726,0
184032,0
141756,0
130023,0
170683,0
144831,0
121577,0
105354,0
85012,0
52163,0
238021,0
110792,0
242828,0
171472,0
34365,0
173841,0
114685,0
158394,0
66916,0
136499,0
169418,0
101987,0
1136,0
54440,0
26316,0
34965,0
114806,0
35943,0
126139,0
1798,0
41342,0
72688,0
124485,0
121531,0
227227,0
208276,0
43737,0
246970,0
136371,0
235215,0
240983,0
38924,0
22021,0
40951,0
86106,0
26357,0
117999,0
130419,0
37519,0
212768,0
88488,0
242076,0
191287,0
136560,0
211073,0
3109,0
34420,0
66220,0
154227,0
166112,0
64845,0
222854,0
2778,0
4385,0
47840,0
165123,0
191060,0
99094,0
182671,0
166031,0
29848,0
102313,0
40637,0
90330,0
234020,0
164129,0
75340,0
89469,0
194548,0
141606,0
235258,0
208813,0
33562,0
116432,0
209396,0
124860,0
119926,0
68088,0
104890,0
115766,0
30201,0
119122,0
26355,0
89497,0
207966,0
228369,0
74035,0
171263,0
59296,0
39552,0
61370,0
198278,0
184314,0
188843,0
58058,0
32003,0
79243,0
50216,0
11381,0
51688,0
10335,0
230002,0
229173,0
179246,0
55645,0
162439,0
106398,0
205851,0
115439,0
227510,0
229547,0
227903,0
5169,0
166796,0
42190,0
50313,0
212636,0
247697,0
80213,0
16975,0
154823,0
87305,0
160267,0
47579,0
186636,0
106048,0
112112,0
65013,0
233980,0
230153,0
88357,0
117163,0
105644,0
940,0
92970,0
205256,0
135596,0
241436,0
31612,0
117279,0
113647,0
206539,0
16616,0
189604,0
54778,0
58509,0
16419,0
167075,0
149324,0
224597,0
50027,0
177906,0
124734,0
173641,0
206601,0
94847,0
137997,0
192426,0
83616,0
136660,0
154357,0
183632,0
153045,0
176627,0
49016,0
26394,0
134657,0
32960,0
69819,0
122796,0
223092,0
240358,0
47357,0
132776,0
28159,0
6370,0
222774,0
181494,0
108317,0
13722,0
120820,0
189829,0
153580,0
80105,0
9286,0
16078,0
188549,0
231150,0
133333,0
84798,0
112790,0
222744,0
21197,0
9763,0
172684,0
194075,0
188236,0
95804,0
199801,0
222005,0
104759,0
24788,0
202386,0
19992,0
42501,0
215588,0
91029,0
47454,0
215062,0
168130,0
118978,0
131539,0
205670,0
171010,0
236586,0
226889,0
228457,0
56805,0
110303,0
113637,0
93797,0
22450,0
160174,0
57045,0
202370,0
89203,0
178128,0
41056,0
46387,0
168330,0
232446,0
173539,0
187607,0
15407,0
198610,0
64215,0
108222,0
184625,0
221675,0
184470,0
239876,0
26509,0
207433,0
90001,0
92362,0
237076,0
151107,0
93835,0
33030,0
53334,0
222496,0
228792,0
170645,0
66360,0
232414,0
82161,0
145524,0
135328,0
48891,0
216694,0
110113,0
49681,0
8208,0
48650,0
95560,0
221702,0
133022,0
47763,0
221847,0
80827,0
6051,0
49590,0
125326,0
146285,0
85822,0
8275,0
154631,0
122679,0
13996,0
163889,0
96475,0
107316,0
23745,0
237927,0
140063,0
241969,0
204857,0
169392,0
112127,0
23713,0
70867,0
47663,0
91804,0
45889,0
6682,0
201247,0
170402,0
36857,0
163423,0
114396,0
26740,0
245665,0
67620,0
132864,0
222827,0
111420,0
244476,0
234389,0
15977,0
23219,0
131251,0
187960,0
30418,0
118513,0
71055,0
105174,0
48089,0
66037,0
209751,0
146185,0
66969,0
10668,0
13183,0
182592,0
47668,0
244441,0
22310,0
116996,0
75595,0
179950,0
117478,0
246060,0
74566,0
34724,0
91430,0
1550,0
174544,0
61917,0
46199,0
218778,0
147594,0
132444,0
11922,0
167240,0
107891,0
68601,0
52135,0
115805,0
95812,0
134978,0
183173,0
104486,0
203777,0
151254,0
177012,0
129329,0
153324,0
186595,0
29217,0
115382,0
27733,0
126991,0
100442,0
96786,0
149530,0
149855,0
97121,0
25390,0
66817,0
237306,0
203312,0
175816,0
175153,0
5173,0
150075,0
81067,0
164624,0
215536,0
227970,0
51190,0
10659,0
70757,0
77955,0
162492,0
33332,0
207064,0
220266,0
101493,0
219322,0
83261,0
147639,0
100636,0
66552,0
245747,0
117550,0
199096,0
109437,0
215486,0
237682,0
174782,0
184149,0
99212,0
22282,0
195525,0
116321,0
143866,0
10314,0
45895,0
235726,0
94262,0
76849,0
10850,0
244248,0
236328,0
65166,0
185769,0
107113,0
88787,0
149489,0
106046,0
147293,0
98302,0
204864,0
186625,0
212183,0
81106,0
216671,0
30599,0
155838,0
242410,0
169614,0
154689,0
131099,0
178978,0
241478,0
131246,0
63746,0
17774,0
92827,0
136358,0
71715,0
216794,0
230608,0
213973,0
166975,0
108630,0
37507,0
190931,0
105472,0
187948,0
243117,0
139164,0
192039,0
39508,0
247215,0
224707,0
4663,0
186415,0
216321,0
247572,0
195351,0
99088,0
156380,0
227389,0
113514,0
19620,0
154535,0
61995,0
188592,0
15663,0
135051,0
220022,0
154148,0
51776,0
184265,0
178125,0
44419,0
167904,0
44721,0
157980,0
136058,0
229977,0
167899,0
135759,0
153053,0
118908,0
169098,0
157611,0
18765,0
95715,0
77798,0
46646,0
145575,0
197700,0
198403,0
78383,0
214556,0
88606,0
208287,0
28743,0
14321,0
28441,0
231606,0
72446,0
158855,0
30438,0
66294,0
155468,0
47744,0
202803,0
190635,0
12074,0
67015,0
81538,0
134033,0
97343,0
122233,0
35004,0
225033,0
236685,0
247540,0
137764,0
18717,0
186407,0
106112,0
141513,0
175718,0
27383,0
209198,0
179144,0
86181,0
2718,0
105314,0
146244,0
214893,0
68397,0
52187,0
27189,0
146869,0
113987,0
78729,0
41783,0
110516,0
52342,0
166752,0
17524,0
188164,0
219247,0
146535,0
192833,0
15991,0
238126,0
29952,0
234206,0
225935,0
926,0
58767,0
100763,0
9598,0
182451,0
111163,0
126591,0
97797,0
154762,0
179637,0
87809,0
323,0
95512,0
245000,0
12978,0
243783,0
51375,0
212400,0
243960,0
180053,0
59443,0
17312,0
22117,0
219895,0
183349,0
119969,0
192980,0
242883,0
6668,0
143406,0
230556,0
160089,0
236547,0
200397,0
148152,0
173451,0
28966,0
151541,0
219613,0
235260,0
436,0
77058,0
147530,0
175208,0
162120,0
23171,0
57471,0
229235,0
16190,0
225752,0
2362,0
103999,0
54509,0
105131,0
12196,0
154049,0
158560,0
111267,0
141429,0
47304,0
56475,0
236617,0
56110,0
71486,0
11951,0
75536,0
210457,0
71571,0
67539,0
96104,0
67457,0
169681,0
4734,0
78296,0
87144,0
213578,0
117997,0
138790,0
155701,0
230064,0
222969,0
239838,0
106351,0
56149,0
68985,0
1406,0
102097,0
74702,0
136618,0
205680,0
94446,0
98688,0
208857,0
165727,0
58066,0
233644,0
224193,0
59084,0
64726,0
25175,0
5831,0
60231,0
38027,0
153931,0
170737,0
116464,0
139120,0
210352,0
193066,0
118370,0
241896,0
177400,0
52623,0
87884,0
67090,0
99721,0
38209,0
157228,0
184925,0
237151,0
181971,0
4372,0
185840,0
208593,0
85835,0
109592,0
89304,0
38053,0
13833,0
8954,0
14782,0
186681,0
60020,0
122812,0
108477,0
44322,0
240937,0
119856,0
13532,0
198302,0
241416,0
184909,0
202975,0
235001,0
19647,0
96463,0
74308,0
219657,0
235875,0
108986,0
235446,0
16234,0
224591,0
39374,0
82211,0
230370,0
34257,0
202660,0
161502,0
226718,0
109030,0
142871,0
97246,0
122065,0
48687,0
106416,0
178782,0
190699,0
115860,0
57399,0
210519,0
236025,0
66498,0
239676,0
68215,0
14343,0
7437,0
148074,0
89675,0
18906,0
214968,0
104918,0
105184,0
127606,0
92719,0
230619,0
208840,0
57206,0
187377,0
26857,0
111213,0
67771,0
50358,0
121438,0
195510,0
130256,0
164224,0
77925,0
182300,0
198184,0
143137,0
238694,0
208682,0
49727,0
102936,0
71476,0
237842,0
117241,0
196456,0
172160,0
83556,0
29383,0
142809,0
179726,0
15666,0
191020,0
28494,0
108616,0
140071,0
16253,0
134486,0
77157,0
79621,0
76459,0
28194,0
225327,0
15723,0
142246,0
121258,0
98088,0
164843,0
212922,0
15311,0
217365,0
127941,0
199191,0
112494,0
97494,0
204153,0
66737,0
26574,0
56073,0
106005,0
112764,0
196335,0
232096,0
148252,0
231560,0
225584,0
4151,0
178752,0
236271,0
97529,0
83602,0
36910,0
243799,0
245433,0
195910,0
18119,0
36574,0
222505,0
200077,0
142982,0
206963,0
193571,0
224485,0
34201,0
205439,0
28597,0
208906,0
101049,0
187152,0
130802,0
136098,0
59018,0
244205,0
88785,0
94879,0
23966,0
110896,0
154709,0
74118,0
200644,0
169294,0
179455,0
98982,0
214005,0
115234,0
46942,0
73489,0
77849,0
134545,0
198608,0
21941,0
154281,0
68126,0
224596,0
126992,0
193121,0
163927,0
36632,0
204331,0
192984,0
125928,0
180269,0
24535,0
100579,0
212202,0
39814,0
54779,0
178380,0
204552,0
59813,0
512,0
89679,0
90229,0
211192,0
222199,0
139540,0
51273,0
8693,0
102256,0
211211,0
78092,0
224011,0
184090,0
49289,0
55721,0
236946,0
144215,0
218016,0
90608,0
61139,0
124665,0
45977,0
187111,0
5871,0
231142,0
145990,0
217670,0
189034,0
46711,0
81921,0
63018,0
103805,0
136211,0
149012,0
52526,0
125202,0
2996,0
232960,0
143007,0
85442,0
117994,0
127591,0
186411,0
121583,0
166417,0
158508,0
112954,0
27582,0
210945,0
98917,0
167761,0
37789,0
232663,0
236279,0
153847,0
200960,0
62181,0
59920,0
174478,0
142147,0
230117,0
51581,0
184583,0
44321,0
219476,0
77653,0
6873,0
69955,0
30371,0
149613,0
91752,0
193156,0
52571,0
45860,0
52642,0
121567,0
11067,0
238046,0
221804,0
21792,0
62730,0
222791,0
230100,0
172943,0
22654,0
130824,0
217772,0
132247,0
67274,0
197380,0
164360,0
10178,0
203512,0
136904,0
39351,0
244347,0
198024,0
9882,0
30777,0
26945,0
117089,0
191040,0
139131,0
105597,0
80437,0
32595,0
212930,0
229079,0
249605,0
90129,0
138493,0
105753,0
162114,0
233927,0
233918,0
157918,0
205345,0
92558,0
172137,0
236746,0
147482,0
203387,0
159185,0
142741,0
216762,0
84852,0
206594,0
4411,0
157848,0
137591,0
174784,0
222726,0
82092,0
211397,0
220644,0
144191,0
6512,0
97025,0
167650,0
244988,0
88911,0
18635,0
160265,0
164100,0
240518,0
64773,0
8219,0
37935,0
17983,0
95819,0
55497,0
63526,0
66407,0
132036,0
85214,0
36289,0
227782,0
7054,0
196612,0
76388,0
38306,0
219948,0
247301,0
98890,0
181108,0
193638,0
185132,0
222249,0
164824,0
235008,0
214510,0
178831,0
71658,0
162270,0
167127,0
213948,0
129882,0
103855,0
104196,0
226980,0
69623,0
47707,0
29219,0
188601,0
84497,0
178973,0
57334,0
166602,0
212879,0
211348,0
111306,0
213619,0
173920,0
184082,0
54522,0
209997,0
83811,0
54054,0
109804,0
175941,0
122147,0
229750,0
64123,0
48421,0
75338,0
216076,0
205341,0
62134,0
57905,0
65099,0
12687,0
173247,0
239010,0
21342,0
110959,0
97641,0
239091,0
40666,0
18097,0
126798,0
182421,0
171766,0
146858,0
70868,0
165777,0
5255,0
207548,0
211362,0
119883,0
32462,0
3950,0
202175,0
178698,0
85373,0
73578,0
56520,0
177559,0
125086,0
23250,0
240395,0
63368,0
183979,0
81723,0
182437,0
14384,0
220023,0
117164,0
192171,0
111305,0
2597,0
2613,0
26027,0
128791,0
211047,0
197546,0
9405,0
84233,0
244186,0
199255,0
186367,0
12153,0
66173,0
50079,0
70879,0
214657,0
249707,0
6019,0
11253,0
92291,0
124699,0
141942,0
101954,0
214450,0
248424,0
96131,0
151617,0
59690,0
247516,0
235130,0
202839,0
74200,0
217466,0
148962,0
170292,0
70245,0
150440,0
108294,0
208419,0
232190,0
115978,0
105795,0
243018,0
166598,0
11776,0
8914,0
27234,0
20921,0
176785,0
174149,0
95553,0
36312,0
30629,0
149902,0
146552,0
76735,0
173953,0
51307,0
181827,0
39020,0
172749,0
184400,0
146795,0
144026,0
217554,0
105374,0
67109,0
111878,0
42126,0
222979,0
162332,0
111134,0
201231,0
56319,0
175321,0
95361,0
221669,0
4380,0
218550,0
171160,0
166203,0
151998,0
86022,0
16073,0
244093,0
129299,0
219447,0
193518,0
3951,0
72899,0
245267,0
123584,0
234160,0
93102,0
24684,0
171412,0
181667,0
122450,0
222004,0
161428,0
18622,0
230543,0
215743,0
12254,0
193389,0
150981,0
77502,0
215309,0
222455,0
220341,0
32824,0
43104,0
124722,0
235319,0
18728,0
51061,0
83195,0
108589,0
237609,0
68170,0
95248,0
5404,0
243604,0
82259,0
104896,0
8860,0
97245,0
159061,0
59375,0
75173,0
14913,0
231723,0
78557,0
166728,0
67859,0
181904,0
138058,0
242853,0
66408,0
18918,0
49722,0
74260,0
204262,0
100273,0
31628,0
35817,0
246614,0
169346,0
41757,0
201609,0
80825,0
121293,0
154153,0
111953,0
80592,0
51621,0
157225,0
41638,0
12160,0
116901,0
194475,0
76010,0
190929,0
77090,0
186100,0
194929,0
74919,0
179698,0
211872,0
237410,0
9002,0
175691,0
206352,0
186028,0
184197,0
112981,0
61285,0
56961,0
50179,0
146415,0
50876,0
203418,0
164514,0
138363,0
84398,0
23682,0
12476,0
24078,0
54774,0
93696,0
229372,0
126285,0
21854,0
46288,0
106539,0
118109,0
198680,0
127254,0
83846,0
162817,0
123217,0
148448,0
246022,0
100504,0
119962,0
118816,0
193411,0
192388,0
209719,0
224656,0
185094,0
238319,0
180709,0
194314,0
201718,0
92919,0
241737,0
94638,0
150179,0
213218,0
109788,0
218375,0
156179,0
177434,0
15260,0
247218,0
60179,0
124835,0
240967,0
118912,0
31847,0
230930,0
32741,0
151089,0
151473,0
61058,0
136503,0
84386,0
126971,0
227569,0
233878,0
75269,0
68351,0
232500,0
181103,0
84007,0
248864,0
11697,0
79593,0
178337,0
214552,0
147249,0
19277,0
16299,0
229148,0
35659,0
237213,0
117778,0
157573,0
161427,0
132187,0
88928,0
182998,0
42173,0
115867,0
36078,0
222887,0
32361,0
244723,0
124691,0
155841,0
215177,0
245743,0
135240,0
137990,0
93203,0
42902,0
244362,0
92735,0
193061,0
43225,0
47868,0
114704,0
158522,0
118714,0
182415,0
87963,0
187693,0
64001,0
214249,0
248185,0
169463,0
189539,0
224368,0
212615,0
53815,0
57857,0
235350,0
58904,0
242004,0
148200,0
141233,0
232687,0
186811,0
6964,0
150642,0
249164,0
1285,0
202405,0
73838,0
90108,0
188931,0
36649,0
179417,0
58004,0
56508,0
203717,0
245531,0
41164,0
43886,0
218729,0
209086,0
120067,0
218065,0
212899,0
88960,0
108783,0
80339,0
6009,0
25475,0
206143,0
141689,0
198582,0
44606,0
227617,0
50252,0
9492,0
13242,0
124824,0
53898,0
11815,0
246767,0
29755,0
61403,0
108817,0
46309,0
138592,0
150100,0
2614,0
10733,0
52859,0
55831,0
46670,0
15226,0
156737,0
249690,0
184214,0
107611,0
85583,0
203871,0
178459,0
125190,0
80888,0
62064,0
39493,0
133946,0
43069,0
188729,0
95270,0
141520,0
168432,0
107173,0
169835,0
133644,0
70476,0
170907,0
109545,0
125765,0
189873,0
81715,0
127360,0
233431,0
63187,0
72605,0
21970,0
20597,0
57978,0
201920,0
231350,0
203528,0
244734,0
162476,0
89039,0
86139,0
201922,0
83407,0
188987,0
3357,0
229049,0
211598,0
151281,0
45508,0
199651,0
134875,0
168335,0
165275,0
196843,0
163039,0
76646,0
120066,0
127714,0
222891,0
121046,0
86954,0
145461,0
84434,0
219910,0
225213,0
245732,0
163546,0
8362,0
190003,0
2483,0
170222,0
231992,0
44132,0
130072,0
218998,0
220515,0
167808,0
152994,0
117227,0
899,0
136200,0
138868,0
186818,0
239919,0
41320,0
138770,0
13516,0
49195,0
213220,0
821,0
94172,0
44222,0
168132,0
15756,0
196,0
113170,0
228078,0
148836,0
190658,0
243863,0
171797,0
212302,0
200190,0
149942,0
145565,0
200457,0
33234,0
122833,0
92509,0
236899,0
152095,0
109182,0
179377,0
80397,0
199850,0
136901,0
143831,0
84704,0
243468,0
135458,0
190871,0
207802,0
114105,0
187162,0
230749,0
183992,0
58102,0
78850,0
89548,0
199475,0
62206,0
222130,0
125260,0
185193,0
61052,0
247399,0
66509,0
123942,0
103335,0
9314,0
30925,0
172491,0
206039,0
113244,0
195498,0
177482,0
125169,0
80637,0
178312,0
105099,0
118515,0
197577,0
70697,0
13212,0
203479,0
118240,0
34269,0
146172,0
219423,0
6728,0
224606,0
30725,0
108951,0
18527,0
194240,0
96478,0
218424,0
74981,0
198519,0
6664,0
151888,0
225762,0
42743,0
78109,0
47732,0
138668,0
248045,0
75895,0
14869,0
18438,0
205001,0
43814,0
74463,0
90263,0
130692,0
42570,0
177146,0
170493,0
65760,0
191717,0
5458,0
46307,0
83389,0
204104,0
19913,0
193301,0
190277,0
95217,0
31549,0
234005,0
33343,0
62011,0
136696,0
67188,0
239615,0
168759,0
58211,0
207661,0
189173,0
239711,0
146683,0
115696,0
103471,0
143428,0
116454,0
242482,0
239945,0
199962,0
218829,0
58309,0
110582,0
66910,0
167457,0
81391,0
9996,0
161202,0
59820,0
42557,0
87748,0
21210,0
174113,0
200850,0
182527,0
28247,0
92977,0
195843,0
95703,0
136309,0
185741,0
115216,0
151006,0
125554,0
224945,0
41200,0
43695,0
233706,0
149095,0
58313,0
103968,0
158048,0
214459,0
102283,0
51726,0
108579,0
239538,0
178365,0
87027,0
182057,0
51245,0
230982,0
94338,0
211150,0
182604,0
104046,0
96983,0
110751,0
244168,0
18239,0
52380,0
120502,0
236504,0
168983,0
110917,0
61252,0
62295,0
178127,0
146210,0
54568,0
46749,0
228433,0
33024,0
241335,0
39858,0
49441,0
102998,0
49187,0
59725,0
129646,0
72780,0
132651,0
141217,0
63752,0
62153,0
31909,0
141152,0
160008,0
2591,0
239703,0
38007,0
118586,0
113579,0
75744,0
134519,0
223050,0
197730,0
234091,0
94049,0
182598,0
143017,0
19741,0
106001,0
137884,0
93013,0
67937,0
44271,0
214631,0
28452,0
94590,0
98955,0
117348,0
14324,0
184794,0
97107,0
97477,0
4717,0
196783,0
59445,0
182323,0
69250,0
144727,0
240375,0
108160,0
76911,0
175433,0
15086,0
199877,0
238711,0
135101,0
92817,0
42032,0
240091,0
74851,0
72641,0
147346,0
149629,0
180098,0
133668,0
19779,0
56463,0
202098,0
165034,0
145626,0
205998,0
95243,0
223975,0
206476,0
86937,0
74018,0
244170,0
42289,0
116674,0
59152,0
52439,0
177063,0
94398,0
41891,0
164673,0
175888,0
113692,0
81359,0
9975,0
89413,0
56288,0
136849,0
231549,0
44958,0
176316,0
110126,0
65343,0
175474,0
91391,0
29266,0
174402,0
226469,0
219271,0
234065,0
98274,0
162150,0
136609,0
70451,0
225092,0
148671,0
7714,0
190945,0
247990,0
183127,0
39992,0
215087,0
236300,0
152002,0
82242,0
74739,0
244941,0
44594,0
7709,0
66199,0
138334,0
186265,0
36251,0
175606,0
100164,0
60478,0
4961,0
38248,0
123770,0
211682,0
185287,0
128283,0
213790,0
220048,0
80006,0
10901,0
126606,0
156758,0
32426,0
152492,0
196204,0
98227,0
199963,0
46384,0
102431,0
232353,0
232445,0
56750,0
160163,0
168701,0
15558,0
19364,0
245261,0
143234,0
71364,0
223193,0
173648,0
16502,0
70440,0
103625,0
50983,0
34882,0
117693,0
131411,0
162732,0
169855,0
202482,0
2957,0
215399,0
249129,0
192568,0
146203,0
59167,0
158306,0
47760,0
215905,0
243846,0
197112,0
64282,0
158290,0
26060,0
242995,0
183540,0
147727,0
203013,0
176794,0
185302,0
127722,0
167873,0
59001,0
6528,0
222806,0
248671,0
161823,0
247007,0
208216,0
9122,0
152349,0
122780,0
73899,0
90138,0
21855,0
170113,0
45866,0
28881,0
193502,0
6506,0
201663,0
237925,0
203638,0
34928,0
119014,0
169025,0
33634,0
188652,0
118952,0
98601,0
55050,0
146726,0
120468,0
16367,0
234701,0
138751,0
80867,0
145586,0
93930,0
144703,0
154490,0
3976,0
174817,0
102616,0
239753,0
219243,0
177319,0
6650,0
80404,0
73783,0
158046,0
163400,0
140906,0
60423,0
96834,0
51200,0
45859,0
172041,0
71759,0
28311,0
237946,0
41916,0
192822,0
13677,0
147425,0
112644,0
40661,0
79408,0
102533,0
73021,0
15837,0
59236,0
19484,0
77738,0
8696,0
185297,0
43801,0
134112,0
112770,0
188312,0
207525,0
59468,0
172773,0
134805,0
232260,0
63272,0
184825,0
78792,0
171771,0
175104,0
52778,0
163256,0
93795,0
95874,0
92134,0
55665,0
83381,0
158695,0
55682,0
235524,0
246960,0
117105,0
120532,0
208650,0
149948,0
111220,0
219743,0
200526,0
52523,0
10585,0
596,0
40530,0
75461,0
49133,0
11271,0
77680,0
43841,0
234965,0
240755,0
116407,0
249699,0
124053,0
146204,0
28323,0
28467,0
110037,0
51870,0
224528,0
160378,0
219603,0
103461,0
5181,0
23072,0
210513,0
77590,0
92819,0
232464,0
147988,0
92752,0
32505,0
173175,0
39486,0
167000,0
43222,0
65519,0
139140,0
98784,0
108472,0
117023,0
73411,0
42008,0
150552,0
88254,0
62645,0
122777,0
170083,0
58886,0
89176,0
62385,0
219186,0
231728,0
172892,0
101529,0
243628,0
80472,0
206464,0
241627,0
133169,0
65984,0
28528,0
114896,0
187276,0
867,0
192244,0
246714,0
70274,0
202343,0
196420,0
59650,0
180165,0
236154,0
19520,0
13921,0
135689,0
63577,0
113811,0
199185,0
61896,0
170874,0
227441,0
49422,0
121888,0
57354,0
150568,0
190649,0
147347,0
169498,0
33078,0
37060,0
89507,0
52796,0
45416,0
214699,0
130950,0
48307,0
88460,0
84456,0
168980,0
93236,0
50115,0
90020,0
45837,0
102183,0
135676,0
248515,0
39584,0
221518,0
15267,0
193279,0
45549,0
209740,0
75097,0
9194,0
135300,0
115262,0
208854,0
213455,0
17872,0
203420,0
13974,0
101399,0
491,0
79084,0
29745,0
146337,0
182441,0
221073,0
28150,0
49117,0
177143,0
77005,0
141366,0
209505,0
205581,0
47409,0
42106,0
7477,0
197926,0
92149,0
193911,0
126699,0
204695,0
51882,0
106636,0
246612,0
241303,0
167794,0
8467,0
213049,0
103871,0
59738,0
13978,0
80602,0
84378,0
100810,0
173974,0
129273,0
188771,0
159642,0
172998,0
23541,0
82258,0
130599,0
214803,0
146276,0
230727,0
177692,0
232835,0
1831,0
160884,0
218410,0
175605,0
120865,0
43213,0
9392,0
107428,0
47771,0
40944,0
113643,0
89201,0
156159,0
107911,0
165941,0
14991,0
69972,0
118649,0
47004,0
234080,0
17627,0
230398,0
247916,0
196225,0
12700,0
203214,0
78841,0
89545,0
224293,0
248268,0
129897,0
25245,0
143496,0
140529,0
35479,0
152501,0
64677,0
7664,0
211147,0
220909,0
119489,0
140943,0
40836,0
15516,0
158919,0
143879,0
245004,0
116651,0
182481,0
144292,0
215941,0
146534,0
83674,0
179844,0
212665,0
120959,0
73985,0
98149,0
31372,0
172935,0
147802,0
62305,0
173807,0
231384,0
89954,0
40351,0
140133,0
63006,0
169543,0
230820,0
11991,0
140149,0
65677,0
54204,0
138137,0
240505,0
193550,0
18446,0
40949,0
91114,0
124510,0
126899,0
125847,0
174889,0
113745,0
170409,0
41441,0
66763,0
15184,0
93871,0
44300,0
151724,0
64089,0
30911,0
49661,0
67521,0
163032,0
72540,0
72396,0
214708,0
181690,0
126448,0
79357,0
9055,0
168519,0
233739,0
183227,0
167335,0
188897,0
153760,0
99107,0
210040,0
240065,0
49779,0
65221,0
67088,0
150975,0
75799,0
4919,0
45394,0
142831,0
132642,0
201900,0
48902,0
80348,0
130089,0
129912,0
76466,0
114042,0
7041,0
37704,0
178656,0
215159,0
245638,0
191873,0
132942,0
93947,0
61423,0
176497,0
188399,0
231530,0
209931,0
66909,0
59146,0
222623,0
81536,0
35811,0
27964,0
47235,0
41259,0
83950,0
95600,0
10144,0
10672,0
46378,0
46063,0
187017,0
157114,0
149348,0
235477,0
186573,0
52840,0
205640,0
102038,0
238784,0
212698,0
64787,0
181025,0
139907,0
205840,0
41224,0
28591,0
142986,0
173868,0
128772,0
118603,0
87013,0
205766,0
8604,0
212805,0
77822,0
122602,0
237062,0
235619,0
143421,0
51847,0
33774,0
24258,0
242430,0
72117,0
236835,0
108200,0
2495,0
231454,0
211845,0
193636,0
153489,0
4515,0
245027,0
22134,0
134671,0
142141,0
173792,0
97872,0
114229,0
202690,0
238004,0
222779,0
137916,0
60133,0
125124,0
209579,0
111743,0
92443,0
184610,0
25679,0
153126,0
9886,0
205437,0
127474,0
165677,0
220468,0
61141,0
16012,0
103675,0
244135,0
197350,0
44229,0
144568,0
187109,0
128297,0
81749,0
34557,0
190366,0
2688,0
221382,0
39546,0
48079,0
213173,0
81069,0
193696,0
230488,0
39743,0
222593,0
47731,0
139817,0
198512,0
231032,0
63513,0
224273,0
177356,0
215086,0
96354,0
95744,0
2238,0
166671,0
17890,0
231061,0
139858,0
16835,0
54562,0
72179,0
126301,0
237291,0
147495,0
228801,0
195820,0
35192,0
109477,0
163139,0
48980,0
196506,0
42246,0
206153,0
151769,0
41079,0
160187,0
188516,0
173914,0
29727,0
216160,0
170818,0
165929,0
68249,0
96564,0
185690,0
18397,0
26679,0
75438,0
243178,0
20578,0
211256,0
74029,0
225936,0
124632,0
7438,0
234825,0
59259,0
60682,0
169942,0
211347,0
72543,0
13711,0
29274,0
162143,0
41268,0
127805,0
52909,0
35092,0
166348,0
116515,0
233236,0
165748,0
166256,0
123823,0
75727,0
201329,0
201667,0
152706,0
86278,0
52615,0
105039,0
62657,0
1382,0
1480,0
111534,0
203842,0
154696,0
105307,0
181186,0
65073,0
18182,0
205205,0
78898,0
54561,0
239313,0
196340,0
237056,0
193315,0
112787,0
181605,0
209381,0
24504,0
10281,0
70324,0
146512,0
89210,0
219355,0
148147,0
215195,0
215081,0
228112,0
38442,0
27746,0
33950,0
70104,0
31406,0
153595,0
40141,0
141713,0
202186,0
84370,0
52170,0
113708,0
70914,0
116606,0
31451,0
144363,0
12125,0
205518,0
94988,0
193054,0
127299,0
231197,0
124247,0
223488,0
194622,0
169242,0
123247,0
87920,0
158608,0
222823,0
83852,0
248966,0
188936,0
196706,0
7097,0
148699,0
131525,0
14811,0
130444,0
47091,0
59563,0
238413,0
61463,0
42574,0
204777,0
5555,0
103525,0
9869,0
104598,0
109927,0
131977,0
60738,0
211034,0
80944,0
235121,0
64418,0
38702,0
17083,0
43181,0
221813,0
232405,0
63625,0
102910,0
262,0
93717,0
140873,0
55943,0
25676,0
58205,0
161414,0
21038,0
110980,0
162894,0
164635,0
1526,0
74471,0
157565,0
125427,0
128109,0
12416,0
178713,0
249056,0
28809,0
183817,0
64696,0
125716,0
109649,0
242682,0
209577,0
245056,0
196803,0
38094,0
149222,0
203369,0
122708,0
83315,0
118476,0
150358,0
165934,0
193653,0
75570,0
169150,0
121319,0
27104,0
17122,0
135845,0
39716,0
121072,0
189341,0
34123,0
9043,0
194621,0
100415,0
24695,0
131947,0
204929,0
180368,0
174009,0
128195,0
156807,0
126767,0
45296,0
1332,0
94004,0
116168,0
188940,0
176840,0
78333,0
177865,0
180517,0
166023,0
107719,0
8289,0
49244,0
130496,0
237529,0
152654,0
204645,0
210732,0
152132,0
54514,0
141651,0
186635,0
242854,0
163810,0
99944,0
241808,0
125572,0
43138,0
66627,0
7648,0
138309,0
149809,0
45980,0
80661,0
42277,0
220033,0
165156,0
249119,0
90836,0
43264,0
157950,0
50691,0
9456,0
188922,0
15055,0
1964,0
105288,0
168312,0
231717,0
220174,0
12619,0
116065,0
247313,0
190239,0
181395,0
200225,0
128487,0
43446,0
193251,0
139578,0
175611,0
78068,0
48631,0
200801,0
90579,0
55902,0
22810,0
193140,0
161995,0
141247,0
523,0
245172,0
240950,0
241198,0
51560,0
183126,0
68106,0
38437,0
163937,0
11144,0
112226,0
53986,0
33558,0
127239,0
192642,0
187408,0
213105,0
200676,0
32579,0
139651,0
228641,0
92335,0
103334,0
237173,0
62304,0
178869,0
209885,0
163408,0
209135,0
123944,0
75491,0
63952,0
179802,0
112005,0
223848,0
106058,0
24546,0
233008,0
212919,0
167548,0
196241,0
102366,0
118930,0
123308,0
140069,0
205333,0
139589,0
239869,0
214345,0
158723,0
196393,0
48541,0
100990,0
221821,0
161642,0
230161,0
101669,0
66692,0
40133,0
33067,0
55545,0
213843,0
157522,0
184833,0
74238,0
51619,0
213941,0
191123,0
233167,0
179738,0
245077,0
246900,0
167097,0
176690,0
230058,0
113730,0
120922,0
11789,0
172911,0
196895,0
224455,0
230588,0
112628,0
145427,0
232063,0
170382,0
162124,0
39575,0
143122,0
136956,0
162221,0
157464,0
99455,0
56756,0
164240,0
131653,0
172340,0
6483,0
4332,0
231850,0
150833,0
69010,0
9163,0
127001,0
155324,0
198509,0
81250,0
73164,0
154745,0
81577,0
224780,0
222738,0
62837,0
105997,0
200953,0
69838,0
144725,0
83735,0
168868,0
229852,0
13623,0
88582,0
65033,0
179212,0
33925,0
3050,0
60334,0
14292,0
99894,0
146464,0
246843,0
154848,0
69391,0
249821,0
79985,0
31196,0
55832,0
23970,0
99498,0
46123,0
247756,0
199190,0
107192,0
240023,0
53771,0
217572,0
90884,0
5003,0
18308,0
10377,0
100973,0
72617,0
166069,0
103640,0
208970,0
37187,0
92605,0
163863,0
101043,0
64782,0
245382,0
232993,0
235460,0
66813,0
245589,0
47389,0
148573,0
105544,0
53933,0
239005,0
129355,0
161214,0
160645,0
40869,0
56939,0
73393,0
199447,0
243486,0
4788,0
246141,0
75929,0
94167,0
55320,0
105721,0
55575,0
83656,0
87210,0
22906,0
156055,0
39971,0
29798,0
82381,0
4714,0
41764,0
137651,0
128255,0
14133,0
196275,0
230695,0
149267,0
78921,0
197653,0
19054,0
199377,0
3077,0
185683,0
211900,0
22175,0
225593,0
210631,0
145681,0
60609,0
205220,0
99673,0
205929,0
133641,0
247675,0
228741,0
78016,0
218758,0
150749,0
95154,0
88346,0
170871,0
216039,0
6929,0
125742,0
108591,0
124382,0
143465,0
36082,0
41358,0
105987,0
71548,0
153607,0
92343,0
118157,0
51984,0
220181,0
45107,0
56455,0
131337,0
21324,0
76634,0
159791,0
186556,0
5011,0
63338,0
70758,0
198268,0
238055,0
149927,0
196637,0
219036,0
126079,0
111385,0
163734,0
73264,0
198023,0
110897,0
174527,0
30763,0
228761,0
108677,0
155000,0
199551,0
87910,0
1500,0
56532,0
35598,0
211616,0
124630,0
178665,0
33104,0
97727,0
4680,0
101674,0
216082,0
176190,0
243617,0
200837,0
147296,0
116413,0
188130,0
150471,0
79986,0
154725,0
194507,0
164026,0
189342,0
211368,0
160677,0
216295,0
246011,0
14605,0
151500,0
68230,0
60190,0
151669,0
147038,0
85979,0
172902,0
192804,0
134645,0
156956,0
177372,0
44231,0
72148,0
19875,0
73840,0
80688,0
63659,0
22058,0
177630,0
112471,0
95997,0
244208,0
209621,0
190674,0
196357,0
236274,0
56478,0
128174,0
179566,0
14793,0
230347,0
177942,0
173471,0
49370,0
82871,0
190150,0
36161,0
72835,0
177157,0
102108,0
101182,0
75518,0
158426,0
13447,0
218249,0
139835,0
147690,0
192618,0
214969,0
62051,0
114726,0
29618,0
35991,0
208936,0
108936,0
91979,0
187487,0
224710,0
225513,0
96011,0
237234,0
91717,0
140603,0
215965,0
223294,0
67491,0
97058,0
184390,0
124110,0
147658,0
49687,0
210592,0
85039,0
55047,0
233850,0
201014,0
173034,0
180113,0
147118,0
4540,0
34925,0
241909,0
156692,0
61099,0
108679,0
133116,0
72292,0
121573,0
221391,0
158389,0
72757,0
144789,0
36319,0
199160,0
75652,0
16640,0
144332,0
121140,0
113241,0
1397,0
219732,0
170778,0
145349,0
211718,0
94495,0
125883,0
144591,0
71313,0
164281,0
245654,0
20088,0
13896,0
195548,0
151029,0
59504,0
203855,0
167147,0
45045,0
223204,0
240959,0
30236,0
158935,0
61344,0
164734,0
131803,0
145795,0
138130,0
172088,0
11283,0
152264,0
32629,0
30724,0
192735,0
220099,0
173902,0
203244,0
50042,0
67641,0
35780,0
148065,0
71129,0
182252,0
77310,0
94954,0
9170,0
238748,0
160870,0
112184,0
183906,0
46467,0
11014,0
221108,0
133031,0
21208,0
165804,0
60200,0
13022,0
18801,0
48174,0
218109,0
134941,0
203031,0
132271,0
194046,0
224941,0
181672,0
63213,0
186981,0
103741,0
132390,0
75724,0
63977,0
3540,0
27389,0
27770,0
5762,0
165511,0
204616,0
160398,0
198036,0
219984,0
96373,0
203586,0
130915,0
25548,0
129171,0
27066,0
109228,0
79972,0
41933,0
43433,0
9824,0
47889,0
224776,0
218000,0
60759,0
4167,0
228843,0
126424,0
32632,0
230278,0
36300,0
49594,0
153949,0
150324,0
130261,0
201381,0
132333,0
234185,0
73382,0
51733,0
209635,0
27316,0
60687,0
210177,0
243037,0
179783,0
246213,0
131551,0
198676,0
159148,0
57257,0
224571,0
217017,0
35638,0
186957,0
20070,0
160690,0
219058,0
77205,0
97380,0
164743,0
233083,0
137617,0
231035,0
5974,0
199455,0
215226,0
142384,0
162608,0
172291,0
136124,0
133481,0
202622,0
228903,0
195094,0
249316,0
51303,0
123061,0
90574,0
126637,0
61782,0
214172,0
45539,0
68350,0
230448,0
245848,0
194250,0
140201,0
150106,0
249199,0
10224,0
166027,0
182791,0
69762,0
98056,0
8754,0
205280,0
38450,0
199682,0
41251,0
174412,0
94601,0
37308,0
114544,0
158307,0
126396,0
143170,0
62500,0
235980,0
211742,0
126127,0
50895,0
224877,0
195833,0
45359,0
226592,0
187291,0
124347,0
52422,0
229504,0
68814,0
170740,0
174665,0
136060,0
225370,0
162069,0
215296,0
192295,0
138444,0
113163,0
32463,0
46409,0
136951,0
73266,0
152439,0
165216,0
28681,0
48169,0
180138,0
169425,0
247428,0
87456,0
91096,0
37001,0
80353,0
146538,0
183771,0
179880,0
21885,0
232088,0
97707,0
45552,0
2557,0
200181,0
62757,0
8771,0
62703,0
236707,0
243952,0
228841,0
173367,0
219717,0
100472,0
244974,0
191951,0
15287,0
75736,0
45730,0
39586,0
125135,0
147261,0
33268,0
119518,0
131747,0
163500,0
50418,0
207336,0
17063,0
222896,0
187503,0
45187,0
245130,0
48234,0
201214,0
33935,0
193164,0
36238,0
85878,0
13384,0
190524,0
229931,0
131346,0
245284,0
181578,0
81955,0
130743,0
233363,0
140564,0
181243,0
14182,0
16724,0
24581,0
29897,0
113864,0
74750,0
117206,0
239657,0
16084,0
58044,0
7033,0
155678,0
41895,0
151912,0
177111,0
49754,0
148508,0
38277,0
43571,0
37106,0
168160,0
184797,0
175570,0
186127,0
120075,0
199388,0
193287,0
192041,0
86552,0
127237,0
105502,0
242985,0
187123,0
171628,0
239535,0
188333,0
239574,0
53647,0
180873,0
41695,0
5067,0
40726,0
137953,0
84190,0
181851,0
186518,0
33476,0
84279,0
103096,0
126660,0
150079,0
245600,0
189566,0
17394,0
66198,0
98148,0
114827,0
13557,0
35801,0
36020,0
116597,0
198956,0
20494,0
199101,0
127361,0
236700,0
226867,0
226846,0
141173,0
198269,0
42700,0
166463,0
137309,0
66779,0
176822,0
74440,0
47661,0
45769,0
194186,0
152837,0
88119,0
166630,0
88510,0
155513,0
182931,0
142493,0
11727,0
96933,0
210956,0
19310,0
193465,0
103545,0
125203,0
195048,0
194603,0
144983,0
219438,0
8365,0
83728,0
96971,0
238140,0
24690,0
95025,0
41588,0
116362,0
31659,0
246836,0
69801,0
22815,0
19532,0
59997,0
185812,0
212270,0
176664,0
192294,0
24734,0
212722,0
17514,0
200527,0
25278,0
43359,0
18831,0
24183,0
242043,0
95694,0
54375,0
12734,0
20238,0
68658,0
112216,0
177017,0
118803,0
65154,0
198600,0
222340,0
185382,0
5153,0
86798,0
22872,0
39641,0
134429,0
212241,0
143150,0
162945,0
224494,0
128505,0
235732,0
215293,0
138317,0
127622,0
58289,0
222324,0
21413,0
105005,0
1557,0
207758,0
47903,0
189859,0
92169,0
129231,0
208164,0
92230,0
195140,0
42780,0
177424,0
243479,0
18901,0
5038,0
134914,0
230468,0
35745,0
226726,0
118774,0
33824,0
33394,0
124617,0
31509,0
242033,0
70392,0
239527,0
155455,0
249962,0
9354,0
88063,0
98747,0
159783,0
93674,0
242082,0
186167,0
209502,0
240299,0
213367,0
55207,0
62770,0
150855,0
16633,0
193290,0
138139,0
7613,0
121474,0
76455,0
102553,0
145261,0
228204,0
23271,0
120886,0
147295,0
239332,0
240324,0
13303,0
241947,0
244298,0
84828,0
7503,0
96094,0
100051,0
221919,0
184682,0
188997,0
39910,0
248335,0
127259,0
111751,0
73639,0
107703,0
113063,0
158247,0
117688,0
225491,0
29931,0
2484,0
167538,0
129357,0
23179,0
98278,0
56833,0
103162,0
238202,0
13278,0
101919,0
167356,0
67699,0
57440,0
77726,0
70040,0
60450,0
71198,0
72871,0
181598,0
80590,0
200156,0
245335,0
152903,0
177822,0
131369,0
200895,0
8258,0
205734,0
26976,0
4988,0
50688,0
34613,0
192026,0
192505,0
73959,0
42045,0
130580,0
89118,0
71638,0
167297,0
64966,0
793,0
150950,0
195900,0
196231,0
140296,0
144362,0
168813,0
180787,0
248985,0
34788,0
198210,0
109076,0
80039,0
69401,0
6610,0
139853,0
92677,0
132406,0
75337,0
153848,0
67920,0
95975,0
181302,0
64468,0
17355,0
97131,0
101758,0
73546,0
204373,0
208469,0
68145,0
32832,0
228374,0
70755,0
64000,0
73694,0
210412,0
217179,0
44923,0
32580,0
124941,0
211103,0
16028,0
72324,0
164985,0
112835,0
219921,0
141974,0
213892,0
23325,0
15585,0
148337,0
117075,0
32939,0
118869,0
217935,0
24034,0
46693,0
35235,0
202652,0
234634,0
181870,0
201200,0
26305,0
18956,0
229541,0
52491,0
11374,0
114689,0
97512,0
219308,0
235773,0
44962,0
228196,0
147362,0
12489,0
132802,0
82385,0
209291,0
141165,0
31574,0
224072,0
79540,0
102437,0
68319,0
127650,0
186507,0
178498,0
219535,0
99998,0
225777,0
42820,0
173583,0
150059,0
10097,0
208145,0
137391,0
228375,0
51395,0
151052,0
29135,0
86690,0
233766,0
2189,0
247020,0
84500,0
156859,0
63671,0
201742,0
123907,0
239380,0
186777,0
73248,0
143718,0
62555,0
28058,0
71497,0
48957,0
184250,0
134689,0
119555,0
178662,0
184224,0
232378,0
217505,0
66861,0
111998,0
215182,0
136544,0
240325,0
141729,0
162042,0
44769,0
83989,0
122223,0
89734,0
93571,0
23041,0
43580,0
110656,0
143,0
205517,0
145055,0
126207,0
69790,0
217330,0
115948,0
104164,0
117335,0
27232,0
226007,0
107849,0
173371,0
59743,0
109960,0
101210,0
147846,0
202451,0
226949,0
207520,0
186331,0
69480,0
57503,0
97766,0
112101,0
187066,0
9081,0
226125,0
86641,0
100830,0
62738,0
73676,0
244753,0
80060,0
81984,0
231119,0
25582,0
232762,0
31613,0
126073,0
72217,0
173601,0
27243,0
228062,0
163258,0
180043,0
143203,0
74043,0
78523,0
212737,0
225946,0
200541,0
211715,0
135345,0
87666,0
147108,0
173896,0
54874,0
149932,0
16443,0
1678,0
221499,0
98918,0
140911,0
69771,0
20834,0
129156,0
79310,0
183476,0
6579,0
60597,0
203359,0
74399,0
65313,0
135827,0
131622,0
123821,0
124515,0
160042,0
19865,0
152687,0
51059,0
169131,0
63895,0
185863,0
125314,0
171159,0
248634,0
147837,0
69325,0
162522,0
67047,0
201551,0
34242,0
26302,0
159338,0
180699,0
98147,0
64018,0
243607,0
23915,0
155110,0
234532,0
59639,0
45518,0
133157,0
233168,0
48855,0
227683,0
130958,0
160510,0
66757,0
71029,0
97973,0
22891,0
103515,0
142397,0
229827,0
131054,0
428,0
228938,0
111948,0
59642,0
152666,0
175846,0
120826,0
127186,0
159657,0
180263,0
58709,0
120053,0
7132,0
127133,0
178364,0
31392,0
236138,0
216966,0
59511,0
131011,0
245150,0
143683,0
33490,0
94600,0
208844,0
122815,0
152655,0
124923,0
119795,0
139971,0
187444,0
112118,0
21769,0
155273,0
80932,0
105639,0
27945,0
140542,0
185113,0
153041,0
239706,0
158752,0
135098,0
163528,0
145559,0
192188,0
197919,0
156224,0
18142,0
249758,0
50905,0
236456,0
16422,0
168609,0
85471,0
162024,0
185440,0
134373,0
30326,0
84906,0
76096,0
48364,0
168952,0
168540,0
210236,0
12574,0
58856,0
200204,0
247705,0
174070,0
231398,0
161455,0
63958,0
80178,0
175512,0
114982,0
13040,0
26717,0
33150,0
116750,0
177840,0
23508,0
30983,0
30120,0
162240,0
68392,0
158132,0
217966,0
124528,0
91062,0
170301,0
63999,0
100248,0
123255,0
136137,0
130903,0
179292,0
116559,0
103087,0
165870,0
101537,0
161847,0
231777,0
39166,0
169683,0
122454,0
16499,0
61322,0
73814,0
122501,0
171121,0
213041,0
166089,0
207492,0
226099,0
138042,0
38058,0
41990,0
112108,0
38855,0
227961,0
82591,0
224341,0
238374,0
248191,0
208843,0
129640,0
166859,0
172196,0
99874,0
230789,0
59058,0
56597,0
247964,0
129461,0
77889,0
151352,0
228234,0
223527,0
58855,0
136783,0
189335,0
130033,0
113007,0
133635,0
216388,0
69430,0
156694,0
236209,0
68044,0
104210,0
196305,0
234438,0
206367,0
205363,0
215028,0
31141,0
241193,0
229519,0
126516,0
230034,0
94646,0
166803,0
70465,0
208375,0
138755,0
231636,0
153765,0
68250,0
64924,0
81162,0
36542,0
34003,0
184952,0
15239,0
96779,0
227564,0
221530,0
144227,0
147058,0
236230,0
182560,0
187367,0
113492,0
114969,0
234676,0
2408,0
158911,0
81374,0
91660,0
174989,0
243770,0
124294,0
173429,0
200026,0
150721,0
139253,0
92158,0
200634,0
93818,0
244021,0
35040,0
69417,0
38676,0
146502,0
226973,0
185729,0
86221,0
129781,0
218187,0
71021,0
18495,0
8339,0
54747,0
13456,0
118475,0
238701,0
150149,0
15931,0
35694,0
86082,0
20894,0
156727,0
121484,0
225093,0
214806,0
124020,0
22890,0
189347,0
167391,0
226664,0
165108,0
188414,0
61712,0
49087,0
88391,0
95726,0
231123,0
112348,0
164285,0
181920,0
85669,0
147392,0
179814,0
101317,0
214354,0
49027,0
86546,0
130679,0
57249,0
126867,0
213460,0
212595,0
167200,0
201881,0
248729,0
111304,0
11088,0
183666,0
243079,0
19306,0
106184,0
83199,0
131325,0
136186,0
59755,0
15790,0
138005,0
203513,0
84768,0
30174,0
26779,0
145052,0
168552,0
124676,0
114812,0
150701,0
124056,0
227170,0
249053,0
34143,0
193202,0
190493,0
238575,0
109425,0
133825,0
192370,0
30404,0
235237,0
43294,0
154415,0
159785,0
200843,0
84979,0
4691,0
123057,0
97696,0
30668,0
14512,0
10341,0
84566,0
121935,0
151758,0
37032,0
5677,0
246249,0
29202,0
220798,0
132747,0
58795,0
43672,0
6733,0
205116,0
194005,0
147624,0
67184,0
227720,0
234372,0
109625,0
150985,0
92061,0
225883,0
41599,0
234481,0
11471,0
242937,0
11006,0
61728,0
248434,0
112751,0
144442,0
63362,0
103755,0
98068,0
235618,0
245125,0
85864,0
228477,0
214975,0
109817,0
133492,0
204491,0
153395,0
76988,0
43061,0
189997,0
156740,0
181451,0
92333,0
45960,0
149731,0
7225,0
134449,0
248002,0
204949,0
200852,0
167690,0
17826,0
214125,0
152388,0
206048,0
158680,0
26645,0
140597,0
108510,0
81668,0
167977,0
119485,0
64753,0
89989,0
237873,0
128116,0
114497,0
126760,0
57142,0
68758,0
132929,0
35383,0
126350,0
5046,0
34695,0
134836,0
111191,0
216835,0
137434,0
208023,0
5119,0
101765,0
19730,0
242674,0
124421,0
122277,0
23675,0
218662,0
69236,0
44163,0
93916,0
82214,0
111735,0
203964,0
157278,0
5879,0
80834,0
217597,0
204572,0
45741,0
121839,0
2136,0
172367,0
146163,0
186285,0
16615,0
84949,0
83517,0
247251,0
65430,0
211687,0
103008,0
114718,0
157445,0
103263,0
30894,0
47096,0
108549,0
100889,0
81356,0
27707,0
40360,0
7215,0
216258,0
15632,0
3469,0
124844,0
26943,0
241961,0
147433,0
77560,0
29929,0
185591,0
95475,0
106544,0
103330,0
221730,0
38066,0
39627,0
15240,0
162687,0
233033,0
20196,0
164569,0
152183,0
116527,0
164,0
202481,0
111976,0
45688,0
242683,0
90264,0
210518,0
101307,0
143843,0
147761,0
163192,0
139051,0
93879,0
123017,0
71672,0
155173,0
12139,0
148249,0
133697,0
4211,0
80044,0
60122,0
31124,0
102783,0
197804,0
196474,0
169497,0
33729,0
5573,0
239286,0
69964,0
69978,0
43254,0
131716,0
163292,0
73172,0
198736,0
200342,0
53081,0
180598,0
45721,0
10436,0
71584,0
40987,0
10418,0
128401,0
99579,0
246135,0
108110,0
145664,0
93289,0
133746,0
14241,0
75261,0
193627,0
37247,0
113386,0
138956,0
50043,0
234134,0
126307,0
138414,0
229162,0
197593,0
2081,0
220492,0
184664,0
195699,0
209495,0
151047,0
137555,0
159069,0
86771,0
35068,0
6186,0
204403,0
129864,0
94780,0
249817,0
286,0
207100,0
213376,0
83079,0
166794,0
89611,0
201063,0
145629,0
119993,0
25756,0
203027,0
207224,0
28306,0
104779,0
28614,0
108335,0
111538,0
169117,0
162518,0
11791,0
19527,0
176071,0
198614,0
184472,0
95249,0
141647,0
248563,0
82300,0
201979,0
224533,0
221784,0
8554,0
232538,0
118753,0
203768,0
26377,0
140365,0
124499,0
188810,0
25211,0
165236,0
109462,0
9261,0
10571,0
86506,0
54965,0
241485,0
24730,0
166877,0
47072,0
64188,0
86455,0
101343,0
198939,0
133144,0
113915,0
241143,0
143651,0
43920,0
201486,0
70054,0
86885,0
18978,0
1684,0
198637,0
116630,0
171970,0
161647,0
63273,0
95307,0
196640,0
58845,0
179552,0
246336,0
107358,0
193848,0
190919,0
38453,0
1836,0
172333,0
169063,0
119364,0
57578,0
182686,0
91195,0
153081,0
121439,0
235744,0
50294,0
18842,0
235325,0
2392,0
94753,0
148877,0
93294,0
207134,0
38403,0
204062,0
176772,0
53070,0
9180,0
191358,0
148861,0
226032,0
132928,0
113184,0
32631,0
227288,0
225684,0
115656,0
5399,0
143429,0
65220,0
21954,0
65468,0
25578,0
241901,0
38175,0
230641,0
67304,0
226108,0
32523,0
84488,0
73645,0
163676,0
226382,0
177975,0
131856,0
101884,0
247398,0
184611,0
63740,0
212752,0
231866,0
203010,0
1321,0
45654,0
67112,0
156682,0
124477,0
241854,0
138514,0
224295,0
51331,0
90055,0
46231,0
150307,0
115410,0
96577,0
57887,0
73005,0
41440,0
191382,0
221671,0
126488,0
84856,0
37291,0
40026,0
66508,0
108642,0
155453,0
208558,0
142708,0
49569,0
75866,0
224662,0
119603,0
186606,0
237296,0
232956,0
106482,0
76281,0
159155,0
148083,0
72648,0
83341,0
55760,0
62728,0
29170,0
108963,0
131270,0
2513,0
213629,0
179251,0
113818,0
176266,0
76149,0
155422,0
210384,0
245188,0
59772,0
71862,0
13282,0
100239,0
201537,0
86443,0
171683,0
33075,0
56871,0
68588,0
120275,0
115469,0
94353,0
235117,0
103709,0
75585,0
229684,0
60307,0
213813,0
177440,0
27318,0
56737,0
216559,0
87607,0
33467,0
223115,0
202367,0
149394,0
58345,0
111297,0
23748,0
19617,0
135661,0
33237,0
184455,0
225698,0
112342,0
192788,0
169962,0
188988,0
124867,0
245495,0
166299,0
238450,0
202636,0
215277,0
36931,0
37913,0
170867,0
54763,0
78726,0
224723,0
96914,0
240508,0
26450,0
19767,0
10424,0
115059,0
139171,0
112211,0
67335,0
32541,0
38116,0
202927,0
154193,0
25883,0
189677,0
4107,0
129458,0
161553,0
196642,0
224859,0
174905,0
204195,0
148753,0
62542,0
228097,0
20500,0
29401,0
186299,0
98492,0
141572,0
86708,0
5654,0
172641,0
78507,0
230496,0
177224,0
211367,0
229846,0
173534,0
163617,0
107274,0
112685,0
88824,0
47321,0
223293,0
55728,0
177831,0
208791,0
226342,0
111700,0
80628,0
80067,0
104154,0
8447,0
211421,0
171928,0
4053,0
226033,0
247782,0
82966,0
80613,0
30994,0
163872,0
104144,0
22569,0
14334,0
233317,0
3292,0
140936,0
149110,0
79644,0
167936,0
42561,0
161555,0
243118,0
228755,0
74015,0
6973,0
145816,0
167846,0
122745,0
79100,0
160588,0
199260,0
217910,0
249746,0
43708,0
132345,0
232430,0
29593,0
1266,0
157193,0
94761,0
21111,0
1946,0
183527,0
188884,0
60852,0
138222,0
182955,0
60221,0
247317,0
27019,0
202880,0
147485,0
228138,0
6872,0
55199,0
167530,0
91854,0
211517,0
187574,0
177888,0
5936,0
92020,0
102199,0
117434,0
34535,0
108219,0
79192,0
147905,0
236623,0
124537,0
248813,0
239722,0
108379,0
109882,0
4441,0
148625,0
204941,0
161072,0
201543,0
238198,0
240039,0
227946,0
78842,0
239847,0
70387,0
221819,0
205254,0
22773,0
206627,0
174107,0
188197,0
42940,0
94864,0
222554,0
194969,0
127724,0
95134,0
187446,0
191771,0
59762,0
121464,0
193394,0
153925,0
29760,0
71680,0
177688,0
226163,0
105107,0
224756,0
135306,0
31643,0
43895,0
119344,0
226249,0
249981,0
232312,0
235848,0
188386,0
152381,0
232767,0
141686,0
60401,0
208756,0
214844,0
40551,0
189322,0
170650,0
204498,0
121470,0
48039,0
161265,0
222830,0
237184,0
141616,0
174915,0
194967,0
19561,0
171685,0
245811,0
241350,0
224766,0
87552,0
145321,0
137051,0
137663,0
12047,0
50243,0
130079,0
108340,0
11071,0
158833,0
64494,0
51223,0
91379,0
31500,0
155084,0
73787,0
70999,0
227265,0
191306,0
15866,0
192636,0
96230,0
195974,0
148779,0
220875,0
182393,0
215461,0
48065,0
239937,0
33175,0
38142,0
229549,0
112552,0
172355,0
19783,0
68222,0
61992,0
223900,0
222811,0
114149,0
54323,0
153095,0
164958,0
51909,0
53443,0
10162,0
48543,0
205559,0
64938,0
237572,0
219345,0
185096,0
205040,0
196916,0
161119,0
91905,0
64877,0
163429,0
145229,0
241544,0
6933,0
4635,0
147243,0
150454,0
104171,0
223192,0
186066,0
221601,0
211317,0
32410,0
123268,0
180698,0
141350,0
221987,0
228382,0
207236,0
217426,0
36083,0
226596,0
141562,0
179732,0
225905,0
121814,0
79687,0
49432,0
66085,0
55057,0
96812,0
71700,0
4407,0
157395,0
57435,0
243504,0
139170,0
133040,0
226077,0
11060,0
158028,0
196346,0
192170,0
224068,0
127428,0
233104,0
242917,0
72262,0
5777,0
23749,0
16298,0
17917,0
36211,0
176410,0
156602,0
102644,0
186121,0
12586,0
116358,0
234994,0
191672,0
22786,0
203961,0
87354,0
148523,0
89282,0
187164,0
91046,0
95014,0
28716,0
138177,0
24184,0
137927,0
34156,0
224858,0
226714,0
85101,0
239122,0
53840,0
242048,0
107536,0
86505,0
2010,0
32564,0
245214,0
122392,0
184796,0
182722,0
47559,0
188780,0
122077,0
170412,0
67245,0
215538,0
163918,0
7932,0
174507,0
187728,0
182212,0
140569,0
105048,0
48214,0
111549,0
199464,0
51740,0
13309,0
190718,0
82936,0
87177,0
134596,0
70992,0
78442,0
35426,0
232288,0
95451,0
147569,0
109207,0
81906,0
134565,0
50055,0
52364,0
141210,0
38784,0
220649,0
161574,0
249045,0
161118,0
114628,0
158949,0
62914,0
194990,0
211516,0
248254,0
68545,0
203397,0
57628,0
93195,0
5982,0
35827,0
182676,0
60862,0
226345,0
12768,0
36975,0
27717,0
109279,0
108961,0
168489,0
35056,0
224918,0
228612,0
150736,0
226378,0
117212,0
150169,0
140632,0
101790,0
151345,0
53543,0
67164,0
61089,0
125944,0
103079,0
62752,0
219684,0
33979,0
242426,0
111049,0
184803,0
129757,0
36696,0
361,0
135631,0
226633,0
243738,0
57342,0
146824,0
154452,0
130009,0
124830,0
173554,0
159239,0
80007,0
80735,0
225990,0
80891,0
236691,0
74729,0
53295,0
25967,0
226851,0
218936,0
60728,0
27665,0
108800,0
161782,0
121239,0
242761,0
158176,0
176980,0
27542,0
109496,0
204718,0
10474,0
31862,0
103012,0
141139,0
14447,0
187086,0
53736,0
133824,0
205645,0
78974,0
76079,0
29962,0
63676,0
75295,0
82709,0
10948,0
176334,0
173005,0
170707,0
104436,0
227388,0
103946,0
75472,0
155837,0
15816,0
141188,0
135331,0
184556,0
69129,0
178022,0
104224,0
136332,0
25827,0
183897,0
100710,0
173928,0
124178,0
91323,0
74868,0
161083,0
144172,0
73089,0
79124,0
151545,0
172434,0
47302,0
140992,0
13929,0
119836,0
248244,0
74087,0
104988,0
241136,0
53809,0
204067,0
67697,0
179645,0
176696,0
63808,0
85592,0
102926,0
183487,0
19845,0
58159,0
185038,0
68704,0
118127,0
83374,0
246885,0
200781,0
40063,0
225339,0
219285,0
44447,0
51346,0
70429,0
142653,0
248649,0
61948,0
7018,0
86816,0
204814,0
243625,0
67823,0
16327,0
242106,0
234130,0
233647,0
923,0
214200,0
9016,0
51685,0
187364,0
143749,0
55215,0
130437,0
240829,0
151331,0
172670,0
22296,0
114565,0
221523,0
40590,0
75780,0
106144,0
29225,0
44414,0
247951,0
48171,0
144418,0
244628,0
124727,0
157321,0
241110,0
34395,0
104496,0
83880,0
35937,0
222653,0
198712,0
180551,0
175019,0
237342,0
75552,0
189044,0
8506,0
164625,0
64243,0
225643,0
166559,0
47906,0
118545,0
6456,0
1966,0
201695,0
219953,0
115058,0
136461,0
87429,0
95010,0
231413,0
197198,0
193589,0
18388,0
245136,0
128736,0
95420,0
176875,0
51765,0
111745,0
73684,0
223372,0
50598,0
4543,0
163768,0
95240,0
100524,0
11019,0
95922,0
224185,0
78044,0
174687,0
247436,0
190436,0
2537,0
128361,0
25763,0
62870,0
117077,0
99271,0
5952,0
40374,0
16083,0
44887,0
188240,0
84094,0
210873,0
217074,0
205289,0
137043,0
232438,0
130063,0
230449,0
119074,0
65753,0
219449,0
17273,0
222842,0
98528,0
90199,0
26481,0
188930,0
62646,0
235562,0
94411,0
139312,0
232627,0
201564,0
50137,0
159419,0
238936,0
145731,0
8395,0
214603,0
211611,0
41698,0
242035,0
124340,0
117178,0
92937,0
169671,0
68191,0
141773,0
218764,0
96836,0
231935,0
86371,0
36525,0
10658,0
16774,0
172513,0
41709,0
165126,0
42834,0
85954,0
89908,0
148628,0
185998,0
20061,0
242173,0
86883,0
202659,0
54076,0
221416,0
133029,0
140999,0
135666,0
223462,0
108648,0
203537,0
104379,0
215142,0
209155,0
6399,0
178878,0
221764,0
143445,0
241340,0
122892,0
170305,0
147035,0
158948,0
234114,0
243113,0
72660,0
118486,0
113979,0
62231,0
47356,0
127179,0
61115,0
19632,0
117337,0
126802,0
66111,0
172281,0
148280,0
34715,0
6267,0
170820,0
127344,0
146829,0
38969,0
53757,0
154910,0
232909,0
248057,0
82456,0
117480,0
126576,0
135980,0
166839,0
194030,0
102057,0
111589,0
46351,0
206144,0
71515,0
57734,0
52358,0
114097,0
54113,0
108389,0
86809,0
47603,0
141021,0
401,0
41659,0
186673,0
35214,0
146850,0
34878,0
137734,0
184507,0
98871,0
10020,0
150999,0
8561,0
92148,0
79353,0
35746,0
229059,0
59537,0
211229,0
82935,0
201960,0
145464,0
79136,0
218768,0
96671,0
178143,0
83390,0
193807,0
106199,0
67437,0
90779,0
249642,0
217112,0
103617,0
206416,0
151568,0
115776,0
162444,0
163457,0
150337,0
84298,0
244755,0
10666,0
169666,0
179140,0
73862,0
18846,0
204722,0
169754,0
27880,0
136517,0
192209,0
657,0
102570,0
230905,0
111828,0
227873,0
67527,0
214228,0
202719,0
66086,0
220612,0
150962,0
187732,0
211751,0
117123,0
91420,0
186613,0
41010,0
218427,0
39111,0
130342,0
96808,0
12753,0
114076,0
234351,0
239534,0
11117,0
44596,0
137667,0
241413,0
35448,0
168912,0
223179,0
30248,0
234214,0
58028,0
151793,0
30937,0
45971,0
208928,0
80728,0
29331,0
138820,0
61391,0
73603,0
139389,0
207141,0
175935,0
67915,0
71919,0
237904,0
35023,0
27590,0
18607,0
249278,0
106756,0
230993,0
193499,0
24511,0
67536,0
111410,0
42061,0
182278,0
210783,0
169232,0
14956,0
50452,0
49169,0
108554,0
179968,0
20333,0
164093,0
175860,0
26226,0
184148,0
208902,0
25496,0
139212,0
13492,0
154521,0
231000,0
61734,0
194235,0
178693,0
39576,0
197838,0
172269,0
53754,0
92070,0
193802,0
149903,0
173454,0
73852,0
79898,0
15304,0
126713,0
73707,0
14046,0
208474,0
83044,0
349,0
28898,0
45025,0
56774,0
142407,0
203385,0
28727,0
220020,0
115443,0
131452,0
110983,0
56199,0
17271,0
202516,0
60908,0
73403,0
208169,0
114575,0
58735,0
122271,0
168795,0
52847,0
169135,0
186022,0
38518,0
240404,0
86410,0
208708,0
188384,0
152151,0
8941,0
209313,0
116592,0
198149,0
97316,0
26161,0
198307,0
30281,0
190774,0
164000,0
113239,0
54046,0
191293,0
70887,0
11861,0
30098,0
68454,0
3848,0
99465,0
131676,0
209303,0
92435,0
87061,0
63563,0
47876,0
32189,0
151344,0
163907,0
112152,0
41044,0
196517,0
71406,0
105316,0
33278,0
90691,0
116224,0
162648,0
22495,0
16161,0
52316,0
65041,0
1558,0
127662,0
152495,0
224133,0
19298,0
165811,0
184440,0
235388,0
70516,0
155688,0
89862,0
109947,0
109131,0
14816,0
89769,0
71572,0
29176,0
143403,0
40180,0
211660,0
244077,0
43934,0
36077,0
143975,0
98612,0
7502,0
25275,0
115449,0
157034,0
88014,0
101432,0
148111,0
243922,0
3971,0
74687,0
65787,0
215817,0
234298,0
89183,0
85761,0
121876,0
174160,0
193457,0
220038,0
3655,0
99202,0
101935,0
86712,0
174194,0
148589,0
59213,0
207777,0
40967,0
179401,0
223589,0
17785,0
76055,0
204836,0
75935,0
193990,0
204991,0
18795,0
86864,0
145425,0
34608,0
226472,0
24196,0
244526,0
236530,0
146999,0
194665,0
61783,0
180773,0
214302,0
145885,0
170410,0
47727,0
158424,0
174893,0
162995,0
141114,0
216495,0
150556,0
214398,0
150588,0
3578,0
137961,0
137302,0
238581,0
116613,0
200396,0
234861,0
231485,0
16998,0
42319,0
33131,0
110714,0
125257,0
179897,0
163260,0
32362,0
83255,0
174028,0
205549,0
103942,0
134503,0
49822,0
173434,0
26802,0
89740,0
94360,0
186024,0
22260,0
81512,0
189796,0
145901,0
248199,0
116460,0
159481,0
146436,0
65057,0
183110,0
22990,0
32901,0
111448,0
98708,0
12674,0
54463,0
27983,0
91863,0
17612,0
101109,0
217084,0
170810,0
45194,0
4546,0
154287,0
128561,0
206583,0
7210,0
206632,0
48236,0
159519,0
113355,0
135866,0
84134,0
155920,0
223335,0
194957,0
23456,0
248979,0
168076,0
198468,0
5644,0
61225,0
202521,0
229081,0
125583,0
246067,0
147882,0
219410,0
127057,0
12947,0
182525,0
168882,0
190448,0
90058,0
33951,0
74409,0
57636,0
33836,0
132179,0
93693,0
2909,0
10029,0
176730,0
56205,0
219873,0
102445,0
9394,0
206698,0
42431,0
152342,0
52882,0
140029,0
76621,0
156608,0
89134,0
116767,0
25404,0
188154,0
233745,0
157630,0
117953,0
67225,0
92915,0
169760,0
132795,0
126573,0
187894,0
27911,0
70186,0
213634,0
202665,0
2361,0
154931,0
244349,0
247795,0
54116,0
28543,0
22782,0
133826,0
209590,0
128832,0
62859,0
202486,0
4779,0
163560,0
181596,0
131271,0
8910,0
95180,0
16604,0
170630,0
44705,0
173117,0
38115,0
42789,0
64876,0
111914,0
243629,0
117425,0
241802,0
25353,0
178897,0
234352,0
67048,0
22268,0
99098,0
131569,0
230760,0
105342,0
191928,0
20451,0
133041,0
237595,0
22521,0
75075,0
199520,0
46871,0
114828,0
167683,0
152174,0
35231,0
72602,0
169602,0
51225,0
86869,0
122306,0
52538,0
47826,0
141218,0
133311,0
49793,0
108629,0
200453,0
144607,0
60830,0
206699,0
50586,0
9298,0
187904,0
72514,0
179197,0
4221,0
92321,0
184639,0
54976,0
246661,0
187715,0
46756,0
169486,0
190217,0
83279,0
160569,0
82732,0
116725,0
227631,0
66079,0
107948,0
128179,0
74701,0
218353,0
74221,0
144913,0
160570,0
217987,0
116020,0
23282,0
238127,0
179098,0
103271,0
117758,0
91213,0
165436,0
183458,0
113934,0
96028,0
225751,0
81589,0
237794,0
114880,0
191167,0
51476,0
124344,0
126178,0
17488,0
26933,0
248110,0
40337,0
208569,0
206839,0
233568,0
74066,0
84864,0
173200,0
122776,0
97740,0
57875,0
131488,0
212341,0
7639,0
49782,0
135491,0
40488,0
114469,0
147845,0
80438,0
47748,0
15186,0
58278,0
60686,0
184612,0
196384,0
146406,0
95156,0
198406,0
148989,0
140221,0
214809,0
223414,0
226711,0
156927,0
88005,0
235858,0
172792,0
242967,0
135702,0
103828,0
67737,0
49194,0
178830,0
47784,0
220291,0
175462,0
147650,0
144573,0
61639,0
97929,0
52384,0
108184,0
95144,0
154241,0
97835,0
206259,0
37807,0
85604,0
232297,0
218802,0
100130,0
158574,0
131874,0
181043,0
211752,0
179439,0
58982,0
168687,0
26504,0
130666,0
232462,0
33414,0
60400,0
171496,0
239189,0
229063,0
52761,0
227497,0
138408,0
92803,0
140379,0
104615,0
122190,0
187179,0
142478,0
24167,0
75282,0
210860,0
173052,0
35,0
243197,0
92319,0
177915,0
69940,0
182847,0
166727,0
214615,0
81137,0
90622,0
239864,0
35142,0
82374,0
37840,0
236047,0
53207,0
232053,0
166628,0
105200,0
107234,0
117748,0
212263,0
134739,0
119565,0
174367,0
170734,0
74008,0
218107,0
69219,0
92114,0
218369,0
228516,0
65817,0
2898,0
216855,0
216066,0
203911,0
33840,0
215478,0
242384,0
176678,0
69795,0
163606,0
53614,0
198667,0
92367,0
159068,0
117188,0
4404,0
94947,0
101852,0
147933,0
221484,0
11029,0
193612,0
190963,0
34286,0
246810,0
12632,0
61996,0
146754,0
248853,0
91821,0
144169,0
143468,0
22643,0
17195,0
182845,0
85202,0
188740,0
231910,0
223847,0
41759,0
94624,0
70007,0
201437,0
211621,0
124440,0
135134,0
5957,0
110605,0
83919,0
35760,0
106417,0
153288,0
118733,0
249398,0
133044,0
185294,0
91943,0
52388,0
97004,0
46048,0
249970,0
237220,0
183601,0
94137,0
56502,0
127761,0
247515,0
242260,0
1235,0
5658,0
105801,0
123348,0
23056,0
192203,0
63779,0
15591,0
81100,0
30241,0
150502,0
16144,0
167239,0
245720,0
39684,0
249287,0
24965,0
134498,0
49486,0
206950,0
166339,0
131945,0
229042,0
94888,0
18280,0
199481,0
78362,0
222093,0
204182,0
102988,0
102556,0
100160,0
35803,0
155547,0
23211,0
67858,0
92040,0
221905,0
179626,0
198080,0
55953,0
209113,0
224143,0
192237,0
73284,0
166665,0
51410,0
161434,0
12486,0
184817,0
198596,0
134222,0
114077,0
237599,0
48689,0
94189,0
217895,0
94528,0
152391,0
84387,0
16339,0
182986,0
96897,0
151497,0
153370,0
223558,0
97452,0
157846,0
19290,0
242488,0
69435,0
230570,0
75013,0
14569,0
78069,0
210395,0
179545,0
222647,0
171823,0
135782,0
208380,0
